<?xml version="1.0" encoding="utf-8"?>
<resources>
    <style name="Base.TextAppearance.AppCompat.Widget.Button.Borderless.Colored" parent="android:TextAppearance.Material.Widget.Button.Borderless.Colored"/>
    <style name="Base.TextAppearance.AppCompat.Widget.Button.Colored" parent="android:TextAppearance.Material.Widget.Button.Colored"/>
    <style name="TextAppearance.AppCompat.Notification.Info.Media"/>
    <style name="TextAppearance.AppCompat.Notification.Media"/>
    <style name="TextAppearance.AppCompat.Notification.Time.Media"/>
    <style name="TextAppearance.AppCompat.Notification.Title.Media"/>
    <style name="TextAppearance.Compat.Notification.Info.Media"/>
    <style name="TextAppearance.Compat.Notification.Media"/>
    <style name="TextAppearance.Compat.Notification.Time.Media"/>
    <style name="TextAppearance.Compat.Notification.Title.Media"/>
</resources>