<?xml version="1.0" encoding="utf-8"?>
<manifest xmlns:android="http://schemas.android.com/apk/res/android"
    package="com.example.android.softwarespecifications"
    android:versionCode="1"
    android:versionName="1.0" >

    <uses-sdk
        android:minSdkVersion="15"
        android:targetSdkVersion="26" />

    <!-- To auto-complete the email text field in the login form with the user's emails -->
    <uses-permission android:name="android.permission.GET_ACCOUNTS" />
    <uses-permission android:name="android.permission.READ_PROFILE" />
    <uses-permission android:name="android.permission.READ_CONTACTS" />
    <!--
         The ACCESS_COARSE/FINE_LOCATION permissions are not required to use
         Google Maps Android API v2, but you must specify either coarse or fine
         location permissions for the 'MyLocation' functionality.
    -->
    <uses-permission android:name="android.permission.ACCESS_FINE_LOCATION" />
    <uses-permission android:name="android.permission.MANAGE_DOCUMENTS" />
    <uses-permission android:name="android.permission.READ_EXTERNAL_STORAGE" />

    <!-- Include required permissions for Google Maps API to run. -->
    <uses-permission android:name="android.permission.ACCESS_NETWORK_STATE" />
    <uses-permission android:name="android.permission.INTERNET" />

    <uses-feature
        android:glEsVersion="0x00020000"
        android:required="true" />

    <application
        android:allowBackup="true"
        android:debuggable="true"
        android:icon="@mipmap/ic_launcher"
        android:label="@string/app_name"
        android:roundIcon="@mipmap/ic_launcher_round"
        android:supportsRtl="true"
        android:testOnly="true"
        android:theme="@style/AppTheme" >
        <activity android:name="com.example.android.softwarespecifications.MainActivity" >
            <intent-filter>
                <action android:name="android.intent.action.MAIN" />

                <category android:name="android.intent.category.LAUNCHER" />
            </intent-filter>
        </activity>
        <activity android:name="com.example.android.softwarespecifications.HomeActivity" />
        <activity android:name="com.example.android.softwarespecifications.CreateEntry" />
        <activity android:name="com.example.android.softwarespecifications.EditEntry" />
        <activity android:name="com.example.android.softwarespecifications.Login" />
        <activity android:name="com.example.android.softwarespecifications.Tournament" />
        <activity android:name="com.example.android.softwarespecifications.SearchandView" />
        <!--
     The API key for Google Maps-based APIs is defined as a string resource.
     (See the file "res/values/google_maps_api.xml").
     Note that the API key is linked to the encryption key used to sign the APK.
     You need a different API key for each encryption key, including the release key that is used to
     sign the APK for publishing.
     You can define the keys for the debug and release targets in src/debug/ and src/release/.
        -->
        <meta-data
            android:name="com.google.android.geo.API_KEY"
            android:value="@string/google_maps_key" />

        <activity
            android:name="com.example.android.softwarespecifications.MapsActivity"
            android:label="@string/title_activity_maps" />
        <activity
            android:name="com.example.android.softwarespecifications.ListActivity"
            android:label="@string/title_activity_list"
            android:theme="@style/AppTheme.NoActionBar" />

        <meta-data
            android:name="android.support.VERSION"
            android:value="26.1.0" />

        <activity
            android:name="com.google.android.gms.common.api.GoogleApiActivity"
            android:exported="false"
            android:theme="@android:style/Theme.Translucent.NoTitleBar" />

        <meta-data
            android:name="com.google.android.gms.version"
            android:value="@integer/google_play_services_version" />
        <meta-data
            android:name="android.arch.lifecycle.VERSION"
            android:value="27.0.0-SNAPSHOT" />

        <provider
            android:name="com.android.tools.ir.server.InstantRunContentProvider"
            android:authorities="com.example.android.softwarespecifications.com.android.tools.ir.server.InstantRunContentProvider"
            android:multiprocess="true" />
    </application>

</manifest>