[{"name":"com.android.support:appcompat-v7:26.1.0","index":0,"scopes":["EXTERNAL_LIBRARIES"],"types":["DEX_ARCHIVE"],"format":"JAR","present":true},{"name":"com.android.support.constraint:constraint-layout:1.0.2","index":1,"scopes":["EXTERNAL_LIBRARIES"],"types":["DEX_ARCHIVE"],"format":"JAR","present":true},{"name":"com.android.support:animated-vector-drawable:26.1.0","index":2,"scopes":["EXTERNAL_LIBRARIES"],"types":["DEX_ARCHIVE"],"format":"JAR","present":true},{"name":"com.android.support:support-vector-drawable:26.1.0","index":3,"scopes":["EXTERNAL_LIBRARIES"],"types":["DEX_ARCHIVE"],"format":"JAR","present":true},{"name":"com.android.support:support-v4:26.1.0","index":4,"scopes":["EXTERNAL_LIBRARIES"],"types":["DEX_ARCHIVE"],"format":"JAR","present":true},{"name":"com.android.support:support-media-compat:26.1.0","index":5,"scopes":["EXTERNAL_LIBRARIES"],"types":["DEX_ARCHIVE"],"format":"JAR","present":true},{"name":"com.android.support:support-fragment:26.1.0","index":6,"scopes":["EXTERNAL_LIBRARIES"],"types":["DEX_ARCHIVE"],"format":"JAR","present":true},{"name":"com.android.support:support-core-utils:26.1.0","index":7,"scopes":["EXTERNAL_LIBRARIES"],"types":["DEX_ARCHIVE"],"format":"JAR","present":true},{"name":"com.android.support:support-core-ui:26.1.0","index":8,"scopes":["EXTERNAL_LIBRARIES"],"types":["DEX_ARCHIVE"],"format":"JAR","present":true},{"name":"com.android.support:support-compat:26.1.0","index":9,"scopes":["EXTERNAL_LIBRARIES"],"types":["DEX_ARCHIVE"],"format":"JAR","present":true},{"name":"com.android.support:support-annotations:26.1.0","index":10,"scopes":["EXTERNAL_LIBRARIES"],"types":["DEX_ARCHIVE"],"format":"JAR","present":true},{"name":"com.android.support.constraint:constraint-layout-solver:1.0.2","index":11,"scopes":["EXTERNAL_LIBRARIES"],"types":["DEX_ARCHIVE"],"format":"JAR","present":true},{"name":"android.arch.lifecycle:runtime:1.0.0","index":12,"scopes":["EXTERNAL_LIBRARIES"],"types":["DEX_ARCHIVE"],"format":"JAR","present":true},{"name":"android.arch.lifecycle:common:1.0.0","index":13,"scopes":["EXTERNAL_LIBRARIES"],"types":["DEX_ARCHIVE"],"format":"JAR","present":true},{"name":"android.arch.core:common:1.0.0","index":14,"scopes":["EXTERNAL_LIBRARIES"],"types":["DEX_ARCHIVE"],"format":"JAR","present":true},{"name":"slice_0","index":25,"scopes":["PROJECT","SUB_PROJECTS"],"types":["DEX_ARCHIVE"],"format":"DIRECTORY","present":true},{"name":"slice_1","index":26,"scopes":["PROJECT","SUB_PROJECTS"],"types":["DEX_ARCHIVE"],"format":"DIRECTORY","present":true},{"name":"slice_2","index":27,"scopes":["PROJECT","SUB_PROJECTS"],"types":["DEX_ARCHIVE"],"format":"DIRECTORY","present":true},{"name":"slice_3","index":28,"scopes":["PROJECT","SUB_PROJECTS"],"types":["DEX_ARCHIVE"],"format":"DIRECTORY","present":true},{"name":"slice_4","index":29,"scopes":["PROJECT","SUB_PROJECTS"],"types":["DEX_ARCHIVE"],"format":"DIRECTORY","present":true},{"name":"slice_5","index":30,"scopes":["PROJECT","SUB_PROJECTS"],"types":["DEX_ARCHIVE"],"format":"DIRECTORY","present":true},{"name":"slice_6","index":31,"scopes":["PROJECT","SUB_PROJECTS"],"types":["DEX_ARCHIVE"],"format":"DIRECTORY","present":true},{"name":"slice_7","index":32,"scopes":["PROJECT","SUB_PROJECTS"],"types":["DEX_ARCHIVE"],"format":"DIRECTORY","present":true},{"name":"slice_8","index":33,"scopes":["PROJECT","SUB_PROJECTS"],"types":["DEX_ARCHIVE"],"format":"DIRECTORY","present":true},{"name":"slice_9","index":34,"scopes":["PROJECT","SUB_PROJECTS"],"types":["DEX_ARCHIVE"],"format":"DIRECTORY","present":true},{"name":"com.android.support:design:26.1.0","index":52,"scopes":["EXTERNAL_LIBRARIES"],"types":["DEX_ARCHIVE"],"format":"JAR","present":true},{"name":"com.google.android.gms:play-services-maps:11.8.0","index":53,"scopes":["EXTERNAL_LIBRARIES"],"types":["DEX_ARCHIVE"],"format":"JAR","present":true},{"name":"com.android.support:recyclerview-v7:26.1.0","index":54,"scopes":["EXTERNAL_LIBRARIES"],"types":["DEX_ARCHIVE"],"format":"JAR","present":true},{"name":"com.android.support:transition:26.1.0","index":55,"scopes":["EXTERNAL_LIBRARIES"],"types":["DEX_ARCHIVE"],"format":"JAR","present":true},{"name":"com.google.android.gms:play-services-base:11.8.0","index":56,"scopes":["EXTERNAL_LIBRARIES"],"types":["DEX_ARCHIVE"],"format":"JAR","present":true},{"name":"com.google.android.gms:play-services-tasks:11.8.0","index":57,"scopes":["EXTERNAL_LIBRARIES"],"types":["DEX_ARCHIVE"],"format":"JAR","present":true},{"name":"com.google.android.gms:play-services-basement:11.8.0","index":58,"scopes":["EXTERNAL_LIBRARIES"],"types":["DEX_ARCHIVE"],"format":"JAR","present":true},{"name":"com.google.android.gms:play-services-maps-license:11.8.0","index":59,"scopes":["EXTERNAL_LIBRARIES"],"types":["DEX_ARCHIVE"],"format":"JAR","present":true},{"name":"com.google.android.gms:play-services-base-license:11.8.0","index":60,"scopes":["EXTERNAL_LIBRARIES"],"types":["DEX_ARCHIVE"],"format":"JAR","present":true},{"name":"com.google.android.gms:play-services-basement-license:11.8.0","index":61,"scopes":["EXTERNAL_LIBRARIES"],"types":["DEX_ARCHIVE"],"format":"JAR","present":true},{"name":"com.google.android.gms:play-services-tasks-license:11.8.0","index":62,"scopes":["EXTERNAL_LIBRARIES"],"types":["DEX_ARCHIVE"],"format":"JAR","present":true},{"name":"5292e3fc448d19d688db4dac8a86cc2e901a2850-0","index":63,"scopes":["MAIN_SPLIT"],"types":["DEX_ARCHIVE"],"format":"JAR","present":true},{"name":"5292e3fc448d19d688db4dac8a86cc2e901a2850-1","index":64,"scopes":["MAIN_SPLIT"],"types":["DEX_ARCHIVE"],"format":"JAR","present":true},{"name":"5292e3fc448d19d688db4dac8a86cc2e901a2850-2","index":65,"scopes":["MAIN_SPLIT"],"types":["DEX_ARCHIVE"],"format":"JAR","present":true},{"name":"5292e3fc448d19d688db4dac8a86cc2e901a2850-3","index":66,"scopes":["MAIN_SPLIT"],"types":["DEX_ARCHIVE"],"format":"JAR","present":true},{"name":"5292e3fc448d19d688db4dac8a86cc2e901a2850-4","index":67,"scopes":["MAIN_SPLIT"],"types":["DEX_ARCHIVE"],"format":"JAR","present":true},{"name":"85889be4df229ce09a6a8f631326d10ed59bb1cc-1","index":69,"scopes":["MAIN_SPLIT"],"types":["DEX_ARCHIVE"],"format":"JAR","present":true}]