[{"name":"slice_0","index":0,"scopes":["PROJECT","SUB_PROJECTS"],"types":["DEX"],"format":"DIRECTORY","present":true},{"name":"slice_1","index":1,"scopes":["PROJECT","SUB_PROJECTS"],"types":["DEX"],"format":"DIRECTORY","present":true},{"name":"slice_2","index":2,"scopes":["PROJECT","SUB_PROJECTS"],"types":["DEX"],"format":"DIRECTORY","present":true},{"name":"slice_3","index":3,"scopes":["PROJECT","SUB_PROJECTS"],"types":["DEX"],"format":"DIRECTORY","present":true},{"name":"slice_4","index":4,"scopes":["PROJECT","SUB_PROJECTS"],"types":["DEX"],"format":"DIRECTORY","present":true},{"name":"slice_5","index":5,"scopes":["PROJECT","SUB_PROJECTS"],"types":["DEX"],"format":"DIRECTORY","present":true},{"name":"slice_6","index":6,"scopes":["PROJECT","SUB_PROJECTS"],"types":["DEX"],"format":"DIRECTORY","present":true},{"name":"slice_7","index":7,"scopes":["PROJECT","SUB_PROJECTS"],"types":["DEX"],"format":"DIRECTORY","present":true},{"name":"slice_8","index":8,"scopes":["PROJECT","SUB_PROJECTS"],"types":["DEX"],"format":"DIRECTORY","present":true},{"name":"slice_9","index":9,"scopes":["PROJECT","SUB_PROJECTS"],"types":["DEX"],"format":"DIRECTORY","present":true},{"name":"main","index":10,"scopes":["EXTERNAL_LIBRARIES"],"types":["DEX"],"format":"DIRECTORY","present":true},{"name":"externalLibs","index":17,"scopes":["EXTERNAL_LIBRARIES"],"types":["DEX"],"format":"DIRECTORY","present":true},{"name":"5292e3fc448d19d688db4dac8a86cc2e901a2850-0","index":18,"scopes":["MAIN_SPLIT"],"types":["DEX"],"format":"DIRECTORY","present":true},{"name":"5292e3fc448d19d688db4dac8a86cc2e901a2850-1","index":19,"scopes":["MAIN_SPLIT"],"types":["DEX"],"format":"DIRECTORY","present":true},{"name":"5292e3fc448d19d688db4dac8a86cc2e901a2850-2","index":20,"scopes":["MAIN_SPLIT"],"types":["DEX"],"format":"DIRECTORY","present":true},{"name":"5292e3fc448d19d688db4dac8a86cc2e901a2850-3","index":21,"scopes":["MAIN_SPLIT"],"types":["DEX"],"format":"DIRECTORY","present":true},{"name":"5292e3fc448d19d688db4dac8a86cc2e901a2850-4","index":22,"scopes":["MAIN_SPLIT"],"types":["DEX"],"format":"DIRECTORY","present":true},{"name":"85889be4df229ce09a6a8f631326d10ed59bb1cc-1","index":23,"scopes":["MAIN_SPLIT"],"types":["DEX"],"format":"DIRECTORY","present":true}]