{
    "logs": [
        {
            "outputFile": "C:\\Users\\rache\\AndroidStudioProjects\\SoftwareSpecifications\\app\\build\\intermediates\\incremental\\mergeDebugAndroidTestResources\\merged.dir\\values-zh-rTW\\values-zh-rTW.xml",
            "map": [
                {
                    "source": "C:\\Users\\rache\\.gradle\\caches\\transforms-1\\files-1.1\\play-services-basement-11.8.0.aar\\4156095f54a5b056d692bcb2b851cc07\\res\\values-zh-rTW\\values.xml",
                    "from": {
                        "startLines": "4",
                        "startColumns": "0",
                        "startOffsets": "287",
                        "endColumns": "161",
                        "endOffsets": "448"
                    },
                    "to": {
                        "startLines": "29",
                        "startColumns": "4",
                        "startOffsets": "2948",
                        "endColumns": "161",
                        "endOffsets": "3105"
                    }
                },
                {
                    "source": "C:\\Users\\rache\\.gradle\\caches\\transforms-1\\files-1.1\\play-services-base-11.8.0.aar\\f2632959cf334c052a45ac2e6c89af48\\res\\values-zh-rTW\\values.xml",
                    "from": {
                        "startLines": "4,5,6,7,8,9,10,11,12,13,14,15,16,17,18,19,20",
                        "startColumns": "0,0,0,0,0,0,0,0,0,0,0,0,0,0,0,0,0",
                        "startOffsets": "285,384,544,657,757,923,1037,1163,1283,1452,1551,1711,1824,1985,2119,2201,2284",
                        "endColumns": "98,159,112,99,165,113,125,119,168,98,159,112,160,133,81,82,98",
                        "endOffsets": "383,543,656,756,922,1036,1162,1282,1451,1550,1710,1823,1984,2118,2200,2283,2382"
                    },
                    "to": {
                        "startLines": "21,22,23,24,25,26,27,28,30,31,32,33,34,35,36,37,38",
                        "startColumns": "4,4,4,4,4,4,4,4,4,4,4,4,4,4,4,4,4",
                        "startOffsets": "1926,2029,2189,2306,2410,2576,2694,2824,3110,3279,3382,3542,3659,3820,3958,4044,4131",
                        "endColumns": "102,159,116,103,165,117,129,123,168,102,159,116,160,137,85,86,102",
                        "endOffsets": "2024,2184,2301,2405,2571,2689,2819,2943,3274,3377,3537,3654,3815,3953,4039,4126,4229"
                    }
                },
                {
                    "source": "C:\\Users\\rache\\.gradle\\caches\\transforms-1\\files-1.1\\appcompat-v7-26.1.0.aar\\090f1e383135fa7a576715b6cc6d265b\\res\\values-zh-rTW\\values-zh-rTW.xml",
                    "from": {
                        "startLines": "2,3,4,5,6,7,8,9,10,11,12,13,14,15,16,17,18,19,20,21,22",
                        "startColumns": "4,4,4,4,4,4,4,4,4,4,4,4,4,4,4,4,4,4,4,4,4",
                        "startOffsets": "55,150,257,380,473,573,655,752,860,936,1012,1090,1186,1282,1377,1474,1569,1669,1782,1876,1954",
                        "endColumns": "94,106,122,92,99,81,96,107,75,75,77,95,95,94,96,94,99,112,93,77,100",
                        "endOffsets": "145,252,375,468,568,650,747,855,931,1007,1085,1181,1277,1372,1469,1564,1664,1777,1871,1949,2050"
                    },
                    "to": {
                        "startLines": "2,3,4,5,6,7,8,9,10,11,12,13,14,15,16,17,18,19,20,39,40",
                        "startColumns": "4,4,4,4,4,4,4,4,4,4,4,4,4,4,4,4,4,4,4,4,4",
                        "startOffsets": "105,200,307,430,523,623,705,802,910,986,1062,1140,1236,1332,1427,1524,1619,1719,1832,4234,4312",
                        "endColumns": "94,106,122,92,99,81,96,107,75,75,77,95,95,94,96,94,99,112,93,77,100",
                        "endOffsets": "195,302,425,518,618,700,797,905,981,1057,1135,1231,1327,1422,1519,1614,1714,1827,1921,4307,4408"
                    }
                }
            ]
        },
        {
            "outputFile": "C:\\Users\\Daniel\\AndroidStudioProjects\\SoftwareSpecifications\\app\\build\\intermediates\\incremental\\mergeDebugAndroidTestResources\\merged.dir\\values-zh-rTW\\values-zh-rTW.xml",
            "map": [
                {
                    "source": "C:\\Users\\Daniel\\.gradle\\caches\\transforms-1\\files-1.1\\play-services-base-11.8.0.aar\\aee9d84feeba86acb0e68eb689ed1b20\\res\\values-zh-rTW\\values.xml",
                    "from": {
                        "startLines": "4,5,6,7,8,9,10,11,12,13,14,15,16,17,18,19,20",
                        "startColumns": "0,0,0,0,0,0,0,0,0,0,0,0,0,0,0,0,0",
                        "startOffsets": "285,384,544,657,757,923,1037,1163,1283,1452,1551,1711,1824,1985,2119,2201,2284",
                        "endColumns": "98,159,112,99,165,113,125,119,168,98,159,112,160,133,81,82,98",
                        "endOffsets": "383,543,656,756,922,1036,1162,1282,1451,1550,1710,1823,1984,2118,2200,2283,2382"
                    },
                    "to": {
                        "startLines": "21,22,23,24,25,26,27,28,30,31,32,33,34,35,36,37,38",
                        "startColumns": "4,4,4,4,4,4,4,4,4,4,4,4,4,4,4,4,4",
                        "startOffsets": "1926,2029,2189,2306,2410,2576,2694,2824,3110,3279,3382,3542,3659,3820,3958,4044,4131",
                        "endColumns": "102,159,116,103,165,117,129,123,168,102,159,116,160,137,85,86,102",
                        "endOffsets": "2024,2184,2301,2405,2571,2689,2819,2943,3274,3377,3537,3654,3815,3953,4039,4126,4229"
                    }
                },
                {
                    "source": "C:\\Users\\Daniel\\.gradle\\caches\\transforms-1\\files-1.1\\play-services-basement-11.8.0.aar\\b0e8a5874481ea38051cd2d8a9724518\\res\\values-zh-rTW\\values.xml",
                    "from": {
                        "startLines": "4",
                        "startColumns": "0",
                        "startOffsets": "287",
                        "endColumns": "161",
                        "endOffsets": "448"
                    },
                    "to": {
                        "startLines": "29",
                        "startColumns": "4",
                        "startOffsets": "2948",
                        "endColumns": "161",
                        "endOffsets": "3105"
                    }
                },
                {
                    "source": "C:\\Users\\Daniel\\.gradle\\caches\\transforms-1\\files-1.1\\appcompat-v7-26.1.0.aar\\1f600b1218903c988bc8afd8c35bad62\\res\\values-zh-rTW\\values-zh-rTW.xml",
                    "from": {
                        "startLines": "2,3,4,5,6,7,8,9,10,11,12,13,14,15,16,17,18,19,20,21,22",
                        "startColumns": "4,4,4,4,4,4,4,4,4,4,4,4,4,4,4,4,4,4,4,4,4",
                        "startOffsets": "55,150,257,380,473,573,655,752,860,936,1012,1090,1186,1282,1377,1474,1569,1669,1782,1876,1954",
                        "endColumns": "94,106,122,92,99,81,96,107,75,75,77,95,95,94,96,94,99,112,93,77,100",
                        "endOffsets": "145,252,375,468,568,650,747,855,931,1007,1085,1181,1277,1372,1469,1564,1664,1777,1871,1949,2050"
                    },
                    "to": {
                        "startLines": "2,3,4,5,6,7,8,9,10,11,12,13,14,15,16,17,18,19,20,39,40",
                        "startColumns": "4,4,4,4,4,4,4,4,4,4,4,4,4,4,4,4,4,4,4,4,4",
                        "startOffsets": "105,200,307,430,523,623,705,802,910,986,1062,1140,1236,1332,1427,1524,1619,1719,1832,4234,4312",
                        "endColumns": "94,106,122,92,99,81,96,107,75,75,77,95,95,94,96,94,99,112,93,77,100",
                        "endOffsets": "195,302,425,518,618,700,797,905,981,1057,1135,1231,1327,1422,1519,1614,1714,1827,1921,4307,4408"
                    }
                }
            ]
        }
    ]
}