{
    "logs": [
        {
            "outputFile": "C:\\Users\\Daniel\\AndroidStudioProjects\\SoftwareSpecifications\\app\\build\\intermediates\\incremental\\mergeDebugAndroidTestResources\\merged.dir\\values-v12\\values-v12.xml",
            "map": [
                {
                    "source": "C:\\Users\\Daniel\\.gradle\\caches\\transforms-1\\files-1.1\\appcompat-v7-26.1.0.aar\\1f600b1218903c988bc8afd8c35bad62\\res\\values-v12\\values-v12.xml",
                    "from": {
                        "startLines": "2,5,8,9",
                        "startColumns": "4,4,4,4",
                        "startOffsets": "55,279,479,598",
                        "endLines": "4,7,8,9",
                        "endColumns": "12,12,118,94",
                        "endOffsets": "274,474,593,688"
                    }
                }
            ]
        },
        {
            "outputFile": "C:\\Users\\rache\\AndroidStudioProjects\\SoftwareSpecifications\\app\\build\\intermediates\\incremental\\mergeDebugAndroidTestResources\\merged.dir\\values-v12\\values-v12.xml",
            "map": [
                {
                    "source": "C:\\Users\\rache\\.gradle\\caches\\transforms-1\\files-1.1\\appcompat-v7-26.1.0.aar\\090f1e383135fa7a576715b6cc6d265b\\res\\values-v12\\values-v12.xml",
                    "from": {
                        "startLines": "2,5,8,9",
                        "startColumns": "4,4,4,4",
                        "startOffsets": "55,279,479,598",
                        "endLines": "4,7,8,9",
                        "endColumns": "12,12,118,94",
                        "endOffsets": "274,474,593,688"
                    }
                }
            ]
        }
    ]
}