{
    "logs": [
        {
            "outputFile": "C:\\Users\\rache\\AndroidStudioProjects\\SoftwareSpecifications\\app\\build\\intermediates\\incremental\\mergeDebugAndroidTestResources\\merged.dir\\values-ta\\values-ta.xml",
            "map": [
                {
                    "source": "C:\\Users\\rache\\.gradle\\caches\\transforms-1\\files-1.1\\play-services-base-11.8.0.aar\\f2632959cf334c052a45ac2e6c89af48\\res\\values-ta\\values.xml",
                    "from": {
                        "startLines": "4,5,6,7,8,9,10,11,12,13,14,15,16,17,18,19,20",
                        "startColumns": "0,0,0,0,0,0,0,0,0,0,0,0,0,0,0,0,0",
                        "startOffsets": "281,384,568,693,797,1008,1134,1273,1399,1641,1746,1930,2063,2276,2458,2546,2635",
                        "endColumns": "102,183,124,103,210,125,138,125,241,104,183,132,212,181,87,88,105",
                        "endOffsets": "383,567,692,796,1007,1133,1272,1398,1640,1745,1929,2062,2275,2457,2545,2634,2740"
                    },
                    "to": {
                        "startLines": "21,22,23,24,25,26,27,28,30,31,32,33,34,35,36,37,38",
                        "startColumns": "4,4,4,4,4,4,4,4,4,4,4,4,4,4,4,4,4",
                        "startOffsets": "2076,2183,2367,2496,2604,2815,2945,3088,3443,3685,3794,3978,4115,4328,4514,4606,4699",
                        "endColumns": "106,183,128,107,210,129,142,129,241,108,183,136,212,185,91,92,109",
                        "endOffsets": "2178,2362,2491,2599,2810,2940,3083,3213,3680,3789,3973,4110,4323,4509,4601,4694,4804"
                    }
                },
                {
                    "source": "C:\\Users\\rache\\.gradle\\caches\\transforms-1\\files-1.1\\play-services-basement-11.8.0.aar\\4156095f54a5b056d692bcb2b851cc07\\res\\values-ta\\values.xml",
                    "from": {
                        "startLines": "4",
                        "startColumns": "0",
                        "startOffsets": "283",
                        "endColumns": "224",
                        "endOffsets": "507"
                    },
                    "to": {
                        "startLines": "29",
                        "startColumns": "4",
                        "startOffsets": "3218",
                        "endColumns": "224",
                        "endOffsets": "3438"
                    }
                },
                {
                    "source": "C:\\Users\\rache\\.gradle\\caches\\transforms-1\\files-1.1\\appcompat-v7-26.1.0.aar\\090f1e383135fa7a576715b6cc6d265b\\res\\values-ta\\values-ta.xml",
                    "from": {
                        "startLines": "2,3,4,5,6,7,8,9,10,11,12,13,14,15,16,17,18,19,20,21,22",
                        "startColumns": "4,4,4,4,4,4,4,4,4,4,4,4,4,4,4,4,4,4,4,4,4",
                        "startOffsets": "55,169,277,400,505,620,709,816,942,1023,1103,1185,1287,1391,1488,1598,1700,1807,1926,2026,2106",
                        "endColumns": "113,107,122,104,114,88,106,125,80,79,81,101,103,96,109,101,106,118,99,79,100",
                        "endOffsets": "164,272,395,500,615,704,811,937,1018,1098,1180,1282,1386,1483,1593,1695,1802,1921,2021,2101,2202"
                    },
                    "to": {
                        "startLines": "2,3,4,5,6,7,8,9,10,11,12,13,14,15,16,17,18,19,20,39,40",
                        "startColumns": "4,4,4,4,4,4,4,4,4,4,4,4,4,4,4,4,4,4,4,4,4",
                        "startOffsets": "105,219,327,450,555,670,759,866,992,1073,1153,1235,1337,1441,1538,1648,1750,1857,1976,4809,4889",
                        "endColumns": "113,107,122,104,114,88,106,125,80,79,81,101,103,96,109,101,106,118,99,79,100",
                        "endOffsets": "214,322,445,550,665,754,861,987,1068,1148,1230,1332,1436,1533,1643,1745,1852,1971,2071,4884,4985"
                    }
                }
            ]
        },
        {
            "outputFile": "C:\\Users\\Daniel\\AndroidStudioProjects\\SoftwareSpecifications\\app\\build\\intermediates\\incremental\\mergeDebugAndroidTestResources\\merged.dir\\values-ta\\values-ta.xml",
            "map": [
                {
                    "source": "C:\\Users\\Daniel\\.gradle\\caches\\transforms-1\\files-1.1\\appcompat-v7-26.1.0.aar\\1f600b1218903c988bc8afd8c35bad62\\res\\values-ta\\values-ta.xml",
                    "from": {
                        "startLines": "2,3,4,5,6,7,8,9,10,11,12,13,14,15,16,17,18,19,20,21,22",
                        "startColumns": "4,4,4,4,4,4,4,4,4,4,4,4,4,4,4,4,4,4,4,4,4",
                        "startOffsets": "55,169,277,400,505,620,709,816,942,1023,1103,1185,1287,1391,1488,1598,1700,1807,1926,2026,2106",
                        "endColumns": "113,107,122,104,114,88,106,125,80,79,81,101,103,96,109,101,106,118,99,79,100",
                        "endOffsets": "164,272,395,500,615,704,811,937,1018,1098,1180,1282,1386,1483,1593,1695,1802,1921,2021,2101,2202"
                    },
                    "to": {
                        "startLines": "2,3,4,5,6,7,8,9,10,11,12,13,14,15,16,17,18,19,20,39,40",
                        "startColumns": "4,4,4,4,4,4,4,4,4,4,4,4,4,4,4,4,4,4,4,4,4",
                        "startOffsets": "105,219,327,450,555,670,759,866,992,1073,1153,1235,1337,1441,1538,1648,1750,1857,1976,4809,4889",
                        "endColumns": "113,107,122,104,114,88,106,125,80,79,81,101,103,96,109,101,106,118,99,79,100",
                        "endOffsets": "214,322,445,550,665,754,861,987,1068,1148,1230,1332,1436,1533,1643,1745,1852,1971,2071,4884,4985"
                    }
                },
                {
                    "source": "C:\\Users\\Daniel\\.gradle\\caches\\transforms-1\\files-1.1\\play-services-base-11.8.0.aar\\aee9d84feeba86acb0e68eb689ed1b20\\res\\values-ta\\values.xml",
                    "from": {
                        "startLines": "4,5,6,7,8,9,10,11,12,13,14,15,16,17,18,19,20",
                        "startColumns": "0,0,0,0,0,0,0,0,0,0,0,0,0,0,0,0,0",
                        "startOffsets": "281,384,568,693,797,1008,1134,1273,1399,1641,1746,1930,2063,2276,2458,2546,2635",
                        "endColumns": "102,183,124,103,210,125,138,125,241,104,183,132,212,181,87,88,105",
                        "endOffsets": "383,567,692,796,1007,1133,1272,1398,1640,1745,1929,2062,2275,2457,2545,2634,2740"
                    },
                    "to": {
                        "startLines": "21,22,23,24,25,26,27,28,30,31,32,33,34,35,36,37,38",
                        "startColumns": "4,4,4,4,4,4,4,4,4,4,4,4,4,4,4,4,4",
                        "startOffsets": "2076,2183,2367,2496,2604,2815,2945,3088,3443,3685,3794,3978,4115,4328,4514,4606,4699",
                        "endColumns": "106,183,128,107,210,129,142,129,241,108,183,136,212,185,91,92,109",
                        "endOffsets": "2178,2362,2491,2599,2810,2940,3083,3213,3680,3789,3973,4110,4323,4509,4601,4694,4804"
                    }
                },
                {
                    "source": "C:\\Users\\Daniel\\.gradle\\caches\\transforms-1\\files-1.1\\play-services-basement-11.8.0.aar\\b0e8a5874481ea38051cd2d8a9724518\\res\\values-ta\\values.xml",
                    "from": {
                        "startLines": "4",
                        "startColumns": "0",
                        "startOffsets": "283",
                        "endColumns": "224",
                        "endOffsets": "507"
                    },
                    "to": {
                        "startLines": "29",
                        "startColumns": "4",
                        "startOffsets": "3218",
                        "endColumns": "224",
                        "endOffsets": "3438"
                    }
                }
            ]
        }
    ]
}