{
    "logs": [
        {
            "outputFile": "C:\\Users\\Daniel\\AndroidStudioProjects\\SoftwareSpecifications\\app\\build\\intermediates\\incremental\\mergeDebugAndroidTestResources\\merged.dir\\values-in\\values-in.xml",
            "map": [
                {
                    "source": "C:\\Users\\Daniel\\.gradle\\caches\\transforms-1\\files-1.1\\appcompat-v7-26.1.0.aar\\1f600b1218903c988bc8afd8c35bad62\\res\\values-in\\values-in.xml",
                    "from": {
                        "startLines": "2,3,4,5,6,7,8,9,10,11,12,13,14,15,16,17,18,19,20,21,22",
                        "startColumns": "4,4,4,4,4,4,4,4,4,4,4,4,4,4,4,4,4,4,4,4,4",
                        "startOffsets": "55,165,273,396,498,603,690,794,910,992,1071,1157,1260,1369,1470,1574,1682,1790,1913,2012,2096",
                        "endColumns": "109,107,122,101,104,86,103,115,81,78,85,102,108,100,103,107,107,122,98,83,100",
                        "endOffsets": "160,268,391,493,598,685,789,905,987,1066,1152,1255,1364,1465,1569,1677,1785,1908,2007,2091,2192"
                    },
                    "to": {
                        "startLines": "2,3,4,5,6,7,8,9,10,11,12,13,14,15,16,17,18,19,20,39,40",
                        "startColumns": "4,4,4,4,4,4,4,4,4,4,4,4,4,4,4,4,4,4,4,4,4",
                        "startOffsets": "105,215,323,446,548,653,740,844,960,1042,1121,1207,1310,1419,1520,1624,1732,1840,1963,4752,4836",
                        "endColumns": "109,107,122,101,104,86,103,115,81,78,85,102,108,100,103,107,107,122,98,83,100",
                        "endOffsets": "210,318,441,543,648,735,839,955,1037,1116,1202,1305,1414,1515,1619,1727,1835,1958,2057,4831,4932"
                    }
                },
                {
                    "source": "C:\\Users\\Daniel\\.gradle\\caches\\transforms-1\\files-1.1\\play-services-base-11.8.0.aar\\aee9d84feeba86acb0e68eb689ed1b20\\res\\values-in\\values.xml",
                    "from": {
                        "startLines": "4,5,6,7,8,9,10,11,12,13,14,15,16,17,18,19,20",
                        "startColumns": "0,0,0,0,0,0,0,0,0,0,0,0,0,0,0,0,0",
                        "startOffsets": "281,386,582,706,810,1024,1149,1290,1421,1646,1749,1944,2068,2282,2452,2542,2628",
                        "endColumns": "104,195,123,103,213,124,140,130,224,102,194,123,213,169,89,85,103",
                        "endOffsets": "385,581,705,809,1023,1148,1289,1420,1645,1748,1943,2067,2281,2451,2541,2627,2731"
                    },
                    "to": {
                        "startLines": "21,22,23,24,25,26,27,28,30,31,32,33,34,35,36,37,38",
                        "startColumns": "4,4,4,4,4,4,4,4,4,4,4,4,4,4,4,4,4",
                        "startOffsets": "2062,2171,2367,2495,2603,2817,2946,3091,3417,3642,3749,3944,4072,4286,4460,4554,4644",
                        "endColumns": "108,195,127,107,213,128,144,134,224,106,194,127,213,173,93,89,107",
                        "endOffsets": "2166,2362,2490,2598,2812,2941,3086,3221,3637,3744,3939,4067,4281,4455,4549,4639,4747"
                    }
                },
                {
                    "source": "C:\\Users\\Daniel\\.gradle\\caches\\transforms-1\\files-1.1\\play-services-basement-11.8.0.aar\\b0e8a5874481ea38051cd2d8a9724518\\res\\values-in\\values.xml",
                    "from": {
                        "startLines": "4",
                        "startColumns": "0",
                        "startOffsets": "283",
                        "endColumns": "190",
                        "endOffsets": "473"
                    },
                    "to": {
                        "startLines": "29",
                        "startColumns": "4",
                        "startOffsets": "3226",
                        "endColumns": "190",
                        "endOffsets": "3412"
                    }
                }
            ]
        },
        {
            "outputFile": "C:\\Users\\rache\\AndroidStudioProjects\\SoftwareSpecifications\\app\\build\\intermediates\\incremental\\mergeDebugAndroidTestResources\\merged.dir\\values-in\\values-in.xml",
            "map": [
                {
                    "source": "C:\\Users\\rache\\.gradle\\caches\\transforms-1\\files-1.1\\appcompat-v7-26.1.0.aar\\090f1e383135fa7a576715b6cc6d265b\\res\\values-in\\values-in.xml",
                    "from": {
                        "startLines": "2,3,4,5,6,7,8,9,10,11,12,13,14,15,16,17,18,19,20,21,22",
                        "startColumns": "4,4,4,4,4,4,4,4,4,4,4,4,4,4,4,4,4,4,4,4,4",
                        "startOffsets": "55,165,273,396,498,603,690,794,910,992,1071,1157,1260,1369,1470,1574,1682,1790,1913,2012,2096",
                        "endColumns": "109,107,122,101,104,86,103,115,81,78,85,102,108,100,103,107,107,122,98,83,100",
                        "endOffsets": "160,268,391,493,598,685,789,905,987,1066,1152,1255,1364,1465,1569,1677,1785,1908,2007,2091,2192"
                    },
                    "to": {
                        "startLines": "2,3,4,5,6,7,8,9,10,11,12,13,14,15,16,17,18,19,20,39,40",
                        "startColumns": "4,4,4,4,4,4,4,4,4,4,4,4,4,4,4,4,4,4,4,4,4",
                        "startOffsets": "105,215,323,446,548,653,740,844,960,1042,1121,1207,1310,1419,1520,1624,1732,1840,1963,4752,4836",
                        "endColumns": "109,107,122,101,104,86,103,115,81,78,85,102,108,100,103,107,107,122,98,83,100",
                        "endOffsets": "210,318,441,543,648,735,839,955,1037,1116,1202,1305,1414,1515,1619,1727,1835,1958,2057,4831,4932"
                    }
                },
                {
                    "source": "C:\\Users\\rache\\.gradle\\caches\\transforms-1\\files-1.1\\play-services-base-11.8.0.aar\\f2632959cf334c052a45ac2e6c89af48\\res\\values-in\\values.xml",
                    "from": {
                        "startLines": "4,5,6,7,8,9,10,11,12,13,14,15,16,17,18,19,20",
                        "startColumns": "0,0,0,0,0,0,0,0,0,0,0,0,0,0,0,0,0",
                        "startOffsets": "281,386,582,706,810,1024,1149,1290,1421,1646,1749,1944,2068,2282,2452,2542,2628",
                        "endColumns": "104,195,123,103,213,124,140,130,224,102,194,123,213,169,89,85,103",
                        "endOffsets": "385,581,705,809,1023,1148,1289,1420,1645,1748,1943,2067,2281,2451,2541,2627,2731"
                    },
                    "to": {
                        "startLines": "21,22,23,24,25,26,27,28,30,31,32,33,34,35,36,37,38",
                        "startColumns": "4,4,4,4,4,4,4,4,4,4,4,4,4,4,4,4,4",
                        "startOffsets": "2062,2171,2367,2495,2603,2817,2946,3091,3417,3642,3749,3944,4072,4286,4460,4554,4644",
                        "endColumns": "108,195,127,107,213,128,144,134,224,106,194,127,213,173,93,89,107",
                        "endOffsets": "2166,2362,2490,2598,2812,2941,3086,3221,3637,3744,3939,4067,4281,4455,4549,4639,4747"
                    }
                },
                {
                    "source": "C:\\Users\\rache\\.gradle\\caches\\transforms-1\\files-1.1\\play-services-basement-11.8.0.aar\\4156095f54a5b056d692bcb2b851cc07\\res\\values-in\\values.xml",
                    "from": {
                        "startLines": "4",
                        "startColumns": "0",
                        "startOffsets": "283",
                        "endColumns": "190",
                        "endOffsets": "473"
                    },
                    "to": {
                        "startLines": "29",
                        "startColumns": "4",
                        "startOffsets": "3226",
                        "endColumns": "190",
                        "endOffsets": "3412"
                    }
                }
            ]
        }
    ]
}