{
    "logs": [
        {
            "outputFile": "C:\\Users\\Daniel\\AndroidStudioProjects\\SoftwareSpecifications\\app\\build\\intermediates\\incremental\\mergeDebugAndroidTestResources\\merged.dir\\values-my\\values-my.xml",
            "map": [
                {
                    "source": "C:\\Users\\Daniel\\.gradle\\caches\\transforms-1\\files-1.1\\appcompat-v7-26.1.0.aar\\1f600b1218903c988bc8afd8c35bad62\\res\\values-my\\values-my.xml",
                    "from": {
                        "startLines": "2,3,4,5,6,7,8,9,10,11,12,13,14,15,16,17,18,19,20,21,22",
                        "startColumns": "4,4,4,4,4,4,4,4,4,4,4,4,4,4,4,4,4,4,4,4,4",
                        "startOffsets": "55,164,272,397,502,619,712,824,952,1030,1109,1195,1318,1430,1532,1658,1769,1879,2002,2102,2186",
                        "endColumns": "108,107,124,104,116,92,111,127,77,78,85,122,111,101,125,110,109,122,99,83,100",
                        "endOffsets": "159,267,392,497,614,707,819,947,1025,1104,1190,1313,1425,1527,1653,1764,1874,1997,2097,2181,2282"
                    },
                    "to": {
                        "startLines": "2,3,4,5,6,7,8,9,10,11,12,13,14,15,16,17,18,19,20,39,40",
                        "startColumns": "4,4,4,4,4,4,4,4,4,4,4,4,4,4,4,4,4,4,4,4,4",
                        "startOffsets": "105,214,322,447,552,669,762,874,1002,1080,1159,1245,1368,1480,1582,1708,1819,1929,2052,4995,5079",
                        "endColumns": "108,107,124,104,116,92,111,127,77,78,85,122,111,101,125,110,109,122,99,83,100",
                        "endOffsets": "209,317,442,547,664,757,869,997,1075,1154,1240,1363,1475,1577,1703,1814,1924,2047,2147,5074,5175"
                    }
                },
                {
                    "source": "C:\\Users\\Daniel\\.gradle\\caches\\transforms-1\\files-1.1\\play-services-base-11.8.0.aar\\aee9d84feeba86acb0e68eb689ed1b20\\res\\values-my\\values.xml",
                    "from": {
                        "startLines": "4,5,6,7,8,9,10,11,12,13,14,15,16,17,18,19,20",
                        "startColumns": "0,0,0,0,0,0,0,0,0,0,0,0,0,0,0,0,0",
                        "startOffsets": "281,386,582,714,823,1029,1159,1308,1443,1678,1782,1983,2124,2341,2554,2650,2749",
                        "endColumns": "104,195,131,108,205,129,148,134,234,103,200,140,216,212,95,98,113",
                        "endOffsets": "385,581,713,822,1028,1158,1307,1442,1677,1781,1982,2123,2340,2553,2649,2748,2862"
                    },
                    "to": {
                        "startLines": "21,22,23,24,25,26,27,28,30,31,32,33,34,35,36,37,38",
                        "startColumns": "4,4,4,4,4,4,4,4,4,4,4,4,4,4,4,4,4",
                        "startOffsets": "2152,2261,2457,2593,2706,2912,3046,3199,3551,3786,3894,4095,4240,4457,4674,4774,4877",
                        "endColumns": "108,195,135,112,205,133,152,138,234,107,200,144,216,216,99,102,117",
                        "endOffsets": "2256,2452,2588,2701,2907,3041,3194,3333,3781,3889,4090,4235,4452,4669,4769,4872,4990"
                    }
                },
                {
                    "source": "C:\\Users\\Daniel\\.gradle\\caches\\transforms-1\\files-1.1\\play-services-basement-11.8.0.aar\\b0e8a5874481ea38051cd2d8a9724518\\res\\values-my\\values.xml",
                    "from": {
                        "startLines": "4",
                        "startColumns": "0",
                        "startOffsets": "283",
                        "endColumns": "212",
                        "endOffsets": "495"
                    },
                    "to": {
                        "startLines": "29",
                        "startColumns": "4",
                        "startOffsets": "3338",
                        "endColumns": "212",
                        "endOffsets": "3546"
                    }
                }
            ]
        },
        {
            "outputFile": "C:\\Users\\rache\\AndroidStudioProjects\\SoftwareSpecifications\\app\\build\\intermediates\\incremental\\mergeDebugAndroidTestResources\\merged.dir\\values-my\\values-my.xml",
            "map": [
                {
                    "source": "C:\\Users\\rache\\.gradle\\caches\\transforms-1\\files-1.1\\play-services-base-11.8.0.aar\\f2632959cf334c052a45ac2e6c89af48\\res\\values-my\\values.xml",
                    "from": {
                        "startLines": "4,5,6,7,8,9,10,11,12,13,14,15,16,17,18,19,20",
                        "startColumns": "0,0,0,0,0,0,0,0,0,0,0,0,0,0,0,0,0",
                        "startOffsets": "281,386,582,714,823,1029,1159,1308,1443,1678,1782,1983,2124,2341,2554,2650,2749",
                        "endColumns": "104,195,131,108,205,129,148,134,234,103,200,140,216,212,95,98,113",
                        "endOffsets": "385,581,713,822,1028,1158,1307,1442,1677,1781,1982,2123,2340,2553,2649,2748,2862"
                    },
                    "to": {
                        "startLines": "21,22,23,24,25,26,27,28,30,31,32,33,34,35,36,37,38",
                        "startColumns": "4,4,4,4,4,4,4,4,4,4,4,4,4,4,4,4,4",
                        "startOffsets": "2152,2261,2457,2593,2706,2912,3046,3199,3551,3786,3894,4095,4240,4457,4674,4774,4877",
                        "endColumns": "108,195,135,112,205,133,152,138,234,107,200,144,216,216,99,102,117",
                        "endOffsets": "2256,2452,2588,2701,2907,3041,3194,3333,3781,3889,4090,4235,4452,4669,4769,4872,4990"
                    }
                },
                {
                    "source": "C:\\Users\\rache\\.gradle\\caches\\transforms-1\\files-1.1\\play-services-basement-11.8.0.aar\\4156095f54a5b056d692bcb2b851cc07\\res\\values-my\\values.xml",
                    "from": {
                        "startLines": "4",
                        "startColumns": "0",
                        "startOffsets": "283",
                        "endColumns": "212",
                        "endOffsets": "495"
                    },
                    "to": {
                        "startLines": "29",
                        "startColumns": "4",
                        "startOffsets": "3338",
                        "endColumns": "212",
                        "endOffsets": "3546"
                    }
                },
                {
                    "source": "C:\\Users\\rache\\.gradle\\caches\\transforms-1\\files-1.1\\appcompat-v7-26.1.0.aar\\090f1e383135fa7a576715b6cc6d265b\\res\\values-my\\values-my.xml",
                    "from": {
                        "startLines": "2,3,4,5,6,7,8,9,10,11,12,13,14,15,16,17,18,19,20,21,22",
                        "startColumns": "4,4,4,4,4,4,4,4,4,4,4,4,4,4,4,4,4,4,4,4,4",
                        "startOffsets": "55,164,272,397,502,619,712,824,952,1030,1109,1195,1318,1430,1532,1658,1769,1879,2002,2102,2186",
                        "endColumns": "108,107,124,104,116,92,111,127,77,78,85,122,111,101,125,110,109,122,99,83,100",
                        "endOffsets": "159,267,392,497,614,707,819,947,1025,1104,1190,1313,1425,1527,1653,1764,1874,1997,2097,2181,2282"
                    },
                    "to": {
                        "startLines": "2,3,4,5,6,7,8,9,10,11,12,13,14,15,16,17,18,19,20,39,40",
                        "startColumns": "4,4,4,4,4,4,4,4,4,4,4,4,4,4,4,4,4,4,4,4,4",
                        "startOffsets": "105,214,322,447,552,669,762,874,1002,1080,1159,1245,1368,1480,1582,1708,1819,1929,2052,4995,5079",
                        "endColumns": "108,107,124,104,116,92,111,127,77,78,85,122,111,101,125,110,109,122,99,83,100",
                        "endOffsets": "209,317,442,547,664,757,869,997,1075,1154,1240,1363,1475,1577,1703,1814,1924,2047,2147,5074,5175"
                    }
                }
            ]
        }
    ]
}