{
    "logs": [
        {
            "outputFile": "C:\\Users\\rache\\AndroidStudioProjects\\SoftwareSpecifications\\app\\build\\intermediates\\incremental\\mergeDebugAndroidTestResources\\merged.dir\\values-th\\values-th.xml",
            "map": [
                {
                    "source": "C:\\Users\\rache\\.gradle\\caches\\transforms-1\\files-1.1\\play-services-base-11.8.0.aar\\f2632959cf334c052a45ac2e6c89af48\\res\\values-th\\values.xml",
                    "from": {
                        "startLines": "4,5,6,7,8,9,10,11,12,13,14,15,16,17,18,19,20",
                        "startColumns": "0,0,0,0,0,0,0,0,0,0,0,0,0,0,0,0,0",
                        "startOffsets": "281,385,564,685,790,985,1107,1252,1385,1588,1691,1869,1989,2188,2365,2455,2549",
                        "endColumns": "103,178,120,104,194,121,144,132,202,102,177,119,198,176,89,93,108",
                        "endOffsets": "384,563,684,789,984,1106,1251,1384,1587,1690,1868,1988,2187,2364,2454,2548,2657"
                    },
                    "to": {
                        "startLines": "21,22,23,24,25,26,27,28,30,31,32,33,34,35,36,37,38",
                        "startColumns": "4,4,4,4,4,4,4,4,4,4,4,4,4,4,4,4,4",
                        "startOffsets": "2019,2127,2306,2431,2540,2735,2861,3010,3335,3538,3645,3823,3947,4146,4327,4421,4519",
                        "endColumns": "107,178,124,108,194,125,148,136,202,106,177,123,198,180,93,97,112",
                        "endOffsets": "2122,2301,2426,2535,2730,2856,3005,3142,3533,3640,3818,3942,4141,4322,4416,4514,4627"
                    }
                },
                {
                    "source": "C:\\Users\\rache\\.gradle\\caches\\transforms-1\\files-1.1\\appcompat-v7-26.1.0.aar\\090f1e383135fa7a576715b6cc6d265b\\res\\values-th\\values-th.xml",
                    "from": {
                        "startLines": "2,3,4,5,6,7,8,9,10,11,12,13,14,15,16,17,18,19,20,21,22",
                        "startColumns": "4,4,4,4,4,4,4,4,4,4,4,4,4,4,4,4,4,4,4,4,4",
                        "startOffsets": "55,160,268,391,489,597,686,788,898,975,1053,1134,1242,1346,1444,1552,1657,1758,1874,1969,2050",
                        "endColumns": "104,107,122,97,107,88,101,109,76,77,80,107,103,97,107,104,100,115,94,80,100",
                        "endOffsets": "155,263,386,484,592,681,783,893,970,1048,1129,1237,1341,1439,1547,1652,1753,1869,1964,2045,2146"
                    },
                    "to": {
                        "startLines": "2,3,4,5,6,7,8,9,10,11,12,13,14,15,16,17,18,19,20,39,40",
                        "startColumns": "4,4,4,4,4,4,4,4,4,4,4,4,4,4,4,4,4,4,4,4,4",
                        "startOffsets": "105,210,318,441,539,647,736,838,948,1025,1103,1184,1292,1396,1494,1602,1707,1808,1924,4632,4713",
                        "endColumns": "104,107,122,97,107,88,101,109,76,77,80,107,103,97,107,104,100,115,94,80,100",
                        "endOffsets": "205,313,436,534,642,731,833,943,1020,1098,1179,1287,1391,1489,1597,1702,1803,1919,2014,4708,4809"
                    }
                },
                {
                    "source": "C:\\Users\\rache\\.gradle\\caches\\transforms-1\\files-1.1\\play-services-basement-11.8.0.aar\\4156095f54a5b056d692bcb2b851cc07\\res\\values-th\\values.xml",
                    "from": {
                        "startLines": "4",
                        "startColumns": "0",
                        "startOffsets": "283",
                        "endColumns": "187",
                        "endOffsets": "470"
                    },
                    "to": {
                        "startLines": "29",
                        "startColumns": "4",
                        "startOffsets": "3147",
                        "endColumns": "187",
                        "endOffsets": "3330"
                    }
                }
            ]
        },
        {
            "outputFile": "C:\\Users\\Daniel\\AndroidStudioProjects\\SoftwareSpecifications\\app\\build\\intermediates\\incremental\\mergeDebugAndroidTestResources\\merged.dir\\values-th\\values-th.xml",
            "map": [
                {
                    "source": "C:\\Users\\Daniel\\.gradle\\caches\\transforms-1\\files-1.1\\appcompat-v7-26.1.0.aar\\1f600b1218903c988bc8afd8c35bad62\\res\\values-th\\values-th.xml",
                    "from": {
                        "startLines": "2,3,4,5,6,7,8,9,10,11,12,13,14,15,16,17,18,19,20,21,22",
                        "startColumns": "4,4,4,4,4,4,4,4,4,4,4,4,4,4,4,4,4,4,4,4,4",
                        "startOffsets": "55,160,268,391,489,597,686,788,898,975,1053,1134,1242,1346,1444,1552,1657,1758,1874,1969,2050",
                        "endColumns": "104,107,122,97,107,88,101,109,76,77,80,107,103,97,107,104,100,115,94,80,100",
                        "endOffsets": "155,263,386,484,592,681,783,893,970,1048,1129,1237,1341,1439,1547,1652,1753,1869,1964,2045,2146"
                    },
                    "to": {
                        "startLines": "2,3,4,5,6,7,8,9,10,11,12,13,14,15,16,17,18,19,20,39,40",
                        "startColumns": "4,4,4,4,4,4,4,4,4,4,4,4,4,4,4,4,4,4,4,4,4",
                        "startOffsets": "105,210,318,441,539,647,736,838,948,1025,1103,1184,1292,1396,1494,1602,1707,1808,1924,4632,4713",
                        "endColumns": "104,107,122,97,107,88,101,109,76,77,80,107,103,97,107,104,100,115,94,80,100",
                        "endOffsets": "205,313,436,534,642,731,833,943,1020,1098,1179,1287,1391,1489,1597,1702,1803,1919,2014,4708,4809"
                    }
                },
                {
                    "source": "C:\\Users\\Daniel\\.gradle\\caches\\transforms-1\\files-1.1\\play-services-base-11.8.0.aar\\aee9d84feeba86acb0e68eb689ed1b20\\res\\values-th\\values.xml",
                    "from": {
                        "startLines": "4,5,6,7,8,9,10,11,12,13,14,15,16,17,18,19,20",
                        "startColumns": "0,0,0,0,0,0,0,0,0,0,0,0,0,0,0,0,0",
                        "startOffsets": "281,385,564,685,790,985,1107,1252,1385,1588,1691,1869,1989,2188,2365,2455,2549",
                        "endColumns": "103,178,120,104,194,121,144,132,202,102,177,119,198,176,89,93,108",
                        "endOffsets": "384,563,684,789,984,1106,1251,1384,1587,1690,1868,1988,2187,2364,2454,2548,2657"
                    },
                    "to": {
                        "startLines": "21,22,23,24,25,26,27,28,30,31,32,33,34,35,36,37,38",
                        "startColumns": "4,4,4,4,4,4,4,4,4,4,4,4,4,4,4,4,4",
                        "startOffsets": "2019,2127,2306,2431,2540,2735,2861,3010,3335,3538,3645,3823,3947,4146,4327,4421,4519",
                        "endColumns": "107,178,124,108,194,125,148,136,202,106,177,123,198,180,93,97,112",
                        "endOffsets": "2122,2301,2426,2535,2730,2856,3005,3142,3533,3640,3818,3942,4141,4322,4416,4514,4627"
                    }
                },
                {
                    "source": "C:\\Users\\Daniel\\.gradle\\caches\\transforms-1\\files-1.1\\play-services-basement-11.8.0.aar\\b0e8a5874481ea38051cd2d8a9724518\\res\\values-th\\values.xml",
                    "from": {
                        "startLines": "4",
                        "startColumns": "0",
                        "startOffsets": "283",
                        "endColumns": "187",
                        "endOffsets": "470"
                    },
                    "to": {
                        "startLines": "29",
                        "startColumns": "4",
                        "startOffsets": "3147",
                        "endColumns": "187",
                        "endOffsets": "3330"
                    }
                }
            ]
        }
    ]
}