{
    "logs": [
        {
            "outputFile": "C:\\Users\\Daniel\\AndroidStudioProjects\\SoftwareSpecifications\\app\\build\\intermediates\\incremental\\mergeDebugAndroidTestResources\\merged.dir\\values-ml\\values-ml.xml",
            "map": [
                {
                    "source": "C:\\Users\\Daniel\\.gradle\\caches\\transforms-1\\files-1.1\\play-services-basement-11.8.0.aar\\b0e8a5874481ea38051cd2d8a9724518\\res\\values-ml\\values.xml",
                    "from": {
                        "startLines": "4",
                        "startColumns": "0",
                        "startOffsets": "283",
                        "endColumns": "218",
                        "endOffsets": "501"
                    },
                    "to": {
                        "startLines": "29",
                        "startColumns": "4",
                        "startOffsets": "3338",
                        "endColumns": "218",
                        "endOffsets": "3552"
                    }
                },
                {
                    "source": "C:\\Users\\Daniel\\.gradle\\caches\\transforms-1\\files-1.1\\play-services-base-11.8.0.aar\\aee9d84feeba86acb0e68eb689ed1b20\\res\\values-ml\\values.xml",
                    "from": {
                        "startLines": "4,5,6,7,8,9,10,11,12,13,14,15,16,17,18,19,20",
                        "startColumns": "0,0,0,0,0,0,0,0,0,0,0,0,0,0,0,0,0",
                        "startOffsets": "281,398,609,746,865,1088,1211,1342,1473,1714,1828,2033,2167,2375,2562,2652,2747",
                        "endColumns": "116,210,136,118,222,122,130,130,240,113,204,133,207,186,89,94,116",
                        "endOffsets": "397,608,745,864,1087,1210,1341,1472,1713,1827,2032,2166,2374,2561,2651,2746,2863"
                    },
                    "to": {
                        "startLines": "21,22,23,24,25,26,27,28,30,31,32,33,34,35,36,37,38",
                        "startColumns": "4,4,4,4,4,4,4,4,4,4,4,4,4,4,4,4,4",
                        "startOffsets": "2122,2243,2454,2595,2718,2941,3068,3203,3557,3798,3916,4121,4259,4467,4658,4752,4851",
                        "endColumns": "120,210,140,122,222,126,134,134,240,117,204,137,207,190,93,98,120",
                        "endOffsets": "2238,2449,2590,2713,2936,3063,3198,3333,3793,3911,4116,4254,4462,4653,4747,4846,4967"
                    }
                },
                {
                    "source": "C:\\Users\\Daniel\\.gradle\\caches\\transforms-1\\files-1.1\\appcompat-v7-26.1.0.aar\\1f600b1218903c988bc8afd8c35bad62\\res\\values-ml\\values-ml.xml",
                    "from": {
                        "startLines": "2,3,4,5,6,7,8,9,10,11,12,13,14,15,16,17,18,19,20,21,22",
                        "startColumns": "4,4,4,4,4,4,4,4,4,4,4,4,4,4,4,4,4,4,4,4,4",
                        "startOffsets": "55,174,282,405,523,638,731,836,968,1045,1121,1203,1314,1420,1518,1632,1732,1843,1971,2072,2154",
                        "endColumns": "118,107,122,117,114,92,104,131,76,75,81,110,105,97,113,99,110,127,100,81,100",
                        "endOffsets": "169,277,400,518,633,726,831,963,1040,1116,1198,1309,1415,1513,1627,1727,1838,1966,2067,2149,2250"
                    },
                    "to": {
                        "startLines": "2,3,4,5,6,7,8,9,10,11,12,13,14,15,16,17,18,19,20,39,40",
                        "startColumns": "4,4,4,4,4,4,4,4,4,4,4,4,4,4,4,4,4,4,4,4,4",
                        "startOffsets": "105,224,332,455,573,688,781,886,1018,1095,1171,1253,1364,1470,1568,1682,1782,1893,2021,4972,5054",
                        "endColumns": "118,107,122,117,114,92,104,131,76,75,81,110,105,97,113,99,110,127,100,81,100",
                        "endOffsets": "219,327,450,568,683,776,881,1013,1090,1166,1248,1359,1465,1563,1677,1777,1888,2016,2117,5049,5150"
                    }
                }
            ]
        },
        {
            "outputFile": "C:\\Users\\rache\\AndroidStudioProjects\\SoftwareSpecifications\\app\\build\\intermediates\\incremental\\mergeDebugAndroidTestResources\\merged.dir\\values-ml\\values-ml.xml",
            "map": [
                {
                    "source": "C:\\Users\\rache\\.gradle\\caches\\transforms-1\\files-1.1\\play-services-basement-11.8.0.aar\\4156095f54a5b056d692bcb2b851cc07\\res\\values-ml\\values.xml",
                    "from": {
                        "startLines": "4",
                        "startColumns": "0",
                        "startOffsets": "283",
                        "endColumns": "218",
                        "endOffsets": "501"
                    },
                    "to": {
                        "startLines": "29",
                        "startColumns": "4",
                        "startOffsets": "3338",
                        "endColumns": "218",
                        "endOffsets": "3552"
                    }
                },
                {
                    "source": "C:\\Users\\rache\\.gradle\\caches\\transforms-1\\files-1.1\\appcompat-v7-26.1.0.aar\\090f1e383135fa7a576715b6cc6d265b\\res\\values-ml\\values-ml.xml",
                    "from": {
                        "startLines": "2,3,4,5,6,7,8,9,10,11,12,13,14,15,16,17,18,19,20,21,22",
                        "startColumns": "4,4,4,4,4,4,4,4,4,4,4,4,4,4,4,4,4,4,4,4,4",
                        "startOffsets": "55,174,282,405,523,638,731,836,968,1045,1121,1203,1314,1420,1518,1632,1732,1843,1971,2072,2154",
                        "endColumns": "118,107,122,117,114,92,104,131,76,75,81,110,105,97,113,99,110,127,100,81,100",
                        "endOffsets": "169,277,400,518,633,726,831,963,1040,1116,1198,1309,1415,1513,1627,1727,1838,1966,2067,2149,2250"
                    },
                    "to": {
                        "startLines": "2,3,4,5,6,7,8,9,10,11,12,13,14,15,16,17,18,19,20,39,40",
                        "startColumns": "4,4,4,4,4,4,4,4,4,4,4,4,4,4,4,4,4,4,4,4,4",
                        "startOffsets": "105,224,332,455,573,688,781,886,1018,1095,1171,1253,1364,1470,1568,1682,1782,1893,2021,4972,5054",
                        "endColumns": "118,107,122,117,114,92,104,131,76,75,81,110,105,97,113,99,110,127,100,81,100",
                        "endOffsets": "219,327,450,568,683,776,881,1013,1090,1166,1248,1359,1465,1563,1677,1777,1888,2016,2117,5049,5150"
                    }
                },
                {
                    "source": "C:\\Users\\rache\\.gradle\\caches\\transforms-1\\files-1.1\\play-services-base-11.8.0.aar\\f2632959cf334c052a45ac2e6c89af48\\res\\values-ml\\values.xml",
                    "from": {
                        "startLines": "4,5,6,7,8,9,10,11,12,13,14,15,16,17,18,19,20",
                        "startColumns": "0,0,0,0,0,0,0,0,0,0,0,0,0,0,0,0,0",
                        "startOffsets": "281,398,609,746,865,1088,1211,1342,1473,1714,1828,2033,2167,2375,2562,2652,2747",
                        "endColumns": "116,210,136,118,222,122,130,130,240,113,204,133,207,186,89,94,116",
                        "endOffsets": "397,608,745,864,1087,1210,1341,1472,1713,1827,2032,2166,2374,2561,2651,2746,2863"
                    },
                    "to": {
                        "startLines": "21,22,23,24,25,26,27,28,30,31,32,33,34,35,36,37,38",
                        "startColumns": "4,4,4,4,4,4,4,4,4,4,4,4,4,4,4,4,4",
                        "startOffsets": "2122,2243,2454,2595,2718,2941,3068,3203,3557,3798,3916,4121,4259,4467,4658,4752,4851",
                        "endColumns": "120,210,140,122,222,126,134,134,240,117,204,137,207,190,93,98,120",
                        "endOffsets": "2238,2449,2590,2713,2936,3063,3198,3333,3793,3911,4116,4254,4462,4653,4747,4846,4967"
                    }
                }
            ]
        }
    ]
}