{
    "logs": [
        {
            "outputFile": "C:\\Users\\rache\\AndroidStudioProjects\\SoftwareSpecifications\\app\\build\\intermediates\\incremental\\mergeDebugAndroidTestResources\\merged.dir\\values-lo\\values-lo.xml",
            "map": [
                {
                    "source": "C:\\Users\\rache\\.gradle\\caches\\transforms-1\\files-1.1\\play-services-basement-11.8.0.aar\\4156095f54a5b056d692bcb2b851cc07\\res\\values-lo\\values.xml",
                    "from": {
                        "startLines": "4",
                        "startColumns": "0",
                        "startOffsets": "283",
                        "endColumns": "190",
                        "endOffsets": "473"
                    },
                    "to": {
                        "startLines": "29",
                        "startColumns": "4",
                        "startOffsets": "3186",
                        "endColumns": "190",
                        "endOffsets": "3372"
                    }
                },
                {
                    "source": "C:\\Users\\rache\\.gradle\\caches\\transforms-1\\files-1.1\\appcompat-v7-26.1.0.aar\\090f1e383135fa7a576715b6cc6d265b\\res\\values-lo\\values-lo.xml",
                    "from": {
                        "startLines": "2,3,4,5,6,7,8,9,10,11,12,13,14,15,16,17,18,19,20,21,22",
                        "startColumns": "4,4,4,4,4,4,4,4,4,4,4,4,4,4,4,4,4,4,4,4,4",
                        "startOffsets": "55,158,266,389,486,593,678,783,895,972,1050,1130,1237,1334,1432,1537,1640,1744,1866,1962,2043",
                        "endColumns": "102,107,122,96,106,84,104,111,76,77,79,106,96,97,104,102,103,121,95,80,100",
                        "endOffsets": "153,261,384,481,588,673,778,890,967,1045,1125,1232,1329,1427,1532,1635,1739,1861,1957,2038,2139"
                    },
                    "to": {
                        "startLines": "2,3,4,5,6,7,8,9,10,11,12,13,14,15,16,17,18,19,20,39,40",
                        "startColumns": "4,4,4,4,4,4,4,4,4,4,4,4,4,4,4,4,4,4,4,4,4",
                        "startOffsets": "105,208,316,439,536,643,728,833,945,1022,1100,1180,1287,1384,1482,1587,1690,1794,1916,4755,4836",
                        "endColumns": "102,107,122,96,106,84,104,111,76,77,79,106,96,97,104,102,103,121,95,80,100",
                        "endOffsets": "203,311,434,531,638,723,828,940,1017,1095,1175,1282,1379,1477,1582,1685,1789,1911,2007,4831,4932"
                    }
                },
                {
                    "source": "C:\\Users\\rache\\.gradle\\caches\\transforms-1\\files-1.1\\play-services-base-11.8.0.aar\\f2632959cf334c052a45ac2e6c89af48\\res\\values-lo\\values.xml",
                    "from": {
                        "startLines": "4,5,6,7,8,9,10,11,12,13,14,15,16,17,18,19,20",
                        "startColumns": "0,0,0,0,0,0,0,0,0,0,0,0,0,0,0,0,0",
                        "startOffsets": "281,387,589,717,822,1033,1156,1290,1431,1642,1745,1942,2069,2299,2486,2580,2675",
                        "endColumns": "105,201,127,104,210,122,133,140,210,102,196,126,229,186,93,94,109",
                        "endOffsets": "386,588,716,821,1032,1155,1289,1430,1641,1744,1941,2068,2298,2485,2579,2674,2784"
                    },
                    "to": {
                        "startLines": "21,22,23,24,25,26,27,28,30,31,32,33,34,35,36,37,38",
                        "startColumns": "4,4,4,4,4,4,4,4,4,4,4,4,4,4,4,4,4",
                        "startOffsets": "2012,2122,2324,2456,2565,2776,2903,3041,3377,3588,3695,3892,4023,4253,4444,4542,4641",
                        "endColumns": "109,201,131,108,210,126,137,144,210,106,196,130,229,190,97,98,113",
                        "endOffsets": "2117,2319,2451,2560,2771,2898,3036,3181,3583,3690,3887,4018,4248,4439,4537,4636,4750"
                    }
                }
            ]
        },
        {
            "outputFile": "C:\\Users\\Daniel\\AndroidStudioProjects\\SoftwareSpecifications\\app\\build\\intermediates\\incremental\\mergeDebugAndroidTestResources\\merged.dir\\values-lo\\values-lo.xml",
            "map": [
                {
                    "source": "C:\\Users\\Daniel\\.gradle\\caches\\transforms-1\\files-1.1\\play-services-basement-11.8.0.aar\\b0e8a5874481ea38051cd2d8a9724518\\res\\values-lo\\values.xml",
                    "from": {
                        "startLines": "4",
                        "startColumns": "0",
                        "startOffsets": "283",
                        "endColumns": "190",
                        "endOffsets": "473"
                    },
                    "to": {
                        "startLines": "29",
                        "startColumns": "4",
                        "startOffsets": "3186",
                        "endColumns": "190",
                        "endOffsets": "3372"
                    }
                },
                {
                    "source": "C:\\Users\\Daniel\\.gradle\\caches\\transforms-1\\files-1.1\\appcompat-v7-26.1.0.aar\\1f600b1218903c988bc8afd8c35bad62\\res\\values-lo\\values-lo.xml",
                    "from": {
                        "startLines": "2,3,4,5,6,7,8,9,10,11,12,13,14,15,16,17,18,19,20,21,22",
                        "startColumns": "4,4,4,4,4,4,4,4,4,4,4,4,4,4,4,4,4,4,4,4,4",
                        "startOffsets": "55,158,266,389,486,593,678,783,895,972,1050,1130,1237,1334,1432,1537,1640,1744,1866,1962,2043",
                        "endColumns": "102,107,122,96,106,84,104,111,76,77,79,106,96,97,104,102,103,121,95,80,100",
                        "endOffsets": "153,261,384,481,588,673,778,890,967,1045,1125,1232,1329,1427,1532,1635,1739,1861,1957,2038,2139"
                    },
                    "to": {
                        "startLines": "2,3,4,5,6,7,8,9,10,11,12,13,14,15,16,17,18,19,20,39,40",
                        "startColumns": "4,4,4,4,4,4,4,4,4,4,4,4,4,4,4,4,4,4,4,4,4",
                        "startOffsets": "105,208,316,439,536,643,728,833,945,1022,1100,1180,1287,1384,1482,1587,1690,1794,1916,4755,4836",
                        "endColumns": "102,107,122,96,106,84,104,111,76,77,79,106,96,97,104,102,103,121,95,80,100",
                        "endOffsets": "203,311,434,531,638,723,828,940,1017,1095,1175,1282,1379,1477,1582,1685,1789,1911,2007,4831,4932"
                    }
                },
                {
                    "source": "C:\\Users\\Daniel\\.gradle\\caches\\transforms-1\\files-1.1\\play-services-base-11.8.0.aar\\aee9d84feeba86acb0e68eb689ed1b20\\res\\values-lo\\values.xml",
                    "from": {
                        "startLines": "4,5,6,7,8,9,10,11,12,13,14,15,16,17,18,19,20",
                        "startColumns": "0,0,0,0,0,0,0,0,0,0,0,0,0,0,0,0,0",
                        "startOffsets": "281,387,589,717,822,1033,1156,1290,1431,1642,1745,1942,2069,2299,2486,2580,2675",
                        "endColumns": "105,201,127,104,210,122,133,140,210,102,196,126,229,186,93,94,109",
                        "endOffsets": "386,588,716,821,1032,1155,1289,1430,1641,1744,1941,2068,2298,2485,2579,2674,2784"
                    },
                    "to": {
                        "startLines": "21,22,23,24,25,26,27,28,30,31,32,33,34,35,36,37,38",
                        "startColumns": "4,4,4,4,4,4,4,4,4,4,4,4,4,4,4,4,4",
                        "startOffsets": "2012,2122,2324,2456,2565,2776,2903,3041,3377,3588,3695,3892,4023,4253,4444,4542,4641",
                        "endColumns": "109,201,131,108,210,126,137,144,210,106,196,130,229,190,97,98,113",
                        "endOffsets": "2117,2319,2451,2560,2771,2898,3036,3181,3583,3690,3887,4018,4248,4439,4537,4636,4750"
                    }
                }
            ]
        }
    ]
}