{
    "logs": [
        {
            "outputFile": "C:\\Users\\rache\\AndroidStudioProjects\\SoftwareSpecifications\\app\\build\\intermediates\\incremental\\mergeDebugAndroidTestResources\\merged.dir\\values-en-rGB\\values-en-rGB.xml",
            "map": [
                {
                    "source": "C:\\Users\\rache\\.gradle\\caches\\transforms-1\\files-1.1\\appcompat-v7-26.1.0.aar\\090f1e383135fa7a576715b6cc6d265b\\res\\values-en-rGB\\values-en-rGB.xml",
                    "from": {
                        "startLines": "2,3,4,5,6,7,8,9,10,11,12,13,14,15,16,17,18,19,20,21,22",
                        "startColumns": "4,4,4,4,4,4,4,4,4,4,4,4,4,4,4,4,4,4,4,4,4",
                        "startOffsets": "55,159,267,390,490,598,682,782,897,974,1050,1132,1235,1339,1438,1543,1646,1750,1869,1969,2051",
                        "endColumns": "103,107,122,99,107,83,99,114,76,75,81,102,103,98,104,102,103,118,99,81,100",
                        "endOffsets": "154,262,385,485,593,677,777,892,969,1045,1127,1230,1334,1433,1538,1641,1745,1864,1964,2046,2147"
                    },
                    "to": {
                        "startLines": "2,3,4,5,6,7,8,9,10,11,12,13,14,15,16,17,18,19,20,39,40",
                        "startColumns": "4,4,4,4,4,4,4,4,4,4,4,4,4,4,4,4,4,4,4,4,4",
                        "startOffsets": "105,209,317,440,540,648,732,832,947,1024,1100,1182,1285,1389,1488,1593,1696,1800,1919,4667,4749",
                        "endColumns": "103,107,122,99,107,83,99,114,76,75,81,102,103,98,104,102,103,118,99,81,100",
                        "endOffsets": "204,312,435,535,643,727,827,942,1019,1095,1177,1280,1384,1483,1588,1691,1795,1914,2014,4744,4845"
                    }
                },
                {
                    "source": "C:\\Users\\rache\\.gradle\\caches\\transforms-1\\files-1.1\\play-services-base-11.8.0.aar\\f2632959cf334c052a45ac2e6c89af48\\res\\values-en-rGB\\values.xml",
                    "from": {
                        "startLines": "4,5,6,7,8,9,10,11,12,13,14,15,16,17,18,19,20",
                        "startColumns": "0,0,0,0,0,0,0,0,0,0,0,0,0,0,0,0,0",
                        "startOffsets": "285,388,572,695,800,1010,1131,1273,1401,1619,1722,1905,2028,2233,2407,2496,2584",
                        "endColumns": "102,183,122,104,209,120,141,127,217,102,182,122,204,173,88,87,103",
                        "endOffsets": "387,571,694,799,1009,1130,1272,1400,1618,1721,1904,2027,2232,2406,2495,2583,2687"
                    },
                    "to": {
                        "startLines": "21,22,23,24,25,26,27,28,30,31,32,33,34,35,36,37,38",
                        "startColumns": "4,4,4,4,4,4,4,4,4,4,4,4,4,4,4,4,4",
                        "startOffsets": "2019,2126,2310,2437,2546,2756,2881,3027,3356,3574,3681,3864,3991,4196,4374,4467,4559",
                        "endColumns": "106,183,126,108,209,124,145,131,217,106,182,126,204,177,92,91,107",
                        "endOffsets": "2121,2305,2432,2541,2751,2876,3022,3154,3569,3676,3859,3986,4191,4369,4462,4554,4662"
                    }
                },
                {
                    "source": "C:\\Users\\rache\\.gradle\\caches\\transforms-1\\files-1.1\\play-services-basement-11.8.0.aar\\4156095f54a5b056d692bcb2b851cc07\\res\\values-en-rGB\\values.xml",
                    "from": {
                        "startLines": "4",
                        "startColumns": "0",
                        "startOffsets": "287",
                        "endColumns": "196",
                        "endOffsets": "483"
                    },
                    "to": {
                        "startLines": "29",
                        "startColumns": "4",
                        "startOffsets": "3159",
                        "endColumns": "196",
                        "endOffsets": "3351"
                    }
                }
            ]
        },
        {
            "outputFile": "C:\\Users\\Daniel\\AndroidStudioProjects\\SoftwareSpecifications\\app\\build\\intermediates\\incremental\\mergeDebugAndroidTestResources\\merged.dir\\values-en-rGB\\values-en-rGB.xml",
            "map": [
                {
                    "source": "C:\\Users\\Daniel\\.gradle\\caches\\transforms-1\\files-1.1\\play-services-base-11.8.0.aar\\aee9d84feeba86acb0e68eb689ed1b20\\res\\values-en-rGB\\values.xml",
                    "from": {
                        "startLines": "4,5,6,7,8,9,10,11,12,13,14,15,16,17,18,19,20",
                        "startColumns": "0,0,0,0,0,0,0,0,0,0,0,0,0,0,0,0,0",
                        "startOffsets": "285,388,572,695,800,1010,1131,1273,1401,1619,1722,1905,2028,2233,2407,2496,2584",
                        "endColumns": "102,183,122,104,209,120,141,127,217,102,182,122,204,173,88,87,103",
                        "endOffsets": "387,571,694,799,1009,1130,1272,1400,1618,1721,1904,2027,2232,2406,2495,2583,2687"
                    },
                    "to": {
                        "startLines": "21,22,23,24,25,26,27,28,30,31,32,33,34,35,36,37,38",
                        "startColumns": "4,4,4,4,4,4,4,4,4,4,4,4,4,4,4,4,4",
                        "startOffsets": "2019,2126,2310,2437,2546,2756,2881,3027,3356,3574,3681,3864,3991,4196,4374,4467,4559",
                        "endColumns": "106,183,126,108,209,124,145,131,217,106,182,126,204,177,92,91,107",
                        "endOffsets": "2121,2305,2432,2541,2751,2876,3022,3154,3569,3676,3859,3986,4191,4369,4462,4554,4662"
                    }
                },
                {
                    "source": "C:\\Users\\Daniel\\.gradle\\caches\\transforms-1\\files-1.1\\appcompat-v7-26.1.0.aar\\1f600b1218903c988bc8afd8c35bad62\\res\\values-en-rGB\\values-en-rGB.xml",
                    "from": {
                        "startLines": "2,3,4,5,6,7,8,9,10,11,12,13,14,15,16,17,18,19,20,21,22",
                        "startColumns": "4,4,4,4,4,4,4,4,4,4,4,4,4,4,4,4,4,4,4,4,4",
                        "startOffsets": "55,159,267,390,490,598,682,782,897,974,1050,1132,1235,1339,1438,1543,1646,1750,1869,1969,2051",
                        "endColumns": "103,107,122,99,107,83,99,114,76,75,81,102,103,98,104,102,103,118,99,81,100",
                        "endOffsets": "154,262,385,485,593,677,777,892,969,1045,1127,1230,1334,1433,1538,1641,1745,1864,1964,2046,2147"
                    },
                    "to": {
                        "startLines": "2,3,4,5,6,7,8,9,10,11,12,13,14,15,16,17,18,19,20,39,40",
                        "startColumns": "4,4,4,4,4,4,4,4,4,4,4,4,4,4,4,4,4,4,4,4,4",
                        "startOffsets": "105,209,317,440,540,648,732,832,947,1024,1100,1182,1285,1389,1488,1593,1696,1800,1919,4667,4749",
                        "endColumns": "103,107,122,99,107,83,99,114,76,75,81,102,103,98,104,102,103,118,99,81,100",
                        "endOffsets": "204,312,435,535,643,727,827,942,1019,1095,1177,1280,1384,1483,1588,1691,1795,1914,2014,4744,4845"
                    }
                },
                {
                    "source": "C:\\Users\\Daniel\\.gradle\\caches\\transforms-1\\files-1.1\\play-services-basement-11.8.0.aar\\b0e8a5874481ea38051cd2d8a9724518\\res\\values-en-rGB\\values.xml",
                    "from": {
                        "startLines": "4",
                        "startColumns": "0",
                        "startOffsets": "287",
                        "endColumns": "196",
                        "endOffsets": "483"
                    },
                    "to": {
                        "startLines": "29",
                        "startColumns": "4",
                        "startOffsets": "3159",
                        "endColumns": "196",
                        "endOffsets": "3351"
                    }
                }
            ]
        }
    ]
}