{
    "logs": [
        {
            "outputFile": "C:\\Users\\Daniel\\AndroidStudioProjects\\SoftwareSpecifications\\app\\build\\intermediates\\incremental\\mergeDebugAndroidTestResources\\merged.dir\\values-cs\\values-cs.xml",
            "map": [
                {
                    "source": "C:\\Users\\Daniel\\.gradle\\caches\\transforms-1\\files-1.1\\appcompat-v7-26.1.0.aar\\1f600b1218903c988bc8afd8c35bad62\\res\\values-cs\\values-cs.xml",
                    "from": {
                        "startLines": "2,3,4,5,6,7,8,9,10,11,12,13,14,15,16,17,18,19,20,21,22",
                        "startColumns": "4,4,4,4,4,4,4,4,4,4,4,4,4,4,4,4,4,4,4,4,4",
                        "startOffsets": "55,162,271,395,497,606,692,797,914,995,1076,1160,1264,1373,1472,1578,1688,1795,1917,2015,2097",
                        "endColumns": "106,108,123,101,108,85,104,116,80,80,83,103,108,98,105,109,106,121,97,81,100",
                        "endOffsets": "157,266,390,492,601,687,792,909,990,1071,1155,1259,1368,1467,1573,1683,1790,1912,2010,2092,2193"
                    },
                    "to": {
                        "startLines": "2,3,4,5,6,7,8,9,10,11,12,13,14,15,16,17,18,19,20,39,40",
                        "startColumns": "4,4,4,4,4,4,4,4,4,4,4,4,4,4,4,4,4,4,4,4,4",
                        "startOffsets": "105,212,321,445,547,656,742,847,964,1045,1126,1210,1314,1423,1522,1628,1738,1845,1967,4806,4888",
                        "endColumns": "106,108,123,101,108,85,104,116,80,80,83,103,108,98,105,109,106,121,97,81,100",
                        "endOffsets": "207,316,440,542,651,737,842,959,1040,1121,1205,1309,1418,1517,1623,1733,1840,1962,2060,4883,4984"
                    }
                },
                {
                    "source": "C:\\Users\\Daniel\\.gradle\\caches\\transforms-1\\files-1.1\\play-services-base-11.8.0.aar\\aee9d84feeba86acb0e68eb689ed1b20\\res\\values-cs\\values.xml",
                    "from": {
                        "startLines": "4,5,6,7,8,9,10,11,12,13,14,15,16,17,18,19,20",
                        "startColumns": "0,0,0,0,0,0,0,0,0,0,0,0,0,0,0,0,0",
                        "startOffsets": "281,385,577,700,808,1020,1145,1283,1409,1643,1752,1947,2073,2293,2474,2568,2661",
                        "endColumns": "103,191,122,107,211,124,137,125,233,108,194,125,219,180,93,92,110",
                        "endOffsets": "384,576,699,807,1019,1144,1282,1408,1642,1751,1946,2072,2292,2473,2567,2660,2771"
                    },
                    "to": {
                        "startLines": "21,22,23,24,25,26,27,28,30,31,32,33,34,35,36,37,38",
                        "startColumns": "4,4,4,4,4,4,4,4,4,4,4,4,4,4,4,4,4",
                        "startOffsets": "2065,2173,2365,2492,2604,2816,2945,3087,3419,3653,3766,3961,4091,4311,4496,4594,4691",
                        "endColumns": "107,191,126,111,211,128,141,129,233,112,194,129,219,184,97,96,114",
                        "endOffsets": "2168,2360,2487,2599,2811,2940,3082,3212,3648,3761,3956,4086,4306,4491,4589,4686,4801"
                    }
                },
                {
                    "source": "C:\\Users\\Daniel\\.gradle\\caches\\transforms-1\\files-1.1\\play-services-basement-11.8.0.aar\\b0e8a5874481ea38051cd2d8a9724518\\res\\values-cs\\values.xml",
                    "from": {
                        "startLines": "4",
                        "startColumns": "0",
                        "startOffsets": "283",
                        "endColumns": "201",
                        "endOffsets": "484"
                    },
                    "to": {
                        "startLines": "29",
                        "startColumns": "4",
                        "startOffsets": "3217",
                        "endColumns": "201",
                        "endOffsets": "3414"
                    }
                }
            ]
        },
        {
            "outputFile": "C:\\Users\\rache\\AndroidStudioProjects\\SoftwareSpecifications\\app\\build\\intermediates\\incremental\\mergeDebugAndroidTestResources\\merged.dir\\values-cs\\values-cs.xml",
            "map": [
                {
                    "source": "C:\\Users\\rache\\.gradle\\caches\\transforms-1\\files-1.1\\appcompat-v7-26.1.0.aar\\090f1e383135fa7a576715b6cc6d265b\\res\\values-cs\\values-cs.xml",
                    "from": {
                        "startLines": "2,3,4,5,6,7,8,9,10,11,12,13,14,15,16,17,18,19,20,21,22",
                        "startColumns": "4,4,4,4,4,4,4,4,4,4,4,4,4,4,4,4,4,4,4,4,4",
                        "startOffsets": "55,162,271,395,497,606,692,797,914,995,1076,1160,1264,1373,1472,1578,1688,1795,1917,2015,2097",
                        "endColumns": "106,108,123,101,108,85,104,116,80,80,83,103,108,98,105,109,106,121,97,81,100",
                        "endOffsets": "157,266,390,492,601,687,792,909,990,1071,1155,1259,1368,1467,1573,1683,1790,1912,2010,2092,2193"
                    },
                    "to": {
                        "startLines": "2,3,4,5,6,7,8,9,10,11,12,13,14,15,16,17,18,19,20,39,40",
                        "startColumns": "4,4,4,4,4,4,4,4,4,4,4,4,4,4,4,4,4,4,4,4,4",
                        "startOffsets": "105,212,321,445,547,656,742,847,964,1045,1126,1210,1314,1423,1522,1628,1738,1845,1967,4806,4888",
                        "endColumns": "106,108,123,101,108,85,104,116,80,80,83,103,108,98,105,109,106,121,97,81,100",
                        "endOffsets": "207,316,440,542,651,737,842,959,1040,1121,1205,1309,1418,1517,1623,1733,1840,1962,2060,4883,4984"
                    }
                },
                {
                    "source": "C:\\Users\\rache\\.gradle\\caches\\transforms-1\\files-1.1\\play-services-base-11.8.0.aar\\f2632959cf334c052a45ac2e6c89af48\\res\\values-cs\\values.xml",
                    "from": {
                        "startLines": "4,5,6,7,8,9,10,11,12,13,14,15,16,17,18,19,20",
                        "startColumns": "0,0,0,0,0,0,0,0,0,0,0,0,0,0,0,0,0",
                        "startOffsets": "281,385,577,700,808,1020,1145,1283,1409,1643,1752,1947,2073,2293,2474,2568,2661",
                        "endColumns": "103,191,122,107,211,124,137,125,233,108,194,125,219,180,93,92,110",
                        "endOffsets": "384,576,699,807,1019,1144,1282,1408,1642,1751,1946,2072,2292,2473,2567,2660,2771"
                    },
                    "to": {
                        "startLines": "21,22,23,24,25,26,27,28,30,31,32,33,34,35,36,37,38",
                        "startColumns": "4,4,4,4,4,4,4,4,4,4,4,4,4,4,4,4,4",
                        "startOffsets": "2065,2173,2365,2492,2604,2816,2945,3087,3419,3653,3766,3961,4091,4311,4496,4594,4691",
                        "endColumns": "107,191,126,111,211,128,141,129,233,112,194,129,219,184,97,96,114",
                        "endOffsets": "2168,2360,2487,2599,2811,2940,3082,3212,3648,3761,3956,4086,4306,4491,4589,4686,4801"
                    }
                },
                {
                    "source": "C:\\Users\\rache\\.gradle\\caches\\transforms-1\\files-1.1\\play-services-basement-11.8.0.aar\\4156095f54a5b056d692bcb2b851cc07\\res\\values-cs\\values.xml",
                    "from": {
                        "startLines": "4",
                        "startColumns": "0",
                        "startOffsets": "283",
                        "endColumns": "201",
                        "endOffsets": "484"
                    },
                    "to": {
                        "startLines": "29",
                        "startColumns": "4",
                        "startOffsets": "3217",
                        "endColumns": "201",
                        "endOffsets": "3414"
                    }
                }
            ]
        }
    ]
}