{
    "logs": [
        {
            "outputFile": "C:\\Users\\Daniel\\AndroidStudioProjects\\SoftwareSpecifications\\app\\build\\intermediates\\incremental\\mergeDebugAndroidTestResources\\merged.dir\\values-bg\\values-bg.xml",
            "map": [
                {
                    "source": "C:\\Users\\Daniel\\.gradle\\caches\\transforms-1\\files-1.1\\play-services-basement-11.8.0.aar\\b0e8a5874481ea38051cd2d8a9724518\\res\\values-bg\\values.xml",
                    "from": {
                        "startLines": "4",
                        "startColumns": "0",
                        "startOffsets": "283",
                        "endColumns": "196",
                        "endOffsets": "479"
                    },
                    "to": {
                        "startLines": "29",
                        "startColumns": "4",
                        "startOffsets": "3304",
                        "endColumns": "196",
                        "endOffsets": "3496"
                    }
                },
                {
                    "source": "C:\\Users\\Daniel\\.gradle\\caches\\transforms-1\\files-1.1\\appcompat-v7-26.1.0.aar\\1f600b1218903c988bc8afd8c35bad62\\res\\values-bg\\values-bg.xml",
                    "from": {
                        "startLines": "2,3,4,5,6,7,8,9,10,11,12,13,14,15,16,17,18,19,20,21,22",
                        "startColumns": "4,4,4,4,4,4,4,4,4,4,4,4,4,4,4,4,4,4,4,4,4",
                        "startOffsets": "55,170,281,409,516,621,707,812,933,1012,1090,1173,1287,1396,1496,1610,1716,1824,1947,2046,2129",
                        "endColumns": "114,110,127,106,104,85,104,120,78,77,82,113,108,99,113,105,107,122,98,82,100",
                        "endOffsets": "165,276,404,511,616,702,807,928,1007,1085,1168,1282,1391,1491,1605,1711,1819,1942,2041,2124,2225"
                    },
                    "to": {
                        "startLines": "2,3,4,5,6,7,8,9,10,11,12,13,14,15,16,17,18,19,20,39,40",
                        "startColumns": "4,4,4,4,4,4,4,4,4,4,4,4,4,4,4,4,4,4,4,4,4",
                        "startOffsets": "105,220,331,459,566,671,757,862,983,1062,1140,1223,1337,1446,1546,1660,1766,1874,1997,4892,4975",
                        "endColumns": "114,110,127,106,104,85,104,120,78,77,82,113,108,99,113,105,107,122,98,82,100",
                        "endOffsets": "215,326,454,561,666,752,857,978,1057,1135,1218,1332,1441,1541,1655,1761,1869,1992,2091,4970,5071"
                    }
                },
                {
                    "source": "C:\\Users\\Daniel\\.gradle\\caches\\transforms-1\\files-1.1\\play-services-base-11.8.0.aar\\aee9d84feeba86acb0e68eb689ed1b20\\res\\values-bg\\values.xml",
                    "from": {
                        "startLines": "4,5,6,7,8,9,10,11,12,13,14,15,16,17,18,19,20",
                        "startColumns": "0,0,0,0,0,0,0,0,0,0,0,0,0,0,0,0,0",
                        "startOffsets": "281,388,585,718,827,1053,1186,1331,1465,1693,1803,2009,2145,2361,2553,2649,2734",
                        "endColumns": "106,196,132,108,225,132,144,133,227,109,205,135,215,191,95,84,97",
                        "endOffsets": "387,584,717,826,1052,1185,1330,1464,1692,1802,2008,2144,2360,2552,2648,2733,2831"
                    },
                    "to": {
                        "startLines": "21,22,23,24,25,26,27,28,30,31,32,33,34,35,36,37,38",
                        "startColumns": "4,4,4,4,4,4,4,4,4,4,4,4,4,4,4,4,4",
                        "startOffsets": "2096,2207,2404,2541,2654,2880,3017,3166,3501,3729,3843,4049,4189,4405,4601,4701,4790",
                        "endColumns": "110,196,136,112,225,136,148,137,227,113,205,139,215,195,99,88,101",
                        "endOffsets": "2202,2399,2536,2649,2875,3012,3161,3299,3724,3838,4044,4184,4400,4596,4696,4785,4887"
                    }
                }
            ]
        },
        {
            "outputFile": "C:\\Users\\rache\\AndroidStudioProjects\\SoftwareSpecifications\\app\\build\\intermediates\\incremental\\mergeDebugAndroidTestResources\\merged.dir\\values-bg\\values-bg.xml",
            "map": [
                {
                    "source": "C:\\Users\\rache\\.gradle\\caches\\transforms-1\\files-1.1\\play-services-basement-11.8.0.aar\\4156095f54a5b056d692bcb2b851cc07\\res\\values-bg\\values.xml",
                    "from": {
                        "startLines": "4",
                        "startColumns": "0",
                        "startOffsets": "283",
                        "endColumns": "196",
                        "endOffsets": "479"
                    },
                    "to": {
                        "startLines": "29",
                        "startColumns": "4",
                        "startOffsets": "3304",
                        "endColumns": "196",
                        "endOffsets": "3496"
                    }
                },
                {
                    "source": "C:\\Users\\rache\\.gradle\\caches\\transforms-1\\files-1.1\\play-services-base-11.8.0.aar\\f2632959cf334c052a45ac2e6c89af48\\res\\values-bg\\values.xml",
                    "from": {
                        "startLines": "4,5,6,7,8,9,10,11,12,13,14,15,16,17,18,19,20",
                        "startColumns": "0,0,0,0,0,0,0,0,0,0,0,0,0,0,0,0,0",
                        "startOffsets": "281,388,585,718,827,1053,1186,1331,1465,1693,1803,2009,2145,2361,2553,2649,2734",
                        "endColumns": "106,196,132,108,225,132,144,133,227,109,205,135,215,191,95,84,97",
                        "endOffsets": "387,584,717,826,1052,1185,1330,1464,1692,1802,2008,2144,2360,2552,2648,2733,2831"
                    },
                    "to": {
                        "startLines": "21,22,23,24,25,26,27,28,30,31,32,33,34,35,36,37,38",
                        "startColumns": "4,4,4,4,4,4,4,4,4,4,4,4,4,4,4,4,4",
                        "startOffsets": "2096,2207,2404,2541,2654,2880,3017,3166,3501,3729,3843,4049,4189,4405,4601,4701,4790",
                        "endColumns": "110,196,136,112,225,136,148,137,227,113,205,139,215,195,99,88,101",
                        "endOffsets": "2202,2399,2536,2649,2875,3012,3161,3299,3724,3838,4044,4184,4400,4596,4696,4785,4887"
                    }
                },
                {
                    "source": "C:\\Users\\rache\\.gradle\\caches\\transforms-1\\files-1.1\\appcompat-v7-26.1.0.aar\\090f1e383135fa7a576715b6cc6d265b\\res\\values-bg\\values-bg.xml",
                    "from": {
                        "startLines": "2,3,4,5,6,7,8,9,10,11,12,13,14,15,16,17,18,19,20,21,22",
                        "startColumns": "4,4,4,4,4,4,4,4,4,4,4,4,4,4,4,4,4,4,4,4,4",
                        "startOffsets": "55,170,281,409,516,621,707,812,933,1012,1090,1173,1287,1396,1496,1610,1716,1824,1947,2046,2129",
                        "endColumns": "114,110,127,106,104,85,104,120,78,77,82,113,108,99,113,105,107,122,98,82,100",
                        "endOffsets": "165,276,404,511,616,702,807,928,1007,1085,1168,1282,1391,1491,1605,1711,1819,1942,2041,2124,2225"
                    },
                    "to": {
                        "startLines": "2,3,4,5,6,7,8,9,10,11,12,13,14,15,16,17,18,19,20,39,40",
                        "startColumns": "4,4,4,4,4,4,4,4,4,4,4,4,4,4,4,4,4,4,4,4,4",
                        "startOffsets": "105,220,331,459,566,671,757,862,983,1062,1140,1223,1337,1446,1546,1660,1766,1874,1997,4892,4975",
                        "endColumns": "114,110,127,106,104,85,104,120,78,77,82,113,108,99,113,105,107,122,98,82,100",
                        "endOffsets": "215,326,454,561,666,752,857,978,1057,1135,1218,1332,1441,1541,1655,1761,1869,1992,2091,4970,5071"
                    }
                }
            ]
        }
    ]
}