{
    "logs": [
        {
            "outputFile": "C:\\Users\\Daniel\\AndroidStudioProjects\\SoftwareSpecifications\\app\\build\\intermediates\\incremental\\mergeDebugAndroidTestResources\\merged.dir\\values-pt-rPT\\values-pt-rPT.xml",
            "map": [
                {
                    "source": "C:\\Users\\Daniel\\.gradle\\caches\\transforms-1\\files-1.1\\play-services-base-11.8.0.aar\\aee9d84feeba86acb0e68eb689ed1b20\\res\\values-pt-rPT\\values.xml",
                    "from": {
                        "startLines": "4,5,6,7,8,9,10,11,12,13,14,15,16,17,18,19,20",
                        "startColumns": "0,0,0,0,0,0,0,0,0,0,0,0,0,0,0,0,0",
                        "startOffsets": "285,388,583,709,815,1042,1168,1316,1450,1697,1803,2004,2133,2351,2555,2649,2744",
                        "endColumns": "102,194,125,105,226,125,147,133,246,105,200,128,217,203,93,94,111",
                        "endOffsets": "387,582,708,814,1041,1167,1315,1449,1696,1802,2003,2132,2350,2554,2648,2743,2855"
                    },
                    "to": {
                        "startLines": "21,22,23,24,25,26,27,28,30,31,32,33,34,35,36,37,38",
                        "startColumns": "4,4,4,4,4,4,4,4,4,4,4,4,4,4,4,4,4",
                        "startOffsets": "2099,2206,2401,2531,2641,2868,2998,3150,3492,3739,3849,4050,4183,4401,4609,4707,4806",
                        "endColumns": "106,194,129,109,226,129,151,137,246,109,200,132,217,207,97,98,115",
                        "endOffsets": "2201,2396,2526,2636,2863,2993,3145,3283,3734,3844,4045,4178,4396,4604,4702,4801,4917"
                    }
                },
                {
                    "source": "C:\\Users\\Daniel\\.gradle\\caches\\transforms-1\\files-1.1\\appcompat-v7-26.1.0.aar\\1f600b1218903c988bc8afd8c35bad62\\res\\values-pt-rPT\\values-pt-rPT.xml",
                    "from": {
                        "startLines": "2,3,4,5,6,7,8,9,10,11,12,13,14,15,16,17,18,19,20,21,22",
                        "startColumns": "4,4,4,4,4,4,4,4,4,4,4,4,4,4,4,4,4,4,4,4,4",
                        "startOffsets": "55,175,283,406,512,619,708,809,933,1017,1098,1185,1292,1404,1506,1614,1721,1828,1950,2049,2134",
                        "endColumns": "119,107,122,105,106,88,100,123,83,80,86,106,111,101,107,106,106,121,98,84,100",
                        "endOffsets": "170,278,401,507,614,703,804,928,1012,1093,1180,1287,1399,1501,1609,1716,1823,1945,2044,2129,2230"
                    },
                    "to": {
                        "startLines": "2,3,4,5,6,7,8,9,10,11,12,13,14,15,16,17,18,19,20,39,40",
                        "startColumns": "4,4,4,4,4,4,4,4,4,4,4,4,4,4,4,4,4,4,4,4,4",
                        "startOffsets": "105,225,333,456,562,669,758,859,983,1067,1148,1235,1342,1454,1556,1664,1771,1878,2000,4922,5007",
                        "endColumns": "119,107,122,105,106,88,100,123,83,80,86,106,111,101,107,106,106,121,98,84,100",
                        "endOffsets": "220,328,451,557,664,753,854,978,1062,1143,1230,1337,1449,1551,1659,1766,1873,1995,2094,5002,5103"
                    }
                },
                {
                    "source": "C:\\Users\\Daniel\\.gradle\\caches\\transforms-1\\files-1.1\\play-services-basement-11.8.0.aar\\b0e8a5874481ea38051cd2d8a9724518\\res\\values-pt-rPT\\values.xml",
                    "from": {
                        "startLines": "4",
                        "startColumns": "0",
                        "startOffsets": "287",
                        "endColumns": "203",
                        "endOffsets": "490"
                    },
                    "to": {
                        "startLines": "29",
                        "startColumns": "4",
                        "startOffsets": "3288",
                        "endColumns": "203",
                        "endOffsets": "3487"
                    }
                }
            ]
        },
        {
            "outputFile": "C:\\Users\\rache\\AndroidStudioProjects\\SoftwareSpecifications\\app\\build\\intermediates\\incremental\\mergeDebugAndroidTestResources\\merged.dir\\values-pt-rPT\\values-pt-rPT.xml",
            "map": [
                {
                    "source": "C:\\Users\\rache\\.gradle\\caches\\transforms-1\\files-1.1\\play-services-basement-11.8.0.aar\\4156095f54a5b056d692bcb2b851cc07\\res\\values-pt-rPT\\values.xml",
                    "from": {
                        "startLines": "4",
                        "startColumns": "0",
                        "startOffsets": "287",
                        "endColumns": "203",
                        "endOffsets": "490"
                    },
                    "to": {
                        "startLines": "29",
                        "startColumns": "4",
                        "startOffsets": "3288",
                        "endColumns": "203",
                        "endOffsets": "3487"
                    }
                },
                {
                    "source": "C:\\Users\\rache\\.gradle\\caches\\transforms-1\\files-1.1\\play-services-base-11.8.0.aar\\f2632959cf334c052a45ac2e6c89af48\\res\\values-pt-rPT\\values.xml",
                    "from": {
                        "startLines": "4,5,6,7,8,9,10,11,12,13,14,15,16,17,18,19,20",
                        "startColumns": "0,0,0,0,0,0,0,0,0,0,0,0,0,0,0,0,0",
                        "startOffsets": "285,388,583,709,815,1042,1168,1316,1450,1697,1803,2004,2133,2351,2555,2649,2744",
                        "endColumns": "102,194,125,105,226,125,147,133,246,105,200,128,217,203,93,94,111",
                        "endOffsets": "387,582,708,814,1041,1167,1315,1449,1696,1802,2003,2132,2350,2554,2648,2743,2855"
                    },
                    "to": {
                        "startLines": "21,22,23,24,25,26,27,28,30,31,32,33,34,35,36,37,38",
                        "startColumns": "4,4,4,4,4,4,4,4,4,4,4,4,4,4,4,4,4",
                        "startOffsets": "2099,2206,2401,2531,2641,2868,2998,3150,3492,3739,3849,4050,4183,4401,4609,4707,4806",
                        "endColumns": "106,194,129,109,226,129,151,137,246,109,200,132,217,207,97,98,115",
                        "endOffsets": "2201,2396,2526,2636,2863,2993,3145,3283,3734,3844,4045,4178,4396,4604,4702,4801,4917"
                    }
                },
                {
                    "source": "C:\\Users\\rache\\.gradle\\caches\\transforms-1\\files-1.1\\appcompat-v7-26.1.0.aar\\090f1e383135fa7a576715b6cc6d265b\\res\\values-pt-rPT\\values-pt-rPT.xml",
                    "from": {
                        "startLines": "2,3,4,5,6,7,8,9,10,11,12,13,14,15,16,17,18,19,20,21,22",
                        "startColumns": "4,4,4,4,4,4,4,4,4,4,4,4,4,4,4,4,4,4,4,4,4",
                        "startOffsets": "55,175,283,406,512,619,708,809,933,1017,1098,1185,1292,1404,1506,1614,1721,1828,1950,2049,2134",
                        "endColumns": "119,107,122,105,106,88,100,123,83,80,86,106,111,101,107,106,106,121,98,84,100",
                        "endOffsets": "170,278,401,507,614,703,804,928,1012,1093,1180,1287,1399,1501,1609,1716,1823,1945,2044,2129,2230"
                    },
                    "to": {
                        "startLines": "2,3,4,5,6,7,8,9,10,11,12,13,14,15,16,17,18,19,20,39,40",
                        "startColumns": "4,4,4,4,4,4,4,4,4,4,4,4,4,4,4,4,4,4,4,4,4",
                        "startOffsets": "105,225,333,456,562,669,758,859,983,1067,1148,1235,1342,1454,1556,1664,1771,1878,2000,4922,5007",
                        "endColumns": "119,107,122,105,106,88,100,123,83,80,86,106,111,101,107,106,106,121,98,84,100",
                        "endOffsets": "220,328,451,557,664,753,854,978,1062,1143,1230,1337,1449,1551,1659,1766,1873,1995,2094,5002,5103"
                    }
                }
            ]
        }
    ]
}