{
    "logs": [
        {
            "outputFile": "C:\\Users\\rache\\AndroidStudioProjects\\SoftwareSpecifications\\app\\build\\intermediates\\incremental\\mergeDebugAndroidTestResources\\merged.dir\\values-iw\\values-iw.xml",
            "map": [
                {
                    "source": "C:\\Users\\rache\\.gradle\\caches\\transforms-1\\files-1.1\\appcompat-v7-26.1.0.aar\\090f1e383135fa7a576715b6cc6d265b\\res\\values-iw\\values-iw.xml",
                    "from": {
                        "startLines": "2,3,4,5,6,7,8,9,10,11,12,13,14,15,16,17,18,19,20,21,22",
                        "startColumns": "4,4,4,4,4,4,4,4,4,4,4,4,4,4,4,4,4,4,4,4,4",
                        "startOffsets": "55,159,269,395,494,602,686,786,900,978,1056,1135,1237,1341,1437,1540,1641,1741,1857,1953,2032",
                        "endColumns": "103,109,125,98,107,83,99,113,77,77,78,101,103,95,102,100,99,115,95,78,102",
                        "endOffsets": "154,264,390,489,597,681,781,895,973,1051,1130,1232,1336,1432,1535,1636,1736,1852,1948,2027,2130"
                    },
                    "to": {
                        "startLines": "2,3,4,5,6,7,8,9,10,11,12,13,14,15,16,17,18,19,20,39,40",
                        "startColumns": "4,4,4,4,4,4,4,4,4,4,4,4,4,4,4,4,4,4,4,4,4",
                        "startOffsets": "105,209,319,445,544,652,736,836,950,1028,1106,1185,1287,1391,1487,1590,1691,1791,1907,4562,4641",
                        "endColumns": "103,109,125,98,107,83,99,113,77,77,78,101,103,95,102,100,99,115,95,78,102",
                        "endOffsets": "204,314,440,539,647,731,831,945,1023,1101,1180,1282,1386,1482,1585,1686,1786,1902,1998,4636,4739"
                    }
                },
                {
                    "source": "C:\\Users\\rache\\.gradle\\caches\\transforms-1\\files-1.1\\play-services-base-11.8.0.aar\\f2632959cf334c052a45ac2e6c89af48\\res\\values-iw\\values.xml",
                    "from": {
                        "startLines": "4,5,6,7,8,9,10,11,12,13,14,15,16,17,18,19,20",
                        "startColumns": "0,0,0,0,0,0,0,0,0,0,0,0,0,0,0,0,0",
                        "startOffsets": "281,382,568,691,793,991,1114,1252,1380,1575,1676,1852,1973,2166,2337,2423,2509",
                        "endColumns": "100,185,122,101,197,122,137,127,194,100,175,120,192,170,85,85,105",
                        "endOffsets": "381,567,690,792,990,1113,1251,1379,1574,1675,1851,1972,2165,2336,2422,2508,2614"
                    },
                    "to": {
                        "startLines": "21,22,23,24,25,26,27,28,30,31,32,33,34,35,36,37,38",
                        "startColumns": "4,4,4,4,4,4,4,4,4,4,4,4,4,4,4,4,4",
                        "startOffsets": "2003,2108,2294,2421,2527,2725,2852,2994,3303,3498,3603,3779,3904,4097,4272,4362,4452",
                        "endColumns": "104,185,126,105,197,126,141,131,194,104,175,124,192,174,89,89,109",
                        "endOffsets": "2103,2289,2416,2522,2720,2847,2989,3121,3493,3598,3774,3899,4092,4267,4357,4447,4557"
                    }
                },
                {
                    "source": "C:\\Users\\rache\\.gradle\\caches\\transforms-1\\files-1.1\\play-services-basement-11.8.0.aar\\4156095f54a5b056d692bcb2b851cc07\\res\\values-iw\\values.xml",
                    "from": {
                        "startLines": "4",
                        "startColumns": "0",
                        "startOffsets": "283",
                        "endColumns": "176",
                        "endOffsets": "459"
                    },
                    "to": {
                        "startLines": "29",
                        "startColumns": "4",
                        "startOffsets": "3126",
                        "endColumns": "176",
                        "endOffsets": "3298"
                    }
                }
            ]
        },
        {
            "outputFile": "C:\\Users\\Daniel\\AndroidStudioProjects\\SoftwareSpecifications\\app\\build\\intermediates\\incremental\\mergeDebugAndroidTestResources\\merged.dir\\values-iw\\values-iw.xml",
            "map": [
                {
                    "source": "C:\\Users\\Daniel\\.gradle\\caches\\transforms-1\\files-1.1\\play-services-basement-11.8.0.aar\\b0e8a5874481ea38051cd2d8a9724518\\res\\values-iw\\values.xml",
                    "from": {
                        "startLines": "4",
                        "startColumns": "0",
                        "startOffsets": "283",
                        "endColumns": "176",
                        "endOffsets": "459"
                    },
                    "to": {
                        "startLines": "29",
                        "startColumns": "4",
                        "startOffsets": "3126",
                        "endColumns": "176",
                        "endOffsets": "3298"
                    }
                },
                {
                    "source": "C:\\Users\\Daniel\\.gradle\\caches\\transforms-1\\files-1.1\\play-services-base-11.8.0.aar\\aee9d84feeba86acb0e68eb689ed1b20\\res\\values-iw\\values.xml",
                    "from": {
                        "startLines": "4,5,6,7,8,9,10,11,12,13,14,15,16,17,18,19,20",
                        "startColumns": "0,0,0,0,0,0,0,0,0,0,0,0,0,0,0,0,0",
                        "startOffsets": "281,382,568,691,793,991,1114,1252,1380,1575,1676,1852,1973,2166,2337,2423,2509",
                        "endColumns": "100,185,122,101,197,122,137,127,194,100,175,120,192,170,85,85,105",
                        "endOffsets": "381,567,690,792,990,1113,1251,1379,1574,1675,1851,1972,2165,2336,2422,2508,2614"
                    },
                    "to": {
                        "startLines": "21,22,23,24,25,26,27,28,30,31,32,33,34,35,36,37,38",
                        "startColumns": "4,4,4,4,4,4,4,4,4,4,4,4,4,4,4,4,4",
                        "startOffsets": "2003,2108,2294,2421,2527,2725,2852,2994,3303,3498,3603,3779,3904,4097,4272,4362,4452",
                        "endColumns": "104,185,126,105,197,126,141,131,194,104,175,124,192,174,89,89,109",
                        "endOffsets": "2103,2289,2416,2522,2720,2847,2989,3121,3493,3598,3774,3899,4092,4267,4357,4447,4557"
                    }
                },
                {
                    "source": "C:\\Users\\Daniel\\.gradle\\caches\\transforms-1\\files-1.1\\appcompat-v7-26.1.0.aar\\1f600b1218903c988bc8afd8c35bad62\\res\\values-iw\\values-iw.xml",
                    "from": {
                        "startLines": "2,3,4,5,6,7,8,9,10,11,12,13,14,15,16,17,18,19,20,21,22",
                        "startColumns": "4,4,4,4,4,4,4,4,4,4,4,4,4,4,4,4,4,4,4,4,4",
                        "startOffsets": "55,159,269,395,494,602,686,786,900,978,1056,1135,1237,1341,1437,1540,1641,1741,1857,1953,2032",
                        "endColumns": "103,109,125,98,107,83,99,113,77,77,78,101,103,95,102,100,99,115,95,78,102",
                        "endOffsets": "154,264,390,489,597,681,781,895,973,1051,1130,1232,1336,1432,1535,1636,1736,1852,1948,2027,2130"
                    },
                    "to": {
                        "startLines": "2,3,4,5,6,7,8,9,10,11,12,13,14,15,16,17,18,19,20,39,40",
                        "startColumns": "4,4,4,4,4,4,4,4,4,4,4,4,4,4,4,4,4,4,4,4,4",
                        "startOffsets": "105,209,319,445,544,652,736,836,950,1028,1106,1185,1287,1391,1487,1590,1691,1791,1907,4562,4641",
                        "endColumns": "103,109,125,98,107,83,99,113,77,77,78,101,103,95,102,100,99,115,95,78,102",
                        "endOffsets": "204,314,440,539,647,731,831,945,1023,1101,1180,1282,1386,1482,1585,1686,1786,1902,1998,4636,4739"
                    }
                }
            ]
        }
    ]
}