{
    "logs": [
        {
            "outputFile": "C:\\Users\\Daniel\\AndroidStudioProjects\\SoftwareSpecifications\\app\\build\\intermediates\\incremental\\mergeDebugAndroidTestResources\\merged.dir\\values-hr\\values-hr.xml",
            "map": [
                {
                    "source": "C:\\Users\\Daniel\\.gradle\\caches\\transforms-1\\files-1.1\\play-services-base-11.8.0.aar\\aee9d84feeba86acb0e68eb689ed1b20\\res\\values-hr\\values.xml",
                    "from": {
                        "startLines": "4,5,6,7,8,9,10,11,12,13,14,15,16,17,18,19,20",
                        "startColumns": "0,0,0,0,0,0,0,0,0,0,0,0,0,0,0,0,0",
                        "startOffsets": "281,385,574,702,810,1026,1154,1295,1427,1636,1741,1929,2055,2261,2430,2524,2612",
                        "endColumns": "103,188,127,107,215,127,140,131,208,104,187,125,205,168,93,87,105",
                        "endOffsets": "384,573,701,809,1025,1153,1294,1426,1635,1740,1928,2054,2260,2429,2523,2611,2717"
                    },
                    "to": {
                        "startLines": "21,22,23,24,25,26,27,28,30,31,32,33,34,35,36,37,38",
                        "startColumns": "4,4,4,4,4,4,4,4,4,4,4,4,4,4,4,4,4",
                        "startOffsets": "2078,2186,2375,2507,2619,2835,2967,3112,3439,3648,3757,3945,4075,4281,4454,4552,4644",
                        "endColumns": "107,188,131,111,215,131,144,135,208,108,187,129,205,172,97,91,109",
                        "endOffsets": "2181,2370,2502,2614,2830,2962,3107,3243,3643,3752,3940,4070,4276,4449,4547,4639,4749"
                    }
                },
                {
                    "source": "C:\\Users\\Daniel\\.gradle\\caches\\transforms-1\\files-1.1\\play-services-basement-11.8.0.aar\\b0e8a5874481ea38051cd2d8a9724518\\res\\values-hr\\values.xml",
                    "from": {
                        "startLines": "4",
                        "startColumns": "0",
                        "startOffsets": "283",
                        "endColumns": "190",
                        "endOffsets": "473"
                    },
                    "to": {
                        "startLines": "29",
                        "startColumns": "4",
                        "startOffsets": "3248",
                        "endColumns": "190",
                        "endOffsets": "3434"
                    }
                },
                {
                    "source": "C:\\Users\\Daniel\\.gradle\\caches\\transforms-1\\files-1.1\\appcompat-v7-26.1.0.aar\\1f600b1218903c988bc8afd8c35bad62\\res\\values-hr\\values-hr.xml",
                    "from": {
                        "startLines": "2,3,4,5,6,7,8,9,10,11,12,13,14,15,16,17,18,19,20,21,22",
                        "startColumns": "4,4,4,4,4,4,4,4,4,4,4,4,4,4,4,4,4,4,4,4,4",
                        "startOffsets": "55,160,268,391,488,598,684,788,907,991,1074,1160,1264,1377,1483,1588,1701,1808,1931,2028,2117",
                        "endColumns": "104,107,122,96,109,85,103,118,83,82,85,103,112,105,104,112,106,122,96,88,100",
                        "endOffsets": "155,263,386,483,593,679,783,902,986,1069,1155,1259,1372,1478,1583,1696,1803,1926,2023,2112,2213"
                    },
                    "to": {
                        "startLines": "2,3,4,5,6,7,8,9,10,11,12,13,14,15,16,17,18,19,20,39,40",
                        "startColumns": "4,4,4,4,4,4,4,4,4,4,4,4,4,4,4,4,4,4,4,4,4",
                        "startOffsets": "105,210,318,441,538,648,734,838,957,1041,1124,1210,1314,1427,1533,1638,1751,1858,1981,4754,4843",
                        "endColumns": "104,107,122,96,109,85,103,118,83,82,85,103,112,105,104,112,106,122,96,88,100",
                        "endOffsets": "205,313,436,533,643,729,833,952,1036,1119,1205,1309,1422,1528,1633,1746,1853,1976,2073,4838,4939"
                    }
                }
            ]
        },
        {
            "outputFile": "C:\\Users\\rache\\AndroidStudioProjects\\SoftwareSpecifications\\app\\build\\intermediates\\incremental\\mergeDebugAndroidTestResources\\merged.dir\\values-hr\\values-hr.xml",
            "map": [
                {
                    "source": "C:\\Users\\rache\\.gradle\\caches\\transforms-1\\files-1.1\\play-services-base-11.8.0.aar\\f2632959cf334c052a45ac2e6c89af48\\res\\values-hr\\values.xml",
                    "from": {
                        "startLines": "4,5,6,7,8,9,10,11,12,13,14,15,16,17,18,19,20",
                        "startColumns": "0,0,0,0,0,0,0,0,0,0,0,0,0,0,0,0,0",
                        "startOffsets": "281,385,574,702,810,1026,1154,1295,1427,1636,1741,1929,2055,2261,2430,2524,2612",
                        "endColumns": "103,188,127,107,215,127,140,131,208,104,187,125,205,168,93,87,105",
                        "endOffsets": "384,573,701,809,1025,1153,1294,1426,1635,1740,1928,2054,2260,2429,2523,2611,2717"
                    },
                    "to": {
                        "startLines": "21,22,23,24,25,26,27,28,30,31,32,33,34,35,36,37,38",
                        "startColumns": "4,4,4,4,4,4,4,4,4,4,4,4,4,4,4,4,4",
                        "startOffsets": "2078,2186,2375,2507,2619,2835,2967,3112,3439,3648,3757,3945,4075,4281,4454,4552,4644",
                        "endColumns": "107,188,131,111,215,131,144,135,208,108,187,129,205,172,97,91,109",
                        "endOffsets": "2181,2370,2502,2614,2830,2962,3107,3243,3643,3752,3940,4070,4276,4449,4547,4639,4749"
                    }
                },
                {
                    "source": "C:\\Users\\rache\\.gradle\\caches\\transforms-1\\files-1.1\\play-services-basement-11.8.0.aar\\4156095f54a5b056d692bcb2b851cc07\\res\\values-hr\\values.xml",
                    "from": {
                        "startLines": "4",
                        "startColumns": "0",
                        "startOffsets": "283",
                        "endColumns": "190",
                        "endOffsets": "473"
                    },
                    "to": {
                        "startLines": "29",
                        "startColumns": "4",
                        "startOffsets": "3248",
                        "endColumns": "190",
                        "endOffsets": "3434"
                    }
                },
                {
                    "source": "C:\\Users\\rache\\.gradle\\caches\\transforms-1\\files-1.1\\appcompat-v7-26.1.0.aar\\090f1e383135fa7a576715b6cc6d265b\\res\\values-hr\\values-hr.xml",
                    "from": {
                        "startLines": "2,3,4,5,6,7,8,9,10,11,12,13,14,15,16,17,18,19,20,21,22",
                        "startColumns": "4,4,4,4,4,4,4,4,4,4,4,4,4,4,4,4,4,4,4,4,4",
                        "startOffsets": "55,160,268,391,488,598,684,788,907,991,1074,1160,1264,1377,1483,1588,1701,1808,1931,2028,2117",
                        "endColumns": "104,107,122,96,109,85,103,118,83,82,85,103,112,105,104,112,106,122,96,88,100",
                        "endOffsets": "155,263,386,483,593,679,783,902,986,1069,1155,1259,1372,1478,1583,1696,1803,1926,2023,2112,2213"
                    },
                    "to": {
                        "startLines": "2,3,4,5,6,7,8,9,10,11,12,13,14,15,16,17,18,19,20,39,40",
                        "startColumns": "4,4,4,4,4,4,4,4,4,4,4,4,4,4,4,4,4,4,4,4,4",
                        "startOffsets": "105,210,318,441,538,648,734,838,957,1041,1124,1210,1314,1427,1533,1638,1751,1858,1981,4754,4843",
                        "endColumns": "104,107,122,96,109,85,103,118,83,82,85,103,112,105,104,112,106,122,96,88,100",
                        "endOffsets": "205,313,436,533,643,729,833,952,1036,1119,1205,1309,1422,1528,1633,1746,1853,1976,2073,4838,4939"
                    }
                }
            ]
        }
    ]
}