{
    "logs": [
        {
            "outputFile": "C:\\Users\\Daniel\\AndroidStudioProjects\\SoftwareSpecifications\\app\\build\\intermediates\\incremental\\mergeDebugAndroidTestResources\\merged.dir\\values-mn\\values-mn.xml",
            "map": [
                {
                    "source": "C:\\Users\\Daniel\\.gradle\\caches\\transforms-1\\files-1.1\\appcompat-v7-26.1.0.aar\\1f600b1218903c988bc8afd8c35bad62\\res\\values-mn\\values-mn.xml",
                    "from": {
                        "startLines": "2,3,4,5,6,7,8,9,10,11,12,13,14,15,16,17,18,19,20,21,22",
                        "startColumns": "4,4,4,4,4,4,4,4,4,4,4,4,4,4,4,4,4,4,4,4,4",
                        "startOffsets": "55,168,276,399,499,612,699,805,917,999,1081,1163,1272,1376,1473,1581,1682,1785,1907,2004,2085",
                        "endColumns": "112,107,122,99,112,86,105,111,81,81,81,108,103,96,107,100,102,121,96,80,100",
                        "endOffsets": "163,271,394,494,607,694,800,912,994,1076,1158,1267,1371,1468,1576,1677,1780,1902,1999,2080,2181"
                    },
                    "to": {
                        "startLines": "2,3,4,5,6,7,8,9,10,11,12,13,14,15,16,17,18,19,20,39,40",
                        "startColumns": "4,4,4,4,4,4,4,4,4,4,4,4,4,4,4,4,4,4,4,4,4",
                        "startOffsets": "105,218,326,449,549,662,749,855,967,1049,1131,1213,1322,1426,1523,1631,1732,1835,1957,4758,4839",
                        "endColumns": "112,107,122,99,112,86,105,111,81,81,81,108,103,96,107,100,102,121,96,80,100",
                        "endOffsets": "213,321,444,544,657,744,850,962,1044,1126,1208,1317,1421,1518,1626,1727,1830,1952,2049,4834,4935"
                    }
                },
                {
                    "source": "C:\\Users\\Daniel\\.gradle\\caches\\transforms-1\\files-1.1\\play-services-base-11.8.0.aar\\aee9d84feeba86acb0e68eb689ed1b20\\res\\values-mn\\values.xml",
                    "from": {
                        "startLines": "4,5,6,7,8,9,10,11,12,13,14,15,16,17,18,19,20",
                        "startColumns": "0,0,0,0,0,0,0,0,0,0,0,0,0,0,0,0,0",
                        "startOffsets": "281,389,578,708,813,1009,1133,1288,1423,1626,1731,1930,2057,2257,2451,2538,2626",
                        "endColumns": "107,188,129,104,195,123,154,134,202,104,198,126,199,193,86,87,101",
                        "endOffsets": "388,577,707,812,1008,1132,1287,1422,1625,1730,1929,2056,2256,2450,2537,2625,2727"
                    },
                    "to": {
                        "startLines": "21,22,23,24,25,26,27,28,30,31,32,33,34,35,36,37,38",
                        "startColumns": "4,4,4,4,4,4,4,4,4,4,4,4,4,4,4,4,4",
                        "startOffsets": "2054,2166,2355,2489,2598,2794,2922,3081,3429,3632,3741,3940,4071,4271,4469,4560,4652",
                        "endColumns": "111,188,133,108,195,127,158,138,202,108,198,130,199,197,90,91,105",
                        "endOffsets": "2161,2350,2484,2593,2789,2917,3076,3215,3627,3736,3935,4066,4266,4464,4555,4647,4753"
                    }
                },
                {
                    "source": "C:\\Users\\Daniel\\.gradle\\caches\\transforms-1\\files-1.1\\play-services-basement-11.8.0.aar\\b0e8a5874481ea38051cd2d8a9724518\\res\\values-mn\\values.xml",
                    "from": {
                        "startLines": "4",
                        "startColumns": "0",
                        "startOffsets": "283",
                        "endColumns": "208",
                        "endOffsets": "491"
                    },
                    "to": {
                        "startLines": "29",
                        "startColumns": "4",
                        "startOffsets": "3220",
                        "endColumns": "208",
                        "endOffsets": "3424"
                    }
                }
            ]
        },
        {
            "outputFile": "C:\\Users\\rache\\AndroidStudioProjects\\SoftwareSpecifications\\app\\build\\intermediates\\incremental\\mergeDebugAndroidTestResources\\merged.dir\\values-mn\\values-mn.xml",
            "map": [
                {
                    "source": "C:\\Users\\rache\\.gradle\\caches\\transforms-1\\files-1.1\\play-services-basement-11.8.0.aar\\4156095f54a5b056d692bcb2b851cc07\\res\\values-mn\\values.xml",
                    "from": {
                        "startLines": "4",
                        "startColumns": "0",
                        "startOffsets": "283",
                        "endColumns": "208",
                        "endOffsets": "491"
                    },
                    "to": {
                        "startLines": "29",
                        "startColumns": "4",
                        "startOffsets": "3220",
                        "endColumns": "208",
                        "endOffsets": "3424"
                    }
                },
                {
                    "source": "C:\\Users\\rache\\.gradle\\caches\\transforms-1\\files-1.1\\play-services-base-11.8.0.aar\\f2632959cf334c052a45ac2e6c89af48\\res\\values-mn\\values.xml",
                    "from": {
                        "startLines": "4,5,6,7,8,9,10,11,12,13,14,15,16,17,18,19,20",
                        "startColumns": "0,0,0,0,0,0,0,0,0,0,0,0,0,0,0,0,0",
                        "startOffsets": "281,389,578,708,813,1009,1133,1288,1423,1626,1731,1930,2057,2257,2451,2538,2626",
                        "endColumns": "107,188,129,104,195,123,154,134,202,104,198,126,199,193,86,87,101",
                        "endOffsets": "388,577,707,812,1008,1132,1287,1422,1625,1730,1929,2056,2256,2450,2537,2625,2727"
                    },
                    "to": {
                        "startLines": "21,22,23,24,25,26,27,28,30,31,32,33,34,35,36,37,38",
                        "startColumns": "4,4,4,4,4,4,4,4,4,4,4,4,4,4,4,4,4",
                        "startOffsets": "2054,2166,2355,2489,2598,2794,2922,3081,3429,3632,3741,3940,4071,4271,4469,4560,4652",
                        "endColumns": "111,188,133,108,195,127,158,138,202,108,198,130,199,197,90,91,105",
                        "endOffsets": "2161,2350,2484,2593,2789,2917,3076,3215,3627,3736,3935,4066,4266,4464,4555,4647,4753"
                    }
                },
                {
                    "source": "C:\\Users\\rache\\.gradle\\caches\\transforms-1\\files-1.1\\appcompat-v7-26.1.0.aar\\090f1e383135fa7a576715b6cc6d265b\\res\\values-mn\\values-mn.xml",
                    "from": {
                        "startLines": "2,3,4,5,6,7,8,9,10,11,12,13,14,15,16,17,18,19,20,21,22",
                        "startColumns": "4,4,4,4,4,4,4,4,4,4,4,4,4,4,4,4,4,4,4,4,4",
                        "startOffsets": "55,168,276,399,499,612,699,805,917,999,1081,1163,1272,1376,1473,1581,1682,1785,1907,2004,2085",
                        "endColumns": "112,107,122,99,112,86,105,111,81,81,81,108,103,96,107,100,102,121,96,80,100",
                        "endOffsets": "163,271,394,494,607,694,800,912,994,1076,1158,1267,1371,1468,1576,1677,1780,1902,1999,2080,2181"
                    },
                    "to": {
                        "startLines": "2,3,4,5,6,7,8,9,10,11,12,13,14,15,16,17,18,19,20,39,40",
                        "startColumns": "4,4,4,4,4,4,4,4,4,4,4,4,4,4,4,4,4,4,4,4,4",
                        "startOffsets": "105,218,326,449,549,662,749,855,967,1049,1131,1213,1322,1426,1523,1631,1732,1835,1957,4758,4839",
                        "endColumns": "112,107,122,99,112,86,105,111,81,81,81,108,103,96,107,100,102,121,96,80,100",
                        "endOffsets": "213,321,444,544,657,744,850,962,1044,1126,1208,1317,1421,1518,1626,1727,1830,1952,2049,4834,4935"
                    }
                }
            ]
        }
    ]
}