{
    "logs": [
        {
            "outputFile": "C:\\Users\\rache\\AndroidStudioProjects\\SoftwareSpecifications\\app\\build\\intermediates\\incremental\\mergeDebugAndroidTestResources\\merged.dir\\values-ar\\values-ar.xml",
            "map": [
                {
                    "source": "C:\\Users\\rache\\.gradle\\caches\\transforms-1\\files-1.1\\appcompat-v7-26.1.0.aar\\090f1e383135fa7a576715b6cc6d265b\\res\\values-ar\\values-ar.xml",
                    "from": {
                        "startLines": "2,3,4,5,6,7,8,9,10,11,12,13,14,15,16,17,18,19,20,21,22",
                        "startColumns": "4,4,4,4,4,4,4,4,4,4,4,4,4,4,4,4,4,4,4,4,4",
                        "startOffsets": "55,172,280,403,507,616,698,799,913,992,1071,1150,1255,1356,1452,1560,1663,1766,1885,1982,2063",
                        "endColumns": "116,107,122,103,108,81,100,113,78,78,78,104,100,95,107,102,102,118,96,80,100",
                        "endOffsets": "167,275,398,502,611,693,794,908,987,1066,1145,1250,1351,1447,1555,1658,1761,1880,1977,2058,2159"
                    },
                    "to": {
                        "startLines": "2,3,4,5,6,7,8,9,10,11,12,13,14,15,16,17,18,19,20,39,40",
                        "startColumns": "4,4,4,4,4,4,4,4,4,4,4,4,4,4,4,4,4,4,4,4,4",
                        "startOffsets": "105,222,330,453,557,666,748,849,963,1042,1121,1200,1305,1406,1502,1610,1713,1816,1935,4617,4698",
                        "endColumns": "116,107,122,103,108,81,100,113,78,78,78,104,100,95,107,102,102,118,96,80,100",
                        "endOffsets": "217,325,448,552,661,743,844,958,1037,1116,1195,1300,1401,1497,1605,1708,1811,1930,2027,4693,4794"
                    }
                },
                {
                    "source": "C:\\Users\\rache\\.gradle\\caches\\transforms-1\\files-1.1\\play-services-base-11.8.0.aar\\f2632959cf334c052a45ac2e6c89af48\\res\\values-ar\\values.xml",
                    "from": {
                        "startLines": "4,5,6,7,8,9,10,11,12,13,14,15,16,17,18,19,20",
                        "startColumns": "0,0,0,0,0,0,0,0,0,0,0,0,0,0,0,0,0",
                        "startOffsets": "281,383,559,679,782,979,1105,1242,1369,1565,1667,1848,1968,2166,2338,2428,2520",
                        "endColumns": "101,175,119,102,196,125,136,126,195,101,180,119,197,171,89,91,108",
                        "endOffsets": "382,558,678,781,978,1104,1241,1368,1564,1666,1847,1967,2165,2337,2427,2519,2628"
                    },
                    "to": {
                        "startLines": "21,22,23,24,25,26,27,28,30,31,32,33,34,35,36,37,38",
                        "startColumns": "4,4,4,4,4,4,4,4,4,4,4,4,4,4,4,4,4",
                        "startOffsets": "2032,2138,2314,2438,2545,2742,2872,3013,3333,3529,3635,3816,3940,4138,4314,4408,4504",
                        "endColumns": "105,175,123,106,196,129,140,130,195,105,180,123,197,175,93,95,112",
                        "endOffsets": "2133,2309,2433,2540,2737,2867,3008,3139,3524,3630,3811,3935,4133,4309,4403,4499,4612"
                    }
                },
                {
                    "source": "C:\\Users\\rache\\.gradle\\caches\\transforms-1\\files-1.1\\play-services-basement-11.8.0.aar\\4156095f54a5b056d692bcb2b851cc07\\res\\values-ar\\values.xml",
                    "from": {
                        "startLines": "4",
                        "startColumns": "0",
                        "startOffsets": "283",
                        "endColumns": "188",
                        "endOffsets": "471"
                    },
                    "to": {
                        "startLines": "29",
                        "startColumns": "4",
                        "startOffsets": "3144",
                        "endColumns": "188",
                        "endOffsets": "3328"
                    }
                }
            ]
        },
        {
            "outputFile": "C:\\Users\\Daniel\\AndroidStudioProjects\\SoftwareSpecifications\\app\\build\\intermediates\\incremental\\mergeDebugAndroidTestResources\\merged.dir\\values-ar\\values-ar.xml",
            "map": [
                {
                    "source": "C:\\Users\\Daniel\\.gradle\\caches\\transforms-1\\files-1.1\\play-services-base-11.8.0.aar\\aee9d84feeba86acb0e68eb689ed1b20\\res\\values-ar\\values.xml",
                    "from": {
                        "startLines": "4,5,6,7,8,9,10,11,12,13,14,15,16,17,18,19,20",
                        "startColumns": "0,0,0,0,0,0,0,0,0,0,0,0,0,0,0,0,0",
                        "startOffsets": "281,383,559,679,782,979,1105,1242,1369,1565,1667,1848,1968,2166,2338,2428,2520",
                        "endColumns": "101,175,119,102,196,125,136,126,195,101,180,119,197,171,89,91,108",
                        "endOffsets": "382,558,678,781,978,1104,1241,1368,1564,1666,1847,1967,2165,2337,2427,2519,2628"
                    },
                    "to": {
                        "startLines": "21,22,23,24,25,26,27,28,30,31,32,33,34,35,36,37,38",
                        "startColumns": "4,4,4,4,4,4,4,4,4,4,4,4,4,4,4,4,4",
                        "startOffsets": "2032,2138,2314,2438,2545,2742,2872,3013,3333,3529,3635,3816,3940,4138,4314,4408,4504",
                        "endColumns": "105,175,123,106,196,129,140,130,195,105,180,123,197,175,93,95,112",
                        "endOffsets": "2133,2309,2433,2540,2737,2867,3008,3139,3524,3630,3811,3935,4133,4309,4403,4499,4612"
                    }
                },
                {
                    "source": "C:\\Users\\Daniel\\.gradle\\caches\\transforms-1\\files-1.1\\play-services-basement-11.8.0.aar\\b0e8a5874481ea38051cd2d8a9724518\\res\\values-ar\\values.xml",
                    "from": {
                        "startLines": "4",
                        "startColumns": "0",
                        "startOffsets": "283",
                        "endColumns": "188",
                        "endOffsets": "471"
                    },
                    "to": {
                        "startLines": "29",
                        "startColumns": "4",
                        "startOffsets": "3144",
                        "endColumns": "188",
                        "endOffsets": "3328"
                    }
                },
                {
                    "source": "C:\\Users\\Daniel\\.gradle\\caches\\transforms-1\\files-1.1\\appcompat-v7-26.1.0.aar\\1f600b1218903c988bc8afd8c35bad62\\res\\values-ar\\values-ar.xml",
                    "from": {
                        "startLines": "2,3,4,5,6,7,8,9,10,11,12,13,14,15,16,17,18,19,20,21,22",
                        "startColumns": "4,4,4,4,4,4,4,4,4,4,4,4,4,4,4,4,4,4,4,4,4",
                        "startOffsets": "55,172,280,403,507,616,698,799,913,992,1071,1150,1255,1356,1452,1560,1663,1766,1885,1982,2063",
                        "endColumns": "116,107,122,103,108,81,100,113,78,78,78,104,100,95,107,102,102,118,96,80,100",
                        "endOffsets": "167,275,398,502,611,693,794,908,987,1066,1145,1250,1351,1447,1555,1658,1761,1880,1977,2058,2159"
                    },
                    "to": {
                        "startLines": "2,3,4,5,6,7,8,9,10,11,12,13,14,15,16,17,18,19,20,39,40",
                        "startColumns": "4,4,4,4,4,4,4,4,4,4,4,4,4,4,4,4,4,4,4,4,4",
                        "startOffsets": "105,222,330,453,557,666,748,849,963,1042,1121,1200,1305,1406,1502,1610,1713,1816,1935,4617,4698",
                        "endColumns": "116,107,122,103,108,81,100,113,78,78,78,104,100,95,107,102,102,118,96,80,100",
                        "endOffsets": "217,325,448,552,661,743,844,958,1037,1116,1195,1300,1401,1497,1605,1708,1811,1930,2027,4693,4794"
                    }
                }
            ]
        }
    ]
}