{
    "logs": [
        {
            "outputFile": "C:\\Users\\Daniel\\AndroidStudioProjects\\SoftwareSpecifications\\app\\build\\intermediates\\incremental\\mergeDebugAndroidTestResources\\merged.dir\\values-nl\\values-nl.xml",
            "map": [
                {
                    "source": "C:\\Users\\Daniel\\.gradle\\caches\\transforms-1\\files-1.1\\play-services-base-11.8.0.aar\\aee9d84feeba86acb0e68eb689ed1b20\\res\\values-nl\\values.xml",
                    "from": {
                        "startLines": "4,5,6,7,8,9,10,11,12,13,14,15,16,17,18,19,20",
                        "startColumns": "0,0,0,0,0,0,0,0,0,0,0,0,0,0,0,0,0",
                        "startOffsets": "281,389,576,704,813,1039,1164,1313,1444,1681,1785,1985,2109,2331,2539,2633,2722",
                        "endColumns": "107,186,127,108,225,124,148,130,236,103,199,123,221,207,93,88,103",
                        "endOffsets": "388,575,703,812,1038,1163,1312,1443,1680,1784,1984,2108,2330,2538,2632,2721,2825"
                    },
                    "to": {
                        "startLines": "21,22,23,24,25,26,27,28,30,31,32,33,34,35,36,37,38",
                        "startColumns": "4,4,4,4,4,4,4,4,4,4,4,4,4,4,4,4,4",
                        "startOffsets": "2082,2194,2381,2513,2626,2852,2981,3134,3471,3708,3816,4016,4144,4366,4578,4676,4769",
                        "endColumns": "111,186,131,112,225,128,152,134,236,107,199,127,221,211,97,92,107",
                        "endOffsets": "2189,2376,2508,2621,2847,2976,3129,3264,3703,3811,4011,4139,4361,4573,4671,4764,4872"
                    }
                },
                {
                    "source": "C:\\Users\\Daniel\\.gradle\\caches\\transforms-1\\files-1.1\\play-services-basement-11.8.0.aar\\b0e8a5874481ea38051cd2d8a9724518\\res\\values-nl\\values.xml",
                    "from": {
                        "startLines": "4",
                        "startColumns": "0",
                        "startOffsets": "283",
                        "endColumns": "201",
                        "endOffsets": "484"
                    },
                    "to": {
                        "startLines": "29",
                        "startColumns": "4",
                        "startOffsets": "3269",
                        "endColumns": "201",
                        "endOffsets": "3466"
                    }
                },
                {
                    "source": "C:\\Users\\Daniel\\.gradle\\caches\\transforms-1\\files-1.1\\appcompat-v7-26.1.0.aar\\1f600b1218903c988bc8afd8c35bad62\\res\\values-nl\\values-nl.xml",
                    "from": {
                        "startLines": "2,3,4,5,6,7,8,9,10,11,12,13,14,15,16,17,18,19,20,21,22",
                        "startColumns": "4,4,4,4,4,4,4,4,4,4,4,4,4,4,4,4,4,4,4,4,4",
                        "startOffsets": "55,173,281,404,509,616,702,810,930,1007,1084,1166,1277,1381,1480,1595,1708,1811,1929,2032,2114",
                        "endColumns": "117,107,122,104,106,85,107,119,76,76,81,110,103,98,114,112,102,117,102,81,100",
                        "endOffsets": "168,276,399,504,611,697,805,925,1002,1079,1161,1272,1376,1475,1590,1703,1806,1924,2027,2109,2210"
                    },
                    "to": {
                        "startLines": "2,3,4,5,6,7,8,9,10,11,12,13,14,15,16,17,18,19,20,39,40",
                        "startColumns": "4,4,4,4,4,4,4,4,4,4,4,4,4,4,4,4,4,4,4,4,4",
                        "startOffsets": "105,223,331,454,559,666,752,860,980,1057,1134,1216,1327,1431,1530,1645,1758,1861,1979,4877,4959",
                        "endColumns": "117,107,122,104,106,85,107,119,76,76,81,110,103,98,114,112,102,117,102,81,100",
                        "endOffsets": "218,326,449,554,661,747,855,975,1052,1129,1211,1322,1426,1525,1640,1753,1856,1974,2077,4954,5055"
                    }
                }
            ]
        },
        {
            "outputFile": "C:\\Users\\rache\\AndroidStudioProjects\\SoftwareSpecifications\\app\\build\\intermediates\\incremental\\mergeDebugAndroidTestResources\\merged.dir\\values-nl\\values-nl.xml",
            "map": [
                {
                    "source": "C:\\Users\\rache\\.gradle\\caches\\transforms-1\\files-1.1\\play-services-base-11.8.0.aar\\f2632959cf334c052a45ac2e6c89af48\\res\\values-nl\\values.xml",
                    "from": {
                        "startLines": "4,5,6,7,8,9,10,11,12,13,14,15,16,17,18,19,20",
                        "startColumns": "0,0,0,0,0,0,0,0,0,0,0,0,0,0,0,0,0",
                        "startOffsets": "281,389,576,704,813,1039,1164,1313,1444,1681,1785,1985,2109,2331,2539,2633,2722",
                        "endColumns": "107,186,127,108,225,124,148,130,236,103,199,123,221,207,93,88,103",
                        "endOffsets": "388,575,703,812,1038,1163,1312,1443,1680,1784,1984,2108,2330,2538,2632,2721,2825"
                    },
                    "to": {
                        "startLines": "21,22,23,24,25,26,27,28,30,31,32,33,34,35,36,37,38",
                        "startColumns": "4,4,4,4,4,4,4,4,4,4,4,4,4,4,4,4,4",
                        "startOffsets": "2082,2194,2381,2513,2626,2852,2981,3134,3471,3708,3816,4016,4144,4366,4578,4676,4769",
                        "endColumns": "111,186,131,112,225,128,152,134,236,107,199,127,221,211,97,92,107",
                        "endOffsets": "2189,2376,2508,2621,2847,2976,3129,3264,3703,3811,4011,4139,4361,4573,4671,4764,4872"
                    }
                },
                {
                    "source": "C:\\Users\\rache\\.gradle\\caches\\transforms-1\\files-1.1\\play-services-basement-11.8.0.aar\\4156095f54a5b056d692bcb2b851cc07\\res\\values-nl\\values.xml",
                    "from": {
                        "startLines": "4",
                        "startColumns": "0",
                        "startOffsets": "283",
                        "endColumns": "201",
                        "endOffsets": "484"
                    },
                    "to": {
                        "startLines": "29",
                        "startColumns": "4",
                        "startOffsets": "3269",
                        "endColumns": "201",
                        "endOffsets": "3466"
                    }
                },
                {
                    "source": "C:\\Users\\rache\\.gradle\\caches\\transforms-1\\files-1.1\\appcompat-v7-26.1.0.aar\\090f1e383135fa7a576715b6cc6d265b\\res\\values-nl\\values-nl.xml",
                    "from": {
                        "startLines": "2,3,4,5,6,7,8,9,10,11,12,13,14,15,16,17,18,19,20,21,22",
                        "startColumns": "4,4,4,4,4,4,4,4,4,4,4,4,4,4,4,4,4,4,4,4,4",
                        "startOffsets": "55,173,281,404,509,616,702,810,930,1007,1084,1166,1277,1381,1480,1595,1708,1811,1929,2032,2114",
                        "endColumns": "117,107,122,104,106,85,107,119,76,76,81,110,103,98,114,112,102,117,102,81,100",
                        "endOffsets": "168,276,399,504,611,697,805,925,1002,1079,1161,1272,1376,1475,1590,1703,1806,1924,2027,2109,2210"
                    },
                    "to": {
                        "startLines": "2,3,4,5,6,7,8,9,10,11,12,13,14,15,16,17,18,19,20,39,40",
                        "startColumns": "4,4,4,4,4,4,4,4,4,4,4,4,4,4,4,4,4,4,4,4,4",
                        "startOffsets": "105,223,331,454,559,666,752,860,980,1057,1134,1216,1327,1431,1530,1645,1758,1861,1979,4877,4959",
                        "endColumns": "117,107,122,104,106,85,107,119,76,76,81,110,103,98,114,112,102,117,102,81,100",
                        "endOffsets": "218,326,449,554,661,747,855,975,1052,1129,1211,1322,1426,1525,1640,1753,1856,1974,2077,4954,5055"
                    }
                }
            ]
        }
    ]
}