{
    "logs": [
        {
            "outputFile": "C:\\Users\\Daniel\\AndroidStudioProjects\\SoftwareSpecifications\\app\\build\\intermediates\\incremental\\mergeDebugAndroidTestResources\\merged.dir\\values-vi\\values-vi.xml",
            "map": [
                {
                    "source": "C:\\Users\\Daniel\\.gradle\\caches\\transforms-1\\files-1.1\\play-services-base-11.8.0.aar\\aee9d84feeba86acb0e68eb689ed1b20\\res\\values-vi\\values.xml",
                    "from": {
                        "startLines": "4,5,6,7,8,9,10,11,12,13,14,15,16,17,18,19,20",
                        "startColumns": "0,0,0,0,0,0,0,0,0,0,0,0,0,0,0,0,0",
                        "startOffsets": "281,381,575,698,803,1027,1155,1308,1437,1677,1782,1974,2102,2320,2495,2589,2679",
                        "endColumns": "99,193,122,104,223,127,152,128,239,104,191,127,217,174,93,89,105",
                        "endOffsets": "380,574,697,802,1026,1154,1307,1436,1676,1781,1973,2101,2319,2494,2588,2678,2784"
                    },
                    "to": {
                        "startLines": "21,22,23,24,25,26,27,28,30,31,32,33,34,35,36,37,38",
                        "startColumns": "4,4,4,4,4,4,4,4,4,4,4,4,4,4,4,4,4",
                        "startOffsets": "2068,2172,2366,2493,2602,2826,2958,3115,3443,3683,3792,3984,4116,4334,4513,4611,4705",
                        "endColumns": "103,193,126,108,223,131,156,132,239,108,191,131,217,178,97,93,109",
                        "endOffsets": "2167,2361,2488,2597,2821,2953,3110,3243,3678,3787,3979,4111,4329,4508,4606,4700,4810"
                    }
                },
                {
                    "source": "C:\\Users\\Daniel\\.gradle\\caches\\transforms-1\\files-1.1\\appcompat-v7-26.1.0.aar\\1f600b1218903c988bc8afd8c35bad62\\res\\values-vi\\values-vi.xml",
                    "from": {
                        "startLines": "2,3,4,5,6,7,8,9,10,11,12,13,14,15,16,17,18,19,20,21,22",
                        "startColumns": "4,4,4,4,4,4,4,4,4,4,4,4,4,4,4,4,4,4,4,4,4",
                        "startOffsets": "55,169,277,400,508,617,701,804,923,1000,1077,1161,1265,1374,1475,1580,1694,1799,1919,2018,2102",
                        "endColumns": "113,107,122,107,108,83,102,118,76,76,83,103,108,100,104,113,104,119,98,83,100",
                        "endOffsets": "164,272,395,503,612,696,799,918,995,1072,1156,1260,1369,1470,1575,1689,1794,1914,2013,2097,2198"
                    },
                    "to": {
                        "startLines": "2,3,4,5,6,7,8,9,10,11,12,13,14,15,16,17,18,19,20,39,40",
                        "startColumns": "4,4,4,4,4,4,4,4,4,4,4,4,4,4,4,4,4,4,4,4,4",
                        "startOffsets": "105,219,327,450,558,667,751,854,973,1050,1127,1211,1315,1424,1525,1630,1744,1849,1969,4815,4899",
                        "endColumns": "113,107,122,107,108,83,102,118,76,76,83,103,108,100,104,113,104,119,98,83,100",
                        "endOffsets": "214,322,445,553,662,746,849,968,1045,1122,1206,1310,1419,1520,1625,1739,1844,1964,2063,4894,4995"
                    }
                },
                {
                    "source": "C:\\Users\\Daniel\\.gradle\\caches\\transforms-1\\files-1.1\\play-services-basement-11.8.0.aar\\b0e8a5874481ea38051cd2d8a9724518\\res\\values-vi\\values.xml",
                    "from": {
                        "startLines": "4",
                        "startColumns": "0",
                        "startOffsets": "283",
                        "endColumns": "194",
                        "endOffsets": "477"
                    },
                    "to": {
                        "startLines": "29",
                        "startColumns": "4",
                        "startOffsets": "3248",
                        "endColumns": "194",
                        "endOffsets": "3438"
                    }
                }
            ]
        },
        {
            "outputFile": "C:\\Users\\rache\\AndroidStudioProjects\\SoftwareSpecifications\\app\\build\\intermediates\\incremental\\mergeDebugAndroidTestResources\\merged.dir\\values-vi\\values-vi.xml",
            "map": [
                {
                    "source": "C:\\Users\\rache\\.gradle\\caches\\transforms-1\\files-1.1\\appcompat-v7-26.1.0.aar\\090f1e383135fa7a576715b6cc6d265b\\res\\values-vi\\values-vi.xml",
                    "from": {
                        "startLines": "2,3,4,5,6,7,8,9,10,11,12,13,14,15,16,17,18,19,20,21,22",
                        "startColumns": "4,4,4,4,4,4,4,4,4,4,4,4,4,4,4,4,4,4,4,4,4",
                        "startOffsets": "55,169,277,400,508,617,701,804,923,1000,1077,1161,1265,1374,1475,1580,1694,1799,1919,2018,2102",
                        "endColumns": "113,107,122,107,108,83,102,118,76,76,83,103,108,100,104,113,104,119,98,83,100",
                        "endOffsets": "164,272,395,503,612,696,799,918,995,1072,1156,1260,1369,1470,1575,1689,1794,1914,2013,2097,2198"
                    },
                    "to": {
                        "startLines": "2,3,4,5,6,7,8,9,10,11,12,13,14,15,16,17,18,19,20,39,40",
                        "startColumns": "4,4,4,4,4,4,4,4,4,4,4,4,4,4,4,4,4,4,4,4,4",
                        "startOffsets": "105,219,327,450,558,667,751,854,973,1050,1127,1211,1315,1424,1525,1630,1744,1849,1969,4815,4899",
                        "endColumns": "113,107,122,107,108,83,102,118,76,76,83,103,108,100,104,113,104,119,98,83,100",
                        "endOffsets": "214,322,445,553,662,746,849,968,1045,1122,1206,1310,1419,1520,1625,1739,1844,1964,2063,4894,4995"
                    }
                },
                {
                    "source": "C:\\Users\\rache\\.gradle\\caches\\transforms-1\\files-1.1\\play-services-base-11.8.0.aar\\f2632959cf334c052a45ac2e6c89af48\\res\\values-vi\\values.xml",
                    "from": {
                        "startLines": "4,5,6,7,8,9,10,11,12,13,14,15,16,17,18,19,20",
                        "startColumns": "0,0,0,0,0,0,0,0,0,0,0,0,0,0,0,0,0",
                        "startOffsets": "281,381,575,698,803,1027,1155,1308,1437,1677,1782,1974,2102,2320,2495,2589,2679",
                        "endColumns": "99,193,122,104,223,127,152,128,239,104,191,127,217,174,93,89,105",
                        "endOffsets": "380,574,697,802,1026,1154,1307,1436,1676,1781,1973,2101,2319,2494,2588,2678,2784"
                    },
                    "to": {
                        "startLines": "21,22,23,24,25,26,27,28,30,31,32,33,34,35,36,37,38",
                        "startColumns": "4,4,4,4,4,4,4,4,4,4,4,4,4,4,4,4,4",
                        "startOffsets": "2068,2172,2366,2493,2602,2826,2958,3115,3443,3683,3792,3984,4116,4334,4513,4611,4705",
                        "endColumns": "103,193,126,108,223,131,156,132,239,108,191,131,217,178,97,93,109",
                        "endOffsets": "2167,2361,2488,2597,2821,2953,3110,3243,3678,3787,3979,4111,4329,4508,4606,4700,4810"
                    }
                },
                {
                    "source": "C:\\Users\\rache\\.gradle\\caches\\transforms-1\\files-1.1\\play-services-basement-11.8.0.aar\\4156095f54a5b056d692bcb2b851cc07\\res\\values-vi\\values.xml",
                    "from": {
                        "startLines": "4",
                        "startColumns": "0",
                        "startOffsets": "283",
                        "endColumns": "194",
                        "endOffsets": "477"
                    },
                    "to": {
                        "startLines": "29",
                        "startColumns": "4",
                        "startOffsets": "3248",
                        "endColumns": "194",
                        "endOffsets": "3438"
                    }
                }
            ]
        }
    ]
}