{
    "logs": [
        {
            "outputFile": "C:\\Users\\rache\\AndroidStudioProjects\\SoftwareSpecifications\\app\\build\\intermediates\\incremental\\mergeDebugAndroidTestResources\\merged.dir\\values-tr\\values-tr.xml",
            "map": [
                {
                    "source": "C:\\Users\\rache\\.gradle\\caches\\transforms-1\\files-1.1\\appcompat-v7-26.1.0.aar\\090f1e383135fa7a576715b6cc6d265b\\res\\values-tr\\values-tr.xml",
                    "from": {
                        "startLines": "2,3,4,5,6,7,8,9,10,11,12,13,14,15,16,17,18,19,20,21,22",
                        "startColumns": "4,4,4,4,4,4,4,4,4,4,4,4,4,4,4,4,4,4,4,4,4",
                        "startOffsets": "55,160,268,391,490,602,687,793,913,992,1068,1147,1254,1359,1455,1562,1664,1772,1891,1989,2068",
                        "endColumns": "104,107,122,98,111,84,105,119,78,75,78,106,104,95,106,101,107,118,97,78,100",
                        "endOffsets": "155,263,386,485,597,682,788,908,987,1063,1142,1249,1354,1450,1557,1659,1767,1886,1984,2063,2164"
                    },
                    "to": {
                        "startLines": "2,3,4,5,6,7,8,9,10,11,12,13,14,15,16,17,18,19,20,39,40",
                        "startColumns": "4,4,4,4,4,4,4,4,4,4,4,4,4,4,4,4,4,4,4,4,4",
                        "startOffsets": "105,210,318,441,540,652,737,843,963,1042,1118,1197,1304,1409,1505,1612,1714,1822,1941,4779,4858",
                        "endColumns": "104,107,122,98,111,84,105,119,78,75,78,106,104,95,106,101,107,118,97,78,100",
                        "endOffsets": "205,313,436,535,647,732,838,958,1037,1113,1192,1299,1404,1500,1607,1709,1817,1936,2034,4853,4954"
                    }
                },
                {
                    "source": "C:\\Users\\rache\\.gradle\\caches\\transforms-1\\files-1.1\\play-services-basement-11.8.0.aar\\4156095f54a5b056d692bcb2b851cc07\\res\\values-tr\\values.xml",
                    "from": {
                        "startLines": "4",
                        "startColumns": "0",
                        "startOffsets": "283",
                        "endColumns": "205",
                        "endOffsets": "488"
                    },
                    "to": {
                        "startLines": "29",
                        "startColumns": "4",
                        "startOffsets": "3213",
                        "endColumns": "205",
                        "endOffsets": "3414"
                    }
                },
                {
                    "source": "C:\\Users\\rache\\.gradle\\caches\\transforms-1\\files-1.1\\play-services-base-11.8.0.aar\\f2632959cf334c052a45ac2e6c89af48\\res\\values-tr\\values.xml",
                    "from": {
                        "startLines": "4,5,6,7,8,9,10,11,12,13,14,15,16,17,18,19,20",
                        "startColumns": "0,0,0,0,0,0,0,0,0,0,0,0,0,0,0,0,0",
                        "startOffsets": "281,389,576,710,813,1019,1147,1300,1431,1662,1767,1955,2087,2291,2484,2572,2662",
                        "endColumns": "107,186,133,102,205,127,152,130,230,104,187,131,203,192,87,89,104",
                        "endOffsets": "388,575,709,812,1018,1146,1299,1430,1661,1766,1954,2086,2290,2483,2571,2661,2766"
                    },
                    "to": {
                        "startLines": "21,22,23,24,25,26,27,28,30,31,32,33,34,35,36,37,38",
                        "startColumns": "4,4,4,4,4,4,4,4,4,4,4,4,4,4,4,4,4",
                        "startOffsets": "2039,2151,2338,2476,2583,2789,2921,3078,3419,3650,3759,3947,4083,4287,4484,4576,4670",
                        "endColumns": "111,186,137,106,205,131,156,134,230,108,187,135,203,196,91,93,108",
                        "endOffsets": "2146,2333,2471,2578,2784,2916,3073,3208,3645,3754,3942,4078,4282,4479,4571,4665,4774"
                    }
                }
            ]
        },
        {
            "outputFile": "C:\\Users\\Daniel\\AndroidStudioProjects\\SoftwareSpecifications\\app\\build\\intermediates\\incremental\\mergeDebugAndroidTestResources\\merged.dir\\values-tr\\values-tr.xml",
            "map": [
                {
                    "source": "C:\\Users\\Daniel\\.gradle\\caches\\transforms-1\\files-1.1\\appcompat-v7-26.1.0.aar\\1f600b1218903c988bc8afd8c35bad62\\res\\values-tr\\values-tr.xml",
                    "from": {
                        "startLines": "2,3,4,5,6,7,8,9,10,11,12,13,14,15,16,17,18,19,20,21,22",
                        "startColumns": "4,4,4,4,4,4,4,4,4,4,4,4,4,4,4,4,4,4,4,4,4",
                        "startOffsets": "55,160,268,391,490,602,687,793,913,992,1068,1147,1254,1359,1455,1562,1664,1772,1891,1989,2068",
                        "endColumns": "104,107,122,98,111,84,105,119,78,75,78,106,104,95,106,101,107,118,97,78,100",
                        "endOffsets": "155,263,386,485,597,682,788,908,987,1063,1142,1249,1354,1450,1557,1659,1767,1886,1984,2063,2164"
                    },
                    "to": {
                        "startLines": "2,3,4,5,6,7,8,9,10,11,12,13,14,15,16,17,18,19,20,39,40",
                        "startColumns": "4,4,4,4,4,4,4,4,4,4,4,4,4,4,4,4,4,4,4,4,4",
                        "startOffsets": "105,210,318,441,540,652,737,843,963,1042,1118,1197,1304,1409,1505,1612,1714,1822,1941,4779,4858",
                        "endColumns": "104,107,122,98,111,84,105,119,78,75,78,106,104,95,106,101,107,118,97,78,100",
                        "endOffsets": "205,313,436,535,647,732,838,958,1037,1113,1192,1299,1404,1500,1607,1709,1817,1936,2034,4853,4954"
                    }
                },
                {
                    "source": "C:\\Users\\Daniel\\.gradle\\caches\\transforms-1\\files-1.1\\play-services-basement-11.8.0.aar\\b0e8a5874481ea38051cd2d8a9724518\\res\\values-tr\\values.xml",
                    "from": {
                        "startLines": "4",
                        "startColumns": "0",
                        "startOffsets": "283",
                        "endColumns": "205",
                        "endOffsets": "488"
                    },
                    "to": {
                        "startLines": "29",
                        "startColumns": "4",
                        "startOffsets": "3213",
                        "endColumns": "205",
                        "endOffsets": "3414"
                    }
                },
                {
                    "source": "C:\\Users\\Daniel\\.gradle\\caches\\transforms-1\\files-1.1\\play-services-base-11.8.0.aar\\aee9d84feeba86acb0e68eb689ed1b20\\res\\values-tr\\values.xml",
                    "from": {
                        "startLines": "4,5,6,7,8,9,10,11,12,13,14,15,16,17,18,19,20",
                        "startColumns": "0,0,0,0,0,0,0,0,0,0,0,0,0,0,0,0,0",
                        "startOffsets": "281,389,576,710,813,1019,1147,1300,1431,1662,1767,1955,2087,2291,2484,2572,2662",
                        "endColumns": "107,186,133,102,205,127,152,130,230,104,187,131,203,192,87,89,104",
                        "endOffsets": "388,575,709,812,1018,1146,1299,1430,1661,1766,1954,2086,2290,2483,2571,2661,2766"
                    },
                    "to": {
                        "startLines": "21,22,23,24,25,26,27,28,30,31,32,33,34,35,36,37,38",
                        "startColumns": "4,4,4,4,4,4,4,4,4,4,4,4,4,4,4,4,4",
                        "startOffsets": "2039,2151,2338,2476,2583,2789,2921,3078,3419,3650,3759,3947,4083,4287,4484,4576,4670",
                        "endColumns": "111,186,137,106,205,131,156,134,230,108,187,135,203,196,91,93,108",
                        "endOffsets": "2146,2333,2471,2578,2784,2916,3073,3208,3645,3754,3942,4078,4282,4479,4571,4665,4774"
                    }
                }
            ]
        }
    ]
}