{
    "logs": [
        {
            "outputFile": "C:\\Users\\Daniel\\AndroidStudioProjects\\SoftwareSpecifications\\app\\build\\intermediates\\incremental\\mergeDebugAndroidTestResources\\merged.dir\\values-hu\\values-hu.xml",
            "map": [
                {
                    "source": "C:\\Users\\Daniel\\.gradle\\caches\\transforms-1\\files-1.1\\play-services-basement-11.8.0.aar\\b0e8a5874481ea38051cd2d8a9724518\\res\\values-hu\\values.xml",
                    "from": {
                        "startLines": "4",
                        "startColumns": "0",
                        "startOffsets": "283",
                        "endColumns": "235",
                        "endOffsets": "518"
                    },
                    "to": {
                        "startLines": "29",
                        "startColumns": "4",
                        "startOffsets": "3359",
                        "endColumns": "235",
                        "endOffsets": "3590"
                    }
                },
                {
                    "source": "C:\\Users\\Daniel\\.gradle\\caches\\transforms-1\\files-1.1\\play-services-base-11.8.0.aar\\aee9d84feeba86acb0e68eb689ed1b20\\res\\values-hu\\values.xml",
                    "from": {
                        "startLines": "4,5,6,7,8,9,10,11,12,13,14,15,16,17,18,19,20",
                        "startColumns": "0,0,0,0,0,0,0,0,0,0,0,0,0,0,0,0,0",
                        "startOffsets": "281,390,606,742,849,1076,1212,1360,1495,1724,1830,2046,2181,2412,2610,2707,2801",
                        "endColumns": "108,215,135,106,226,135,147,134,228,105,215,134,230,197,96,93,112",
                        "endOffsets": "389,605,741,848,1075,1211,1359,1494,1723,1829,2045,2180,2411,2609,2706,2800,2913"
                    },
                    "to": {
                        "startLines": "21,22,23,24,25,26,27,28,30,31,32,33,34,35,36,37,38",
                        "startColumns": "4,4,4,4,4,4,4,4,4,4,4,4,4,4,4,4,4",
                        "startOffsets": "2121,2234,2450,2590,2701,2928,3068,3220,3595,3824,3934,4150,4289,4520,4722,4823,4921",
                        "endColumns": "112,215,139,110,226,139,151,138,228,109,215,138,230,201,100,97,116",
                        "endOffsets": "2229,2445,2585,2696,2923,3063,3215,3354,3819,3929,4145,4284,4515,4717,4818,4916,5033"
                    }
                },
                {
                    "source": "C:\\Users\\Daniel\\.gradle\\caches\\transforms-1\\files-1.1\\appcompat-v7-26.1.0.aar\\1f600b1218903c988bc8afd8c35bad62\\res\\values-hu\\values-hu.xml",
                    "from": {
                        "startLines": "2,3,4,5,6,7,8,9,10,11,12,13,14,15,16,17,18,19,20,21,22",
                        "startColumns": "4,4,4,4,4,4,4,4,4,4,4,4,4,4,4,4,4,4,4,4,4",
                        "startOffsets": "55,163,271,394,499,614,698,810,940,1016,1092,1175,1285,1396,1496,1607,1715,1834,1968,2071,2154",
                        "endColumns": "107,107,122,104,114,83,111,129,75,75,82,109,110,99,110,107,118,133,102,82,100",
                        "endOffsets": "158,266,389,494,609,693,805,935,1011,1087,1170,1280,1391,1491,1602,1710,1829,1963,2066,2149,2250"
                    },
                    "to": {
                        "startLines": "2,3,4,5,6,7,8,9,10,11,12,13,14,15,16,17,18,19,20,39,40",
                        "startColumns": "4,4,4,4,4,4,4,4,4,4,4,4,4,4,4,4,4,4,4,4,4",
                        "startOffsets": "105,213,321,444,549,664,748,860,990,1066,1142,1225,1335,1446,1546,1657,1765,1884,2018,5038,5121",
                        "endColumns": "107,107,122,104,114,83,111,129,75,75,82,109,110,99,110,107,118,133,102,82,100",
                        "endOffsets": "208,316,439,544,659,743,855,985,1061,1137,1220,1330,1441,1541,1652,1760,1879,2013,2116,5116,5217"
                    }
                }
            ]
        },
        {
            "outputFile": "C:\\Users\\rache\\AndroidStudioProjects\\SoftwareSpecifications\\app\\build\\intermediates\\incremental\\mergeDebugAndroidTestResources\\merged.dir\\values-hu\\values-hu.xml",
            "map": [
                {
                    "source": "C:\\Users\\rache\\.gradle\\caches\\transforms-1\\files-1.1\\appcompat-v7-26.1.0.aar\\090f1e383135fa7a576715b6cc6d265b\\res\\values-hu\\values-hu.xml",
                    "from": {
                        "startLines": "2,3,4,5,6,7,8,9,10,11,12,13,14,15,16,17,18,19,20,21,22",
                        "startColumns": "4,4,4,4,4,4,4,4,4,4,4,4,4,4,4,4,4,4,4,4,4",
                        "startOffsets": "55,163,271,394,499,614,698,810,940,1016,1092,1175,1285,1396,1496,1607,1715,1834,1968,2071,2154",
                        "endColumns": "107,107,122,104,114,83,111,129,75,75,82,109,110,99,110,107,118,133,102,82,100",
                        "endOffsets": "158,266,389,494,609,693,805,935,1011,1087,1170,1280,1391,1491,1602,1710,1829,1963,2066,2149,2250"
                    },
                    "to": {
                        "startLines": "2,3,4,5,6,7,8,9,10,11,12,13,14,15,16,17,18,19,20,39,40",
                        "startColumns": "4,4,4,4,4,4,4,4,4,4,4,4,4,4,4,4,4,4,4,4,4",
                        "startOffsets": "105,213,321,444,549,664,748,860,990,1066,1142,1225,1335,1446,1546,1657,1765,1884,2018,5038,5121",
                        "endColumns": "107,107,122,104,114,83,111,129,75,75,82,109,110,99,110,107,118,133,102,82,100",
                        "endOffsets": "208,316,439,544,659,743,855,985,1061,1137,1220,1330,1441,1541,1652,1760,1879,2013,2116,5116,5217"
                    }
                },
                {
                    "source": "C:\\Users\\rache\\.gradle\\caches\\transforms-1\\files-1.1\\play-services-base-11.8.0.aar\\f2632959cf334c052a45ac2e6c89af48\\res\\values-hu\\values.xml",
                    "from": {
                        "startLines": "4,5,6,7,8,9,10,11,12,13,14,15,16,17,18,19,20",
                        "startColumns": "0,0,0,0,0,0,0,0,0,0,0,0,0,0,0,0,0",
                        "startOffsets": "281,390,606,742,849,1076,1212,1360,1495,1724,1830,2046,2181,2412,2610,2707,2801",
                        "endColumns": "108,215,135,106,226,135,147,134,228,105,215,134,230,197,96,93,112",
                        "endOffsets": "389,605,741,848,1075,1211,1359,1494,1723,1829,2045,2180,2411,2609,2706,2800,2913"
                    },
                    "to": {
                        "startLines": "21,22,23,24,25,26,27,28,30,31,32,33,34,35,36,37,38",
                        "startColumns": "4,4,4,4,4,4,4,4,4,4,4,4,4,4,4,4,4",
                        "startOffsets": "2121,2234,2450,2590,2701,2928,3068,3220,3595,3824,3934,4150,4289,4520,4722,4823,4921",
                        "endColumns": "112,215,139,110,226,139,151,138,228,109,215,138,230,201,100,97,116",
                        "endOffsets": "2229,2445,2585,2696,2923,3063,3215,3354,3819,3929,4145,4284,4515,4717,4818,4916,5033"
                    }
                },
                {
                    "source": "C:\\Users\\rache\\.gradle\\caches\\transforms-1\\files-1.1\\play-services-basement-11.8.0.aar\\4156095f54a5b056d692bcb2b851cc07\\res\\values-hu\\values.xml",
                    "from": {
                        "startLines": "4",
                        "startColumns": "0",
                        "startOffsets": "283",
                        "endColumns": "235",
                        "endOffsets": "518"
                    },
                    "to": {
                        "startLines": "29",
                        "startColumns": "4",
                        "startOffsets": "3359",
                        "endColumns": "235",
                        "endOffsets": "3590"
                    }
                }
            ]
        }
    ]
}