{
    "logs": [
        {
            "outputFile": "C:\\Users\\Daniel\\AndroidStudioProjects\\SoftwareSpecifications\\app\\build\\intermediates\\incremental\\mergeDebugAndroidTestResources\\merged.dir\\values-ko\\values-ko.xml",
            "map": [
                {
                    "source": "C:\\Users\\Daniel\\.gradle\\caches\\transforms-1\\files-1.1\\play-services-basement-11.8.0.aar\\b0e8a5874481ea38051cd2d8a9724518\\res\\values-ko\\values.xml",
                    "from": {
                        "startLines": "4",
                        "startColumns": "0",
                        "startOffsets": "283",
                        "endColumns": "179",
                        "endOffsets": "462"
                    },
                    "to": {
                        "startLines": "29",
                        "startColumns": "4",
                        "startOffsets": "2993",
                        "endColumns": "179",
                        "endOffsets": "3168"
                    }
                },
                {
                    "source": "C:\\Users\\Daniel\\.gradle\\caches\\transforms-1\\files-1.1\\appcompat-v7-26.1.0.aar\\1f600b1218903c988bc8afd8c35bad62\\res\\values-ko\\values-ko.xml",
                    "from": {
                        "startLines": "2,3,4,5,6,7,8,9,10,11,12,13,14,15,16,17,18,19,20,21,22",
                        "startColumns": "4,4,4,4,4,4,4,4,4,4,4,4,4,4,4,4,4,4,4,4,4",
                        "startOffsets": "55,150,258,381,475,577,659,757,863,942,1018,1098,1196,1291,1386,1486,1582,1681,1796,1890,1968",
                        "endColumns": "94,107,122,93,101,81,97,105,78,75,79,97,94,94,99,95,98,114,93,77,100",
                        "endOffsets": "145,253,376,470,572,654,752,858,937,1013,1093,1191,1286,1381,1481,1577,1676,1791,1885,1963,2064"
                    },
                    "to": {
                        "startLines": "2,3,4,5,6,7,8,9,10,11,12,13,14,15,16,17,18,19,20,39,40",
                        "startColumns": "4,4,4,4,4,4,4,4,4,4,4,4,4,4,4,4,4,4,4,4,4",
                        "startOffsets": "105,200,308,431,525,627,709,807,913,992,1068,1148,1246,1341,1436,1536,1632,1731,1846,4376,4454",
                        "endColumns": "94,107,122,93,101,81,97,105,78,75,79,97,94,94,99,95,98,114,93,77,100",
                        "endOffsets": "195,303,426,520,622,704,802,908,987,1063,1143,1241,1336,1431,1531,1627,1726,1841,1935,4449,4550"
                    }
                },
                {
                    "source": "C:\\Users\\Daniel\\.gradle\\caches\\transforms-1\\files-1.1\\play-services-base-11.8.0.aar\\aee9d84feeba86acb0e68eb689ed1b20\\res\\values-ko\\values.xml",
                    "from": {
                        "startLines": "4,5,6,7,8,9,10,11,12,13,14,15,16,17,18,19,20",
                        "startColumns": "0,0,0,0,0,0,0,0,0,0,0,0,0,0,0,0,0",
                        "startOffsets": "281,383,554,668,768,942,1057,1190,1310,1514,1615,1782,1898,2075,2220,2305,2389",
                        "endColumns": "101,170,113,99,173,114,132,119,203,100,166,115,176,144,84,83,99",
                        "endOffsets": "382,553,667,767,941,1056,1189,1309,1513,1614,1781,1897,2074,2219,2304,2388,2488"
                    },
                    "to": {
                        "startLines": "21,22,23,24,25,26,27,28,30,31,32,33,34,35,36,37,38",
                        "startColumns": "4,4,4,4,4,4,4,4,4,4,4,4,4,4,4,4,4",
                        "startOffsets": "1940,2046,2217,2335,2439,2613,2732,2869,3173,3377,3482,3649,3769,3946,4095,4184,4272",
                        "endColumns": "105,170,117,103,173,118,136,123,203,104,166,119,176,148,88,87,103",
                        "endOffsets": "2041,2212,2330,2434,2608,2727,2864,2988,3372,3477,3644,3764,3941,4090,4179,4267,4371"
                    }
                }
            ]
        },
        {
            "outputFile": "C:\\Users\\rache\\AndroidStudioProjects\\SoftwareSpecifications\\app\\build\\intermediates\\incremental\\mergeDebugAndroidTestResources\\merged.dir\\values-ko\\values-ko.xml",
            "map": [
                {
                    "source": "C:\\Users\\rache\\.gradle\\caches\\transforms-1\\files-1.1\\appcompat-v7-26.1.0.aar\\090f1e383135fa7a576715b6cc6d265b\\res\\values-ko\\values-ko.xml",
                    "from": {
                        "startLines": "2,3,4,5,6,7,8,9,10,11,12,13,14,15,16,17,18,19,20,21,22",
                        "startColumns": "4,4,4,4,4,4,4,4,4,4,4,4,4,4,4,4,4,4,4,4,4",
                        "startOffsets": "55,150,258,381,475,577,659,757,863,942,1018,1098,1196,1291,1386,1486,1582,1681,1796,1890,1968",
                        "endColumns": "94,107,122,93,101,81,97,105,78,75,79,97,94,94,99,95,98,114,93,77,100",
                        "endOffsets": "145,253,376,470,572,654,752,858,937,1013,1093,1191,1286,1381,1481,1577,1676,1791,1885,1963,2064"
                    },
                    "to": {
                        "startLines": "2,3,4,5,6,7,8,9,10,11,12,13,14,15,16,17,18,19,20,39,40",
                        "startColumns": "4,4,4,4,4,4,4,4,4,4,4,4,4,4,4,4,4,4,4,4,4",
                        "startOffsets": "105,200,308,431,525,627,709,807,913,992,1068,1148,1246,1341,1436,1536,1632,1731,1846,4376,4454",
                        "endColumns": "94,107,122,93,101,81,97,105,78,75,79,97,94,94,99,95,98,114,93,77,100",
                        "endOffsets": "195,303,426,520,622,704,802,908,987,1063,1143,1241,1336,1431,1531,1627,1726,1841,1935,4449,4550"
                    }
                },
                {
                    "source": "C:\\Users\\rache\\.gradle\\caches\\transforms-1\\files-1.1\\play-services-basement-11.8.0.aar\\4156095f54a5b056d692bcb2b851cc07\\res\\values-ko\\values.xml",
                    "from": {
                        "startLines": "4",
                        "startColumns": "0",
                        "startOffsets": "283",
                        "endColumns": "179",
                        "endOffsets": "462"
                    },
                    "to": {
                        "startLines": "29",
                        "startColumns": "4",
                        "startOffsets": "2993",
                        "endColumns": "179",
                        "endOffsets": "3168"
                    }
                },
                {
                    "source": "C:\\Users\\rache\\.gradle\\caches\\transforms-1\\files-1.1\\play-services-base-11.8.0.aar\\f2632959cf334c052a45ac2e6c89af48\\res\\values-ko\\values.xml",
                    "from": {
                        "startLines": "4,5,6,7,8,9,10,11,12,13,14,15,16,17,18,19,20",
                        "startColumns": "0,0,0,0,0,0,0,0,0,0,0,0,0,0,0,0,0",
                        "startOffsets": "281,383,554,668,768,942,1057,1190,1310,1514,1615,1782,1898,2075,2220,2305,2389",
                        "endColumns": "101,170,113,99,173,114,132,119,203,100,166,115,176,144,84,83,99",
                        "endOffsets": "382,553,667,767,941,1056,1189,1309,1513,1614,1781,1897,2074,2219,2304,2388,2488"
                    },
                    "to": {
                        "startLines": "21,22,23,24,25,26,27,28,30,31,32,33,34,35,36,37,38",
                        "startColumns": "4,4,4,4,4,4,4,4,4,4,4,4,4,4,4,4,4",
                        "startOffsets": "1940,2046,2217,2335,2439,2613,2732,2869,3173,3377,3482,3649,3769,3946,4095,4184,4272",
                        "endColumns": "105,170,117,103,173,118,136,123,203,104,166,119,176,148,88,87,103",
                        "endOffsets": "2041,2212,2330,2434,2608,2727,2864,2988,3372,3477,3644,3764,3941,4090,4179,4267,4371"
                    }
                }
            ]
        }
    ]
}