{
    "logs": [
        {
            "outputFile": "C:\\Users\\rache\\AndroidStudioProjects\\SoftwareSpecifications\\app\\build\\intermediates\\incremental\\mergeDebugAndroidTestResources\\merged.dir\\values-v26\\values-v26.xml",
            "map": [
                {
                    "source": "C:\\Users\\rache\\.gradle\\caches\\transforms-1\\files-1.1\\design-26.1.0.aar\\a48168874ae94fc71a0d5a975814867e\\res\\values-v26\\values-v26.xml",
                    "from": {
                        "startLines": "2,6",
                        "startColumns": "4,4",
                        "startOffsets": "55,299",
                        "endLines": "5,6",
                        "endColumns": "12,96",
                        "endOffsets": "294,391"
                    },
                    "to": {
                        "startLines": "16,21",
                        "startColumns": "4,4",
                        "startOffsets": "896,1233",
                        "endLines": "19,21",
                        "endColumns": "12,96",
                        "endOffsets": "1135,1325"
                    }
                },
                {
                    "source": "C:\\Users\\rache\\.gradle\\caches\\transforms-1\\files-1.1\\appcompat-v7-26.1.0.aar\\090f1e383135fa7a576715b6cc6d265b\\res\\values-v26\\values-v26.xml",
                    "from": {
                        "startLines": "2,3,4,8,12,16",
                        "startColumns": "4,4,4,4,4,4",
                        "startOffsets": "55,130,217,431,657,896",
                        "endLines": "2,3,7,11,15,16",
                        "endColumns": "74,86,12,12,12,92",
                        "endOffsets": "125,212,426,652,891,984"
                    },
                    "to": {
                        "startLines": "2,3,4,8,12,20",
                        "startColumns": "4,4,4,4,4,4",
                        "startOffsets": "55,130,217,431,657,1140",
                        "endLines": "2,3,7,11,15,20",
                        "endColumns": "74,86,12,12,12,92",
                        "endOffsets": "125,212,426,652,891,1228"
                    }
                }
            ]
        },
        {
            "outputFile": "C:\\Users\\Daniel\\AndroidStudioProjects\\SoftwareSpecifications\\app\\build\\intermediates\\incremental\\mergeDebugAndroidTestResources\\merged.dir\\values-v26\\values-v26.xml",
            "map": [
                {
                    "source": "C:\\Users\\Daniel\\.gradle\\caches\\transforms-1\\files-1.1\\appcompat-v7-26.1.0.aar\\1f600b1218903c988bc8afd8c35bad62\\res\\values-v26\\values-v26.xml",
                    "from": {
                        "startLines": "2,3,4,8,12,16",
                        "startColumns": "4,4,4,4,4,4",
                        "startOffsets": "55,130,217,431,657,896",
                        "endLines": "2,3,7,11,15,16",
                        "endColumns": "74,86,12,12,12,92",
                        "endOffsets": "125,212,426,652,891,984"
                    },
                    "to": {
                        "startLines": "2,3,4,8,12,20",
                        "startColumns": "4,4,4,4,4,4",
                        "startOffsets": "55,130,217,431,657,1140",
                        "endLines": "2,3,7,11,15,20",
                        "endColumns": "74,86,12,12,12,92",
                        "endOffsets": "125,212,426,652,891,1228"
                    }
                },
                {
                    "source": "C:\\Users\\Daniel\\.gradle\\caches\\transforms-1\\files-1.1\\design-26.1.0.aar\\5cfd52f7d8df7fc4d01c958abc00c488\\res\\values-v26\\values-v26.xml",
                    "from": {
                        "startLines": "2,6",
                        "startColumns": "4,4",
                        "startOffsets": "55,299",
                        "endLines": "5,6",
                        "endColumns": "12,96",
                        "endOffsets": "294,391"
                    },
                    "to": {
                        "startLines": "16,21",
                        "startColumns": "4,4",
                        "startOffsets": "896,1233",
                        "endLines": "19,21",
                        "endColumns": "12,96",
                        "endOffsets": "1135,1325"
                    }
                }
            ]
        }
    ]
}