{
    "logs": [
        {
            "outputFile": "C:\\Users\\Daniel\\AndroidStudioProjects\\SoftwareSpecifications\\app\\build\\intermediates\\incremental\\mergeDebugAndroidTestResources\\merged.dir\\values-es\\values-es.xml",
            "map": [
                {
                    "source": "C:\\Users\\Daniel\\.gradle\\caches\\transforms-1\\files-1.1\\play-services-basement-11.8.0.aar\\b0e8a5874481ea38051cd2d8a9724518\\res\\values-es\\values.xml",
                    "from": {
                        "startLines": "4",
                        "startColumns": "0",
                        "startOffsets": "283",
                        "endColumns": "218",
                        "endOffsets": "501"
                    },
                    "to": {
                        "startLines": "29",
                        "startColumns": "4",
                        "startOffsets": "3281",
                        "endColumns": "218",
                        "endOffsets": "3495"
                    }
                },
                {
                    "source": "C:\\Users\\Daniel\\.gradle\\caches\\transforms-1\\files-1.1\\play-services-base-11.8.0.aar\\aee9d84feeba86acb0e68eb689ed1b20\\res\\values-es\\values.xml",
                    "from": {
                        "startLines": "4,5,6,7,8,9,10,11,12,13,14,15,16,17,18,19,20",
                        "startColumns": "0,0,0,0,0,0,0,0,0,0,0,0,0,0,0,0,0",
                        "startOffsets": "281,387,582,711,817,1037,1168,1316,1451,1702,1809,2005,2135,2359,2542,2635,2730",
                        "endColumns": "105,194,128,105,219,130,147,134,250,106,195,129,223,182,92,94,109",
                        "endOffsets": "386,581,710,816,1036,1167,1315,1450,1701,1808,2004,2134,2358,2541,2634,2729,2839"
                    },
                    "to": {
                        "startLines": "21,22,23,24,25,26,27,28,30,31,32,33,34,35,36,37,38",
                        "startColumns": "4,4,4,4,4,4,4,4,4,4,4,4,4,4,4,4,4",
                        "startOffsets": "2087,2197,2392,2525,2635,2855,2990,3142,3500,3751,3862,4058,4192,4416,4603,4700,4799",
                        "endColumns": "109,194,132,109,219,134,151,138,250,110,195,133,223,186,96,98,113",
                        "endOffsets": "2192,2387,2520,2630,2850,2985,3137,3276,3746,3857,4053,4187,4411,4598,4695,4794,4908"
                    }
                },
                {
                    "source": "C:\\Users\\Daniel\\.gradle\\caches\\transforms-1\\files-1.1\\appcompat-v7-26.1.0.aar\\1f600b1218903c988bc8afd8c35bad62\\res\\values-es\\values-es.xml",
                    "from": {
                        "startLines": "2,3,4,5,6,7,8,9,10,11,12,13,14,15,16,17,18,19,20,21,22",
                        "startColumns": "4,4,4,4,4,4,4,4,4,4,4,4,4,4,4,4,4,4,4,4,4",
                        "startOffsets": "55,172,280,403,516,624,709,810,938,1023,1105,1187,1294,1394,1493,1601,1708,1815,1937,2037,2119",
                        "endColumns": "116,107,122,112,107,84,100,127,84,81,81,106,99,98,107,106,106,121,99,81,100",
                        "endOffsets": "167,275,398,511,619,704,805,933,1018,1100,1182,1289,1389,1488,1596,1703,1810,1932,2032,2114,2215"
                    },
                    "to": {
                        "startLines": "2,3,4,5,6,7,8,9,10,11,12,13,14,15,16,17,18,19,20,39,40",
                        "startColumns": "4,4,4,4,4,4,4,4,4,4,4,4,4,4,4,4,4,4,4,4,4",
                        "startOffsets": "105,222,330,453,566,674,759,860,988,1073,1155,1237,1344,1444,1543,1651,1758,1865,1987,4913,4995",
                        "endColumns": "116,107,122,112,107,84,100,127,84,81,81,106,99,98,107,106,106,121,99,81,100",
                        "endOffsets": "217,325,448,561,669,754,855,983,1068,1150,1232,1339,1439,1538,1646,1753,1860,1982,2082,4990,5091"
                    }
                }
            ]
        },
        {
            "outputFile": "C:\\Users\\rache\\AndroidStudioProjects\\SoftwareSpecifications\\app\\build\\intermediates\\incremental\\mergeDebugAndroidTestResources\\merged.dir\\values-es\\values-es.xml",
            "map": [
                {
                    "source": "C:\\Users\\rache\\.gradle\\caches\\transforms-1\\files-1.1\\play-services-base-11.8.0.aar\\f2632959cf334c052a45ac2e6c89af48\\res\\values-es\\values.xml",
                    "from": {
                        "startLines": "4,5,6,7,8,9,10,11,12,13,14,15,16,17,18,19,20",
                        "startColumns": "0,0,0,0,0,0,0,0,0,0,0,0,0,0,0,0,0",
                        "startOffsets": "281,387,582,711,817,1037,1168,1316,1451,1702,1809,2005,2135,2359,2542,2635,2730",
                        "endColumns": "105,194,128,105,219,130,147,134,250,106,195,129,223,182,92,94,109",
                        "endOffsets": "386,581,710,816,1036,1167,1315,1450,1701,1808,2004,2134,2358,2541,2634,2729,2839"
                    },
                    "to": {
                        "startLines": "21,22,23,24,25,26,27,28,30,31,32,33,34,35,36,37,38",
                        "startColumns": "4,4,4,4,4,4,4,4,4,4,4,4,4,4,4,4,4",
                        "startOffsets": "2087,2197,2392,2525,2635,2855,2990,3142,3500,3751,3862,4058,4192,4416,4603,4700,4799",
                        "endColumns": "109,194,132,109,219,134,151,138,250,110,195,133,223,186,96,98,113",
                        "endOffsets": "2192,2387,2520,2630,2850,2985,3137,3276,3746,3857,4053,4187,4411,4598,4695,4794,4908"
                    }
                },
                {
                    "source": "C:\\Users\\rache\\.gradle\\caches\\transforms-1\\files-1.1\\appcompat-v7-26.1.0.aar\\090f1e383135fa7a576715b6cc6d265b\\res\\values-es\\values-es.xml",
                    "from": {
                        "startLines": "2,3,4,5,6,7,8,9,10,11,12,13,14,15,16,17,18,19,20,21,22",
                        "startColumns": "4,4,4,4,4,4,4,4,4,4,4,4,4,4,4,4,4,4,4,4,4",
                        "startOffsets": "55,172,280,403,516,624,709,810,938,1023,1105,1187,1294,1394,1493,1601,1708,1815,1937,2037,2119",
                        "endColumns": "116,107,122,112,107,84,100,127,84,81,81,106,99,98,107,106,106,121,99,81,100",
                        "endOffsets": "167,275,398,511,619,704,805,933,1018,1100,1182,1289,1389,1488,1596,1703,1810,1932,2032,2114,2215"
                    },
                    "to": {
                        "startLines": "2,3,4,5,6,7,8,9,10,11,12,13,14,15,16,17,18,19,20,39,40",
                        "startColumns": "4,4,4,4,4,4,4,4,4,4,4,4,4,4,4,4,4,4,4,4,4",
                        "startOffsets": "105,222,330,453,566,674,759,860,988,1073,1155,1237,1344,1444,1543,1651,1758,1865,1987,4913,4995",
                        "endColumns": "116,107,122,112,107,84,100,127,84,81,81,106,99,98,107,106,106,121,99,81,100",
                        "endOffsets": "217,325,448,561,669,754,855,983,1068,1150,1232,1339,1439,1538,1646,1753,1860,1982,2082,4990,5091"
                    }
                },
                {
                    "source": "C:\\Users\\rache\\.gradle\\caches\\transforms-1\\files-1.1\\play-services-basement-11.8.0.aar\\4156095f54a5b056d692bcb2b851cc07\\res\\values-es\\values.xml",
                    "from": {
                        "startLines": "4",
                        "startColumns": "0",
                        "startOffsets": "283",
                        "endColumns": "218",
                        "endOffsets": "501"
                    },
                    "to": {
                        "startLines": "29",
                        "startColumns": "4",
                        "startOffsets": "3281",
                        "endColumns": "218",
                        "endOffsets": "3495"
                    }
                }
            ]
        }
    ]
}