{
    "logs": [
        {
            "outputFile": "C:\\Users\\rache\\AndroidStudioProjects\\SoftwareSpecifications\\app\\build\\intermediates\\incremental\\mergeDebugAndroidTestResources\\merged.dir\\values-af\\values-af.xml",
            "map": [
                {
                    "source": "C:\\Users\\rache\\.gradle\\caches\\transforms-1\\files-1.1\\play-services-base-11.8.0.aar\\f2632959cf334c052a45ac2e6c89af48\\res\\values-af\\values.xml",
                    "from": {
                        "startLines": "4,5,6,7,8,9,10,11,12,13,14,15,16,17,18,19,20",
                        "startColumns": "0,0,0,0,0,0,0,0,0,0,0,0,0,0,0,0,0",
                        "startOffsets": "281,386,574,698,806,1015,1135,1282,1409,1634,1740,1928,2053,2251,2431,2523,2612",
                        "endColumns": "104,187,123,107,208,119,146,126,224,105,187,124,197,179,91,88,103",
                        "endOffsets": "385,573,697,805,1014,1134,1281,1408,1633,1739,1927,2052,2250,2430,2522,2611,2715"
                    },
                    "to": {
                        "startLines": "21,22,23,24,25,26,27,28,30,31,32,33,34,35,36,37,38",
                        "startColumns": "4,4,4,4,4,4,4,4,4,4,4,4,4,4,4,4,4",
                        "startOffsets": "2020,2129,2317,2445,2557,2766,2890,3041,3374,3599,3709,3897,4026,4224,4408,4504,4597",
                        "endColumns": "108,187,127,111,208,123,150,130,224,109,187,128,197,183,95,92,107",
                        "endOffsets": "2124,2312,2440,2552,2761,2885,3036,3167,3594,3704,3892,4021,4219,4403,4499,4592,4700"
                    }
                },
                {
                    "source": "C:\\Users\\rache\\.gradle\\caches\\transforms-1\\files-1.1\\play-services-basement-11.8.0.aar\\4156095f54a5b056d692bcb2b851cc07\\res\\values-af\\values.xml",
                    "from": {
                        "startLines": "4",
                        "startColumns": "0",
                        "startOffsets": "283",
                        "endColumns": "201",
                        "endOffsets": "484"
                    },
                    "to": {
                        "startLines": "29",
                        "startColumns": "4",
                        "startOffsets": "3172",
                        "endColumns": "201",
                        "endOffsets": "3369"
                    }
                },
                {
                    "source": "C:\\Users\\rache\\.gradle\\caches\\transforms-1\\files-1.1\\appcompat-v7-26.1.0.aar\\090f1e383135fa7a576715b6cc6d265b\\res\\values-af\\values-af.xml",
                    "from": {
                        "startLines": "2,3,4,5,6,7,8,9,10,11,12,13,14,15,16,17,18,19,20,21,22",
                        "startColumns": "4,4,4,4,4,4,4,4,4,4,4,4,4,4,4,4,4,4,4,4,4",
                        "startOffsets": "55,159,267,390,490,596,681,784,902,978,1055,1136,1243,1346,1443,1551,1653,1755,1872,1970,2050",
                        "endColumns": "103,107,122,99,105,84,102,117,75,76,80,106,102,96,107,101,101,116,97,79,100",
                        "endOffsets": "154,262,385,485,591,676,779,897,973,1050,1131,1238,1341,1438,1546,1648,1750,1867,1965,2045,2146"
                    },
                    "to": {
                        "startLines": "2,3,4,5,6,7,8,9,10,11,12,13,14,15,16,17,18,19,20,39,40",
                        "startColumns": "4,4,4,4,4,4,4,4,4,4,4,4,4,4,4,4,4,4,4,4,4",
                        "startOffsets": "105,209,317,440,540,646,731,834,952,1028,1105,1186,1293,1396,1493,1601,1703,1805,1922,4705,4785",
                        "endColumns": "103,107,122,99,105,84,102,117,75,76,80,106,102,96,107,101,101,116,97,79,100",
                        "endOffsets": "204,312,435,535,641,726,829,947,1023,1100,1181,1288,1391,1488,1596,1698,1800,1917,2015,4780,4881"
                    }
                }
            ]
        },
        {
            "outputFile": "C:\\Users\\Daniel\\AndroidStudioProjects\\SoftwareSpecifications\\app\\build\\intermediates\\incremental\\mergeDebugAndroidTestResources\\merged.dir\\values-af\\values-af.xml",
            "map": [
                {
                    "source": "C:\\Users\\Daniel\\.gradle\\caches\\transforms-1\\files-1.1\\appcompat-v7-26.1.0.aar\\1f600b1218903c988bc8afd8c35bad62\\res\\values-af\\values-af.xml",
                    "from": {
                        "startLines": "2,3,4,5,6,7,8,9,10,11,12,13,14,15,16,17,18,19,20,21,22",
                        "startColumns": "4,4,4,4,4,4,4,4,4,4,4,4,4,4,4,4,4,4,4,4,4",
                        "startOffsets": "55,159,267,390,490,596,681,784,902,978,1055,1136,1243,1346,1443,1551,1653,1755,1872,1970,2050",
                        "endColumns": "103,107,122,99,105,84,102,117,75,76,80,106,102,96,107,101,101,116,97,79,100",
                        "endOffsets": "154,262,385,485,591,676,779,897,973,1050,1131,1238,1341,1438,1546,1648,1750,1867,1965,2045,2146"
                    },
                    "to": {
                        "startLines": "2,3,4,5,6,7,8,9,10,11,12,13,14,15,16,17,18,19,20,39,40",
                        "startColumns": "4,4,4,4,4,4,4,4,4,4,4,4,4,4,4,4,4,4,4,4,4",
                        "startOffsets": "105,209,317,440,540,646,731,834,952,1028,1105,1186,1293,1396,1493,1601,1703,1805,1922,4705,4785",
                        "endColumns": "103,107,122,99,105,84,102,117,75,76,80,106,102,96,107,101,101,116,97,79,100",
                        "endOffsets": "204,312,435,535,641,726,829,947,1023,1100,1181,1288,1391,1488,1596,1698,1800,1917,2015,4780,4881"
                    }
                },
                {
                    "source": "C:\\Users\\Daniel\\.gradle\\caches\\transforms-1\\files-1.1\\play-services-basement-11.8.0.aar\\b0e8a5874481ea38051cd2d8a9724518\\res\\values-af\\values.xml",
                    "from": {
                        "startLines": "4",
                        "startColumns": "0",
                        "startOffsets": "283",
                        "endColumns": "201",
                        "endOffsets": "484"
                    },
                    "to": {
                        "startLines": "29",
                        "startColumns": "4",
                        "startOffsets": "3172",
                        "endColumns": "201",
                        "endOffsets": "3369"
                    }
                },
                {
                    "source": "C:\\Users\\Daniel\\.gradle\\caches\\transforms-1\\files-1.1\\play-services-base-11.8.0.aar\\aee9d84feeba86acb0e68eb689ed1b20\\res\\values-af\\values.xml",
                    "from": {
                        "startLines": "4,5,6,7,8,9,10,11,12,13,14,15,16,17,18,19,20",
                        "startColumns": "0,0,0,0,0,0,0,0,0,0,0,0,0,0,0,0,0",
                        "startOffsets": "281,386,574,698,806,1015,1135,1282,1409,1634,1740,1928,2053,2251,2431,2523,2612",
                        "endColumns": "104,187,123,107,208,119,146,126,224,105,187,124,197,179,91,88,103",
                        "endOffsets": "385,573,697,805,1014,1134,1281,1408,1633,1739,1927,2052,2250,2430,2522,2611,2715"
                    },
                    "to": {
                        "startLines": "21,22,23,24,25,26,27,28,30,31,32,33,34,35,36,37,38",
                        "startColumns": "4,4,4,4,4,4,4,4,4,4,4,4,4,4,4,4,4",
                        "startOffsets": "2020,2129,2317,2445,2557,2766,2890,3041,3374,3599,3709,3897,4026,4224,4408,4504,4597",
                        "endColumns": "108,187,127,111,208,123,150,130,224,109,187,128,197,183,95,92,107",
                        "endOffsets": "2124,2312,2440,2552,2761,2885,3036,3167,3594,3704,3892,4021,4219,4403,4499,4592,4700"
                    }
                }
            ]
        }
    ]
}