{
    "logs": [
        {
            "outputFile": "C:\\Users\\rache\\AndroidStudioProjects\\SoftwareSpecifications\\app\\build\\intermediates\\incremental\\mergeDebugAndroidTestResources\\merged.dir\\values-v22\\values-v22.xml",
            "map": [
                {
                    "source": "C:\\Users\\rache\\.gradle\\caches\\transforms-1\\files-1.1\\appcompat-v7-26.1.0.aar\\090f1e383135fa7a576715b6cc6d265b\\res\\values-v22\\values-v22.xml",
                    "from": {
                        "startLines": "2,3,4,9",
                        "startColumns": "4,4,4,4",
                        "startOffsets": "55,130,217,553",
                        "endLines": "2,3,8,13",
                        "endColumns": "74,86,12,12",
                        "endOffsets": "125,212,548,896"
                    }
                }
            ]
        },
        {
            "outputFile": "C:\\Users\\Daniel\\AndroidStudioProjects\\SoftwareSpecifications\\app\\build\\intermediates\\incremental\\mergeDebugAndroidTestResources\\merged.dir\\values-v22\\values-v22.xml",
            "map": [
                {
                    "source": "C:\\Users\\Daniel\\.gradle\\caches\\transforms-1\\files-1.1\\appcompat-v7-26.1.0.aar\\1f600b1218903c988bc8afd8c35bad62\\res\\values-v22\\values-v22.xml",
                    "from": {
                        "startLines": "2,3,4,9",
                        "startColumns": "4,4,4,4",
                        "startOffsets": "55,130,217,553",
                        "endLines": "2,3,8,13",
                        "endColumns": "74,86,12,12",
                        "endOffsets": "125,212,548,896"
                    }
                }
            ]
        }
    ]
}