{
    "logs": [
        {
            "outputFile": "C:\\Users\\rache\\AndroidStudioProjects\\SoftwareSpecifications\\app\\build\\intermediates\\incremental\\mergeDebugAndroidTestResources\\merged.dir\\values-ca\\values-ca.xml",
            "map": [
                {
                    "source": "C:\\Users\\rache\\.gradle\\caches\\transforms-1\\files-1.1\\appcompat-v7-26.1.0.aar\\090f1e383135fa7a576715b6cc6d265b\\res\\values-ca\\values-ca.xml",
                    "from": {
                        "startLines": "2,3,4,5,6,7,8,9,10,11,12,13,14,15,16,17,18,19,20,21,22",
                        "startColumns": "4,4,4,4,4,4,4,4,4,4,4,4,4,4,4,4,4,4,4,4,4",
                        "startOffsets": "55,173,281,404,510,617,700,808,934,1018,1099,1182,1293,1402,1500,1610,1714,1822,1945,2044,2125",
                        "endColumns": "117,107,122,105,106,82,107,125,83,80,82,110,108,97,109,103,107,122,98,80,100",
                        "endOffsets": "168,276,399,505,612,695,803,929,1013,1094,1177,1288,1397,1495,1605,1709,1817,1940,2039,2120,2221"
                    },
                    "to": {
                        "startLines": "2,3,4,5,6,7,8,9,10,11,12,13,14,15,16,17,18,19,20,39,40",
                        "startColumns": "4,4,4,4,4,4,4,4,4,4,4,4,4,4,4,4,4,4,4,4,4",
                        "startOffsets": "105,223,331,454,560,667,750,858,984,1068,1149,1232,1343,1452,1550,1660,1764,1872,1995,4922,5003",
                        "endColumns": "117,107,122,105,106,82,107,125,83,80,82,110,108,97,109,103,107,122,98,80,100",
                        "endOffsets": "218,326,449,555,662,745,853,979,1063,1144,1227,1338,1447,1545,1655,1759,1867,1990,2089,4998,5099"
                    }
                },
                {
                    "source": "C:\\Users\\rache\\.gradle\\caches\\transforms-1\\files-1.1\\play-services-base-11.8.0.aar\\f2632959cf334c052a45ac2e6c89af48\\res\\values-ca\\values.xml",
                    "from": {
                        "startLines": "4,5,6,7,8,9,10,11,12,13,14,15,16,17,18,19,20",
                        "startColumns": "0,0,0,0,0,0,0,0,0,0,0,0,0,0,0,0,0",
                        "startOffsets": "281,384,568,693,800,1021,1159,1308,1441,1685,1792,1995,2137,2373,2570,2661,2755",
                        "endColumns": "102,183,124,106,220,137,148,132,243,106,202,141,235,196,90,93,111",
                        "endOffsets": "383,567,692,799,1020,1158,1307,1440,1684,1791,1994,2136,2372,2569,2660,2754,2866"
                    },
                    "to": {
                        "startLines": "21,22,23,24,25,26,27,28,30,31,32,33,34,35,36,37,38",
                        "startColumns": "4,4,4,4,4,4,4,4,4,4,4,4,4,4,4,4,4",
                        "startOffsets": "2094,2201,2385,2514,2625,2846,2988,3141,3472,3716,3827,4030,4176,4412,4613,4708,4806",
                        "endColumns": "106,183,128,110,220,141,152,136,243,110,202,145,235,200,94,97,115",
                        "endOffsets": "2196,2380,2509,2620,2841,2983,3136,3273,3711,3822,4025,4171,4407,4608,4703,4801,4917"
                    }
                },
                {
                    "source": "C:\\Users\\rache\\.gradle\\caches\\transforms-1\\files-1.1\\play-services-basement-11.8.0.aar\\4156095f54a5b056d692bcb2b851cc07\\res\\values-ca\\values.xml",
                    "from": {
                        "startLines": "4",
                        "startColumns": "0",
                        "startOffsets": "283",
                        "endColumns": "193",
                        "endOffsets": "476"
                    },
                    "to": {
                        "startLines": "29",
                        "startColumns": "4",
                        "startOffsets": "3278",
                        "endColumns": "193",
                        "endOffsets": "3467"
                    }
                }
            ]
        },
        {
            "outputFile": "C:\\Users\\Daniel\\AndroidStudioProjects\\SoftwareSpecifications\\app\\build\\intermediates\\incremental\\mergeDebugAndroidTestResources\\merged.dir\\values-ca\\values-ca.xml",
            "map": [
                {
                    "source": "C:\\Users\\Daniel\\.gradle\\caches\\transforms-1\\files-1.1\\appcompat-v7-26.1.0.aar\\1f600b1218903c988bc8afd8c35bad62\\res\\values-ca\\values-ca.xml",
                    "from": {
                        "startLines": "2,3,4,5,6,7,8,9,10,11,12,13,14,15,16,17,18,19,20,21,22",
                        "startColumns": "4,4,4,4,4,4,4,4,4,4,4,4,4,4,4,4,4,4,4,4,4",
                        "startOffsets": "55,173,281,404,510,617,700,808,934,1018,1099,1182,1293,1402,1500,1610,1714,1822,1945,2044,2125",
                        "endColumns": "117,107,122,105,106,82,107,125,83,80,82,110,108,97,109,103,107,122,98,80,100",
                        "endOffsets": "168,276,399,505,612,695,803,929,1013,1094,1177,1288,1397,1495,1605,1709,1817,1940,2039,2120,2221"
                    },
                    "to": {
                        "startLines": "2,3,4,5,6,7,8,9,10,11,12,13,14,15,16,17,18,19,20,39,40",
                        "startColumns": "4,4,4,4,4,4,4,4,4,4,4,4,4,4,4,4,4,4,4,4,4",
                        "startOffsets": "105,223,331,454,560,667,750,858,984,1068,1149,1232,1343,1452,1550,1660,1764,1872,1995,4922,5003",
                        "endColumns": "117,107,122,105,106,82,107,125,83,80,82,110,108,97,109,103,107,122,98,80,100",
                        "endOffsets": "218,326,449,555,662,745,853,979,1063,1144,1227,1338,1447,1545,1655,1759,1867,1990,2089,4998,5099"
                    }
                },
                {
                    "source": "C:\\Users\\Daniel\\.gradle\\caches\\transforms-1\\files-1.1\\play-services-base-11.8.0.aar\\aee9d84feeba86acb0e68eb689ed1b20\\res\\values-ca\\values.xml",
                    "from": {
                        "startLines": "4,5,6,7,8,9,10,11,12,13,14,15,16,17,18,19,20",
                        "startColumns": "0,0,0,0,0,0,0,0,0,0,0,0,0,0,0,0,0",
                        "startOffsets": "281,384,568,693,800,1021,1159,1308,1441,1685,1792,1995,2137,2373,2570,2661,2755",
                        "endColumns": "102,183,124,106,220,137,148,132,243,106,202,141,235,196,90,93,111",
                        "endOffsets": "383,567,692,799,1020,1158,1307,1440,1684,1791,1994,2136,2372,2569,2660,2754,2866"
                    },
                    "to": {
                        "startLines": "21,22,23,24,25,26,27,28,30,31,32,33,34,35,36,37,38",
                        "startColumns": "4,4,4,4,4,4,4,4,4,4,4,4,4,4,4,4,4",
                        "startOffsets": "2094,2201,2385,2514,2625,2846,2988,3141,3472,3716,3827,4030,4176,4412,4613,4708,4806",
                        "endColumns": "106,183,128,110,220,141,152,136,243,110,202,145,235,200,94,97,115",
                        "endOffsets": "2196,2380,2509,2620,2841,2983,3136,3273,3711,3822,4025,4171,4407,4608,4703,4801,4917"
                    }
                },
                {
                    "source": "C:\\Users\\Daniel\\.gradle\\caches\\transforms-1\\files-1.1\\play-services-basement-11.8.0.aar\\b0e8a5874481ea38051cd2d8a9724518\\res\\values-ca\\values.xml",
                    "from": {
                        "startLines": "4",
                        "startColumns": "0",
                        "startOffsets": "283",
                        "endColumns": "193",
                        "endOffsets": "476"
                    },
                    "to": {
                        "startLines": "29",
                        "startColumns": "4",
                        "startOffsets": "3278",
                        "endColumns": "193",
                        "endOffsets": "3467"
                    }
                }
            ]
        }
    ]
}