{
    "logs": [
        {
            "outputFile": "C:\\Users\\Daniel\\AndroidStudioProjects\\SoftwareSpecifications\\app\\build\\intermediates\\incremental\\mergeDebugAndroidTestResources\\merged.dir\\values-ja\\values-ja.xml",
            "map": [
                {
                    "source": "C:\\Users\\Daniel\\.gradle\\caches\\transforms-1\\files-1.1\\play-services-base-11.8.0.aar\\aee9d84feeba86acb0e68eb689ed1b20\\res\\values-ja\\values.xml",
                    "from": {
                        "startLines": "4,5,6,7,8,9,10,11,12,13,14,15,16,17,18,19,20",
                        "startColumns": "0,0,0,0,0,0,0,0,0,0,0,0,0,0,0,0,0",
                        "startOffsets": "281,383,549,667,771,960,1078,1209,1333,1524,1623,1787,1904,2083,2229,2315,2400",
                        "endColumns": "101,165,117,103,188,117,130,123,190,98,163,116,178,145,85,84,95",
                        "endOffsets": "382,548,666,770,959,1077,1208,1332,1523,1622,1786,1903,2082,2228,2314,2399,2495"
                    },
                    "to": {
                        "startLines": "21,22,23,24,25,26,27,28,30,31,32,33,34,35,36,37,38",
                        "startColumns": "4,4,4,4,4,4,4,4,4,4,4,4,4,4,4,4,4",
                        "startOffsets": "1945,2051,2217,2339,2447,2636,2758,2893,3202,3393,3496,3660,3781,3960,4110,4200,4289",
                        "endColumns": "105,165,121,107,188,121,134,127,190,102,163,120,178,149,89,88,99",
                        "endOffsets": "2046,2212,2334,2442,2631,2753,2888,3016,3388,3491,3655,3776,3955,4105,4195,4284,4384"
                    }
                },
                {
                    "source": "C:\\Users\\Daniel\\.gradle\\caches\\transforms-1\\files-1.1\\appcompat-v7-26.1.0.aar\\1f600b1218903c988bc8afd8c35bad62\\res\\values-ja\\values-ja.xml",
                    "from": {
                        "startLines": "2,3,4,5,6,7,8,9,10,11,12,13,14,15,16,17,18,19,20,21,22",
                        "startColumns": "4,4,4,4,4,4,4,4,4,4,4,4,4,4,4,4,4,4,4,4,4",
                        "startOffsets": "55,152,259,380,473,578,660,758,866,943,1019,1097,1199,1298,1393,1496,1591,1687,1798,1895,1973",
                        "endColumns": "96,106,120,92,104,81,97,107,76,75,77,101,98,94,102,94,95,110,96,77,100",
                        "endOffsets": "147,254,375,468,573,655,753,861,938,1014,1092,1194,1293,1388,1491,1586,1682,1793,1890,1968,2069"
                    },
                    "to": {
                        "startLines": "2,3,4,5,6,7,8,9,10,11,12,13,14,15,16,17,18,19,20,39,40",
                        "startColumns": "4,4,4,4,4,4,4,4,4,4,4,4,4,4,4,4,4,4,4,4,4",
                        "startOffsets": "105,202,309,430,523,628,710,808,916,993,1069,1147,1249,1348,1443,1546,1641,1737,1848,4389,4467",
                        "endColumns": "96,106,120,92,104,81,97,107,76,75,77,101,98,94,102,94,95,110,96,77,100",
                        "endOffsets": "197,304,425,518,623,705,803,911,988,1064,1142,1244,1343,1438,1541,1636,1732,1843,1940,4462,4563"
                    }
                },
                {
                    "source": "C:\\Users\\Daniel\\.gradle\\caches\\transforms-1\\files-1.1\\play-services-basement-11.8.0.aar\\b0e8a5874481ea38051cd2d8a9724518\\res\\values-ja\\values.xml",
                    "from": {
                        "startLines": "4",
                        "startColumns": "0",
                        "startOffsets": "283",
                        "endColumns": "180",
                        "endOffsets": "463"
                    },
                    "to": {
                        "startLines": "29",
                        "startColumns": "4",
                        "startOffsets": "3021",
                        "endColumns": "180",
                        "endOffsets": "3197"
                    }
                }
            ]
        },
        {
            "outputFile": "C:\\Users\\rache\\AndroidStudioProjects\\SoftwareSpecifications\\app\\build\\intermediates\\incremental\\mergeDebugAndroidTestResources\\merged.dir\\values-ja\\values-ja.xml",
            "map": [
                {
                    "source": "C:\\Users\\rache\\.gradle\\caches\\transforms-1\\files-1.1\\play-services-basement-11.8.0.aar\\4156095f54a5b056d692bcb2b851cc07\\res\\values-ja\\values.xml",
                    "from": {
                        "startLines": "4",
                        "startColumns": "0",
                        "startOffsets": "283",
                        "endColumns": "180",
                        "endOffsets": "463"
                    },
                    "to": {
                        "startLines": "29",
                        "startColumns": "4",
                        "startOffsets": "3021",
                        "endColumns": "180",
                        "endOffsets": "3197"
                    }
                },
                {
                    "source": "C:\\Users\\rache\\.gradle\\caches\\transforms-1\\files-1.1\\appcompat-v7-26.1.0.aar\\090f1e383135fa7a576715b6cc6d265b\\res\\values-ja\\values-ja.xml",
                    "from": {
                        "startLines": "2,3,4,5,6,7,8,9,10,11,12,13,14,15,16,17,18,19,20,21,22",
                        "startColumns": "4,4,4,4,4,4,4,4,4,4,4,4,4,4,4,4,4,4,4,4,4",
                        "startOffsets": "55,152,259,380,473,578,660,758,866,943,1019,1097,1199,1298,1393,1496,1591,1687,1798,1895,1973",
                        "endColumns": "96,106,120,92,104,81,97,107,76,75,77,101,98,94,102,94,95,110,96,77,100",
                        "endOffsets": "147,254,375,468,573,655,753,861,938,1014,1092,1194,1293,1388,1491,1586,1682,1793,1890,1968,2069"
                    },
                    "to": {
                        "startLines": "2,3,4,5,6,7,8,9,10,11,12,13,14,15,16,17,18,19,20,39,40",
                        "startColumns": "4,4,4,4,4,4,4,4,4,4,4,4,4,4,4,4,4,4,4,4,4",
                        "startOffsets": "105,202,309,430,523,628,710,808,916,993,1069,1147,1249,1348,1443,1546,1641,1737,1848,4389,4467",
                        "endColumns": "96,106,120,92,104,81,97,107,76,75,77,101,98,94,102,94,95,110,96,77,100",
                        "endOffsets": "197,304,425,518,623,705,803,911,988,1064,1142,1244,1343,1438,1541,1636,1732,1843,1940,4462,4563"
                    }
                },
                {
                    "source": "C:\\Users\\rache\\.gradle\\caches\\transforms-1\\files-1.1\\play-services-base-11.8.0.aar\\f2632959cf334c052a45ac2e6c89af48\\res\\values-ja\\values.xml",
                    "from": {
                        "startLines": "4,5,6,7,8,9,10,11,12,13,14,15,16,17,18,19,20",
                        "startColumns": "0,0,0,0,0,0,0,0,0,0,0,0,0,0,0,0,0",
                        "startOffsets": "281,383,549,667,771,960,1078,1209,1333,1524,1623,1787,1904,2083,2229,2315,2400",
                        "endColumns": "101,165,117,103,188,117,130,123,190,98,163,116,178,145,85,84,95",
                        "endOffsets": "382,548,666,770,959,1077,1208,1332,1523,1622,1786,1903,2082,2228,2314,2399,2495"
                    },
                    "to": {
                        "startLines": "21,22,23,24,25,26,27,28,30,31,32,33,34,35,36,37,38",
                        "startColumns": "4,4,4,4,4,4,4,4,4,4,4,4,4,4,4,4,4",
                        "startOffsets": "1945,2051,2217,2339,2447,2636,2758,2893,3202,3393,3496,3660,3781,3960,4110,4200,4289",
                        "endColumns": "105,165,121,107,188,121,134,127,190,102,163,120,178,149,89,88,99",
                        "endOffsets": "2046,2212,2334,2442,2631,2753,2888,3016,3388,3491,3655,3776,3955,4105,4195,4284,4384"
                    }
                }
            ]
        }
    ]
}