{
    "logs": [
        {
            "outputFile": "C:\\Users\\Daniel\\AndroidStudioProjects\\SoftwareSpecifications\\app\\build\\intermediates\\incremental\\mergeDebugAndroidTestResources\\merged.dir\\values-v17\\values-v17.xml",
            "map": [
                {
                    "source": "C:\\Users\\Daniel\\.gradle\\caches\\transforms-1\\files-1.1\\appcompat-v7-26.1.0.aar\\1f600b1218903c988bc8afd8c35bad62\\res\\values-v17\\values-v17.xml",
                    "from": {
                        "startLines": "2,5,9,12,15,18,22,26,29,32,35,39,42,46",
                        "startColumns": "4,4,4,4,4,4,4,4,4,4,4,4,4,4",
                        "startOffsets": "55,228,456,614,764,936,1164,1406,1577,1751,1920,2193,2393,2597",
                        "endLines": "4,8,11,14,17,21,25,28,31,34,38,41,45,49",
                        "endColumns": "12,12,12,12,12,12,12,12,12,12,12,12,12,12",
                        "endOffsets": "223,451,609,759,931,1159,1401,1572,1746,1915,2188,2388,2592,2921"
                    }
                }
            ]
        },
        {
            "outputFile": "C:\\Users\\rache\\AndroidStudioProjects\\SoftwareSpecifications\\app\\build\\intermediates\\incremental\\mergeDebugAndroidTestResources\\merged.dir\\values-v17\\values-v17.xml",
            "map": [
                {
                    "source": "C:\\Users\\rache\\.gradle\\caches\\transforms-1\\files-1.1\\appcompat-v7-26.1.0.aar\\090f1e383135fa7a576715b6cc6d265b\\res\\values-v17\\values-v17.xml",
                    "from": {
                        "startLines": "2,5,9,12,15,18,22,26,29,32,35,39,42,46",
                        "startColumns": "4,4,4,4,4,4,4,4,4,4,4,4,4,4",
                        "startOffsets": "55,228,456,614,764,936,1164,1406,1577,1751,1920,2193,2393,2597",
                        "endLines": "4,8,11,14,17,21,25,28,31,34,38,41,45,49",
                        "endColumns": "12,12,12,12,12,12,12,12,12,12,12,12,12,12",
                        "endOffsets": "223,451,609,759,931,1159,1401,1572,1746,1915,2188,2388,2592,2921"
                    }
                }
            ]
        }
    ]
}