{
    "logs": [
        {
            "outputFile": "C:\\Users\\rache\\AndroidStudioProjects\\SoftwareSpecifications\\app\\build\\intermediates\\incremental\\mergeDebugAndroidTestResources\\merged.dir\\values-fi\\values-fi.xml",
            "map": [
                {
                    "source": "C:\\Users\\rache\\.gradle\\caches\\transforms-1\\files-1.1\\play-services-base-11.8.0.aar\\f2632959cf334c052a45ac2e6c89af48\\res\\values-fi\\values.xml",
                    "from": {
                        "startLines": "4,5,6,7,8,9,10,11,12,13,14,15,16,17,18,19,20",
                        "startColumns": "0,0,0,0,0,0,0,0,0,0,0,0,0,0,0,0,0",
                        "startOffsets": "281,390,575,704,808,1010,1134,1276,1408,1608,1712,1892,2016,2223,2388,2480,2576",
                        "endColumns": "108,184,128,103,201,123,141,131,199,103,179,123,206,164,91,95,107",
                        "endOffsets": "389,574,703,807,1009,1133,1275,1407,1607,1711,1891,2015,2222,2387,2479,2575,2683"
                    },
                    "to": {
                        "startLines": "21,22,23,24,25,26,27,28,30,31,32,33,34,35,36,37,38",
                        "startColumns": "4,4,4,4,4,4,4,4,4,4,4,4,4,4,4,4,4",
                        "startOffsets": "2037,2150,2335,2468,2576,2778,2906,3052,3397,3597,3705,3885,4013,4220,4389,4485,4585",
                        "endColumns": "112,184,132,107,201,127,145,135,199,107,179,127,206,168,95,99,111",
                        "endOffsets": "2145,2330,2463,2571,2773,2901,3047,3183,3592,3700,3880,4008,4215,4384,4480,4580,4692"
                    }
                },
                {
                    "source": "C:\\Users\\rache\\.gradle\\caches\\transforms-1\\files-1.1\\play-services-basement-11.8.0.aar\\4156095f54a5b056d692bcb2b851cc07\\res\\values-fi\\values.xml",
                    "from": {
                        "startLines": "4",
                        "startColumns": "0",
                        "startOffsets": "283",
                        "endColumns": "208",
                        "endOffsets": "491"
                    },
                    "to": {
                        "startLines": "29",
                        "startColumns": "4",
                        "startOffsets": "3188",
                        "endColumns": "208",
                        "endOffsets": "3392"
                    }
                },
                {
                    "source": "C:\\Users\\rache\\.gradle\\caches\\transforms-1\\files-1.1\\appcompat-v7-26.1.0.aar\\090f1e383135fa7a576715b6cc6d265b\\res\\values-fi\\values-fi.xml",
                    "from": {
                        "startLines": "2,3,4,5,6,7,8,9,10,11,12,13,14,15,16,17,18,19,20,21,22",
                        "startColumns": "4,4,4,4,4,4,4,4,4,4,4,4,4,4,4,4,4,4,4,4,4",
                        "startOffsets": "55,163,271,394,494,595,681,786,904,991,1073,1153,1260,1363,1460,1566,1665,1769,1888,1987,2067",
                        "endColumns": "107,107,122,99,100,85,104,117,86,81,79,106,102,96,105,98,103,118,98,79,100",
                        "endOffsets": "158,266,389,489,590,676,781,899,986,1068,1148,1255,1358,1455,1561,1660,1764,1883,1982,2062,2163"
                    },
                    "to": {
                        "startLines": "2,3,4,5,6,7,8,9,10,11,12,13,14,15,16,17,18,19,20,39,40",
                        "startColumns": "4,4,4,4,4,4,4,4,4,4,4,4,4,4,4,4,4,4,4,4,4",
                        "startOffsets": "105,213,321,444,544,645,731,836,954,1041,1123,1203,1310,1413,1510,1616,1715,1819,1938,4697,4777",
                        "endColumns": "107,107,122,99,100,85,104,117,86,81,79,106,102,96,105,98,103,118,98,79,100",
                        "endOffsets": "208,316,439,539,640,726,831,949,1036,1118,1198,1305,1408,1505,1611,1710,1814,1933,2032,4772,4873"
                    }
                }
            ]
        },
        {
            "outputFile": "C:\\Users\\Daniel\\AndroidStudioProjects\\SoftwareSpecifications\\app\\build\\intermediates\\incremental\\mergeDebugAndroidTestResources\\merged.dir\\values-fi\\values-fi.xml",
            "map": [
                {
                    "source": "C:\\Users\\Daniel\\.gradle\\caches\\transforms-1\\files-1.1\\appcompat-v7-26.1.0.aar\\1f600b1218903c988bc8afd8c35bad62\\res\\values-fi\\values-fi.xml",
                    "from": {
                        "startLines": "2,3,4,5,6,7,8,9,10,11,12,13,14,15,16,17,18,19,20,21,22",
                        "startColumns": "4,4,4,4,4,4,4,4,4,4,4,4,4,4,4,4,4,4,4,4,4",
                        "startOffsets": "55,163,271,394,494,595,681,786,904,991,1073,1153,1260,1363,1460,1566,1665,1769,1888,1987,2067",
                        "endColumns": "107,107,122,99,100,85,104,117,86,81,79,106,102,96,105,98,103,118,98,79,100",
                        "endOffsets": "158,266,389,489,590,676,781,899,986,1068,1148,1255,1358,1455,1561,1660,1764,1883,1982,2062,2163"
                    },
                    "to": {
                        "startLines": "2,3,4,5,6,7,8,9,10,11,12,13,14,15,16,17,18,19,20,39,40",
                        "startColumns": "4,4,4,4,4,4,4,4,4,4,4,4,4,4,4,4,4,4,4,4,4",
                        "startOffsets": "105,213,321,444,544,645,731,836,954,1041,1123,1203,1310,1413,1510,1616,1715,1819,1938,4697,4777",
                        "endColumns": "107,107,122,99,100,85,104,117,86,81,79,106,102,96,105,98,103,118,98,79,100",
                        "endOffsets": "208,316,439,539,640,726,831,949,1036,1118,1198,1305,1408,1505,1611,1710,1814,1933,2032,4772,4873"
                    }
                },
                {
                    "source": "C:\\Users\\Daniel\\.gradle\\caches\\transforms-1\\files-1.1\\play-services-base-11.8.0.aar\\aee9d84feeba86acb0e68eb689ed1b20\\res\\values-fi\\values.xml",
                    "from": {
                        "startLines": "4,5,6,7,8,9,10,11,12,13,14,15,16,17,18,19,20",
                        "startColumns": "0,0,0,0,0,0,0,0,0,0,0,0,0,0,0,0,0",
                        "startOffsets": "281,390,575,704,808,1010,1134,1276,1408,1608,1712,1892,2016,2223,2388,2480,2576",
                        "endColumns": "108,184,128,103,201,123,141,131,199,103,179,123,206,164,91,95,107",
                        "endOffsets": "389,574,703,807,1009,1133,1275,1407,1607,1711,1891,2015,2222,2387,2479,2575,2683"
                    },
                    "to": {
                        "startLines": "21,22,23,24,25,26,27,28,30,31,32,33,34,35,36,37,38",
                        "startColumns": "4,4,4,4,4,4,4,4,4,4,4,4,4,4,4,4,4",
                        "startOffsets": "2037,2150,2335,2468,2576,2778,2906,3052,3397,3597,3705,3885,4013,4220,4389,4485,4585",
                        "endColumns": "112,184,132,107,201,127,145,135,199,107,179,127,206,168,95,99,111",
                        "endOffsets": "2145,2330,2463,2571,2773,2901,3047,3183,3592,3700,3880,4008,4215,4384,4480,4580,4692"
                    }
                },
                {
                    "source": "C:\\Users\\Daniel\\.gradle\\caches\\transforms-1\\files-1.1\\play-services-basement-11.8.0.aar\\b0e8a5874481ea38051cd2d8a9724518\\res\\values-fi\\values.xml",
                    "from": {
                        "startLines": "4",
                        "startColumns": "0",
                        "startOffsets": "283",
                        "endColumns": "208",
                        "endOffsets": "491"
                    },
                    "to": {
                        "startLines": "29",
                        "startColumns": "4",
                        "startOffsets": "3188",
                        "endColumns": "208",
                        "endOffsets": "3392"
                    }
                }
            ]
        }
    ]
}