{
    "logs": [
        {
            "outputFile": "C:\\Users\\rache\\AndroidStudioProjects\\SoftwareSpecifications\\app\\build\\intermediates\\incremental\\mergeDebugAndroidTestResources\\merged.dir\\values-pt-rBR\\values-pt-rBR.xml",
            "map": [
                {
                    "source": "C:\\Users\\rache\\.gradle\\caches\\transforms-1\\files-1.1\\appcompat-v7-26.1.0.aar\\090f1e383135fa7a576715b6cc6d265b\\res\\values-pt-rBR\\values-pt-rBR.xml",
                    "from": {
                        "startLines": "2,3,4,5,6,7,8,9,10,11,12,13,14,15,16,17,18,19,20,21,22",
                        "startColumns": "4,4,4,4,4,4,4,4,4,4,4,4,4,4,4,4,4,4,4,4,4",
                        "startOffsets": "55,175,283,406,512,619,708,809,927,1010,1090,1177,1284,1396,1498,1606,1713,1823,1948,2048,2133",
                        "endColumns": "119,107,122,105,106,88,100,117,82,79,86,106,111,101,107,106,109,124,99,84,100",
                        "endOffsets": "170,278,401,507,614,703,804,922,1005,1085,1172,1279,1391,1493,1601,1708,1818,1943,2043,2128,2229"
                    },
                    "to": {
                        "startLines": "2,3,4,5,6,7,8,9,10,11,12,13,14,15,16,17,18,19,20,39,40",
                        "startColumns": "4,4,4,4,4,4,4,4,4,4,4,4,4,4,4,4,4,4,4,4,4",
                        "startOffsets": "105,225,333,456,562,669,758,859,977,1060,1140,1227,1334,1446,1548,1656,1763,1873,1998,4849,4934",
                        "endColumns": "119,107,122,105,106,88,100,117,82,79,86,106,111,101,107,106,109,124,99,84,100",
                        "endOffsets": "220,328,451,557,664,753,854,972,1055,1135,1222,1329,1441,1543,1651,1758,1868,1993,2093,4929,5030"
                    }
                },
                {
                    "source": "C:\\Users\\rache\\.gradle\\caches\\transforms-1\\files-1.1\\play-services-basement-11.8.0.aar\\4156095f54a5b056d692bcb2b851cc07\\res\\values-pt-rBR\\values.xml",
                    "from": {
                        "startLines": "4",
                        "startColumns": "0",
                        "startOffsets": "287",
                        "endColumns": "203",
                        "endOffsets": "490"
                    },
                    "to": {
                        "startLines": "29",
                        "startColumns": "4",
                        "startOffsets": "3268",
                        "endColumns": "203",
                        "endOffsets": "3467"
                    }
                },
                {
                    "source": "C:\\Users\\rache\\.gradle\\caches\\transforms-1\\files-1.1\\play-services-base-11.8.0.aar\\f2632959cf334c052a45ac2e6c89af48\\res\\values-pt-rBR\\values.xml",
                    "from": {
                        "startLines": "4,5,6,7,8,9,10,11,12,13,14,15,16,17,18,19,20",
                        "startColumns": "0,0,0,0,0,0,0,0,0,0,0,0,0,0,0,0,0",
                        "startOffsets": "285,388,568,693,799,1025,1153,1301,1431,1660,1766,1961,2089,2305,2488,2583,2675",
                        "endColumns": "102,179,124,105,225,127,147,129,228,105,194,127,215,182,94,91,108",
                        "endOffsets": "387,567,692,798,1024,1152,1300,1430,1659,1765,1960,2088,2304,2487,2582,2674,2783"
                    },
                    "to": {
                        "startLines": "21,22,23,24,25,26,27,28,30,31,32,33,34,35,36,37,38",
                        "startColumns": "4,4,4,4,4,4,4,4,4,4,4,4,4,4,4,4,4",
                        "startOffsets": "2098,2205,2385,2514,2624,2850,2982,3134,3472,3701,3811,4006,4138,4354,4541,4640,4736",
                        "endColumns": "106,179,128,109,225,131,151,133,228,109,194,131,215,186,98,95,112",
                        "endOffsets": "2200,2380,2509,2619,2845,2977,3129,3263,3696,3806,4001,4133,4349,4536,4635,4731,4844"
                    }
                }
            ]
        },
        {
            "outputFile": "C:\\Users\\Daniel\\AndroidStudioProjects\\SoftwareSpecifications\\app\\build\\intermediates\\incremental\\mergeDebugAndroidTestResources\\merged.dir\\values-pt-rBR\\values-pt-rBR.xml",
            "map": [
                {
                    "source": "C:\\Users\\Daniel\\.gradle\\caches\\transforms-1\\files-1.1\\appcompat-v7-26.1.0.aar\\1f600b1218903c988bc8afd8c35bad62\\res\\values-pt-rBR\\values-pt-rBR.xml",
                    "from": {
                        "startLines": "2,3,4,5,6,7,8,9,10,11,12,13,14,15,16,17,18,19,20,21,22",
                        "startColumns": "4,4,4,4,4,4,4,4,4,4,4,4,4,4,4,4,4,4,4,4,4",
                        "startOffsets": "55,175,283,406,512,619,708,809,927,1010,1090,1177,1284,1396,1498,1606,1713,1823,1948,2048,2133",
                        "endColumns": "119,107,122,105,106,88,100,117,82,79,86,106,111,101,107,106,109,124,99,84,100",
                        "endOffsets": "170,278,401,507,614,703,804,922,1005,1085,1172,1279,1391,1493,1601,1708,1818,1943,2043,2128,2229"
                    },
                    "to": {
                        "startLines": "2,3,4,5,6,7,8,9,10,11,12,13,14,15,16,17,18,19,20,39,40",
                        "startColumns": "4,4,4,4,4,4,4,4,4,4,4,4,4,4,4,4,4,4,4,4,4",
                        "startOffsets": "105,225,333,456,562,669,758,859,977,1060,1140,1227,1334,1446,1548,1656,1763,1873,1998,4849,4934",
                        "endColumns": "119,107,122,105,106,88,100,117,82,79,86,106,111,101,107,106,109,124,99,84,100",
                        "endOffsets": "220,328,451,557,664,753,854,972,1055,1135,1222,1329,1441,1543,1651,1758,1868,1993,2093,4929,5030"
                    }
                },
                {
                    "source": "C:\\Users\\Daniel\\.gradle\\caches\\transforms-1\\files-1.1\\play-services-base-11.8.0.aar\\aee9d84feeba86acb0e68eb689ed1b20\\res\\values-pt-rBR\\values.xml",
                    "from": {
                        "startLines": "4,5,6,7,8,9,10,11,12,13,14,15,16,17,18,19,20",
                        "startColumns": "0,0,0,0,0,0,0,0,0,0,0,0,0,0,0,0,0",
                        "startOffsets": "285,388,568,693,799,1025,1153,1301,1431,1660,1766,1961,2089,2305,2488,2583,2675",
                        "endColumns": "102,179,124,105,225,127,147,129,228,105,194,127,215,182,94,91,108",
                        "endOffsets": "387,567,692,798,1024,1152,1300,1430,1659,1765,1960,2088,2304,2487,2582,2674,2783"
                    },
                    "to": {
                        "startLines": "21,22,23,24,25,26,27,28,30,31,32,33,34,35,36,37,38",
                        "startColumns": "4,4,4,4,4,4,4,4,4,4,4,4,4,4,4,4,4",
                        "startOffsets": "2098,2205,2385,2514,2624,2850,2982,3134,3472,3701,3811,4006,4138,4354,4541,4640,4736",
                        "endColumns": "106,179,128,109,225,131,151,133,228,109,194,131,215,186,98,95,112",
                        "endOffsets": "2200,2380,2509,2619,2845,2977,3129,3263,3696,3806,4001,4133,4349,4536,4635,4731,4844"
                    }
                },
                {
                    "source": "C:\\Users\\Daniel\\.gradle\\caches\\transforms-1\\files-1.1\\play-services-basement-11.8.0.aar\\b0e8a5874481ea38051cd2d8a9724518\\res\\values-pt-rBR\\values.xml",
                    "from": {
                        "startLines": "4",
                        "startColumns": "0",
                        "startOffsets": "287",
                        "endColumns": "203",
                        "endOffsets": "490"
                    },
                    "to": {
                        "startLines": "29",
                        "startColumns": "4",
                        "startOffsets": "3268",
                        "endColumns": "203",
                        "endOffsets": "3467"
                    }
                }
            ]
        }
    ]
}