{
    "logs": [
        {
            "outputFile": "C:\\Users\\rache\\AndroidStudioProjects\\SoftwareSpecifications\\app\\build\\intermediates\\incremental\\mergeDebugAndroidTestResources\\merged.dir\\values-hy\\values-hy.xml",
            "map": [
                {
                    "source": "C:\\Users\\rache\\.gradle\\caches\\transforms-1\\files-1.1\\appcompat-v7-26.1.0.aar\\090f1e383135fa7a576715b6cc6d265b\\res\\values-hy\\values-hy.xml",
                    "from": {
                        "startLines": "2,3,4,5,6,7,8,9,10,11,12,13,14,15,16,17,18,19,20,21,22",
                        "startColumns": "4,4,4,4,4,4,4,4,4,4,4,4,4,4,4,4,4,4,4,4,4",
                        "startOffsets": "55,158,266,389,490,600,689,795,910,992,1073,1158,1265,1372,1471,1581,1688,1788,1913,2012,2094",
                        "endColumns": "102,107,122,100,109,88,105,114,81,80,84,106,106,98,109,106,99,124,98,81,100",
                        "endOffsets": "153,261,384,485,595,684,790,905,987,1068,1153,1260,1367,1466,1576,1683,1783,1908,2007,2089,2190"
                    },
                    "to": {
                        "startLines": "2,3,4,5,6,7,8,9,10,11,12,13,14,15,16,17,18,19,20,39,40",
                        "startColumns": "4,4,4,4,4,4,4,4,4,4,4,4,4,4,4,4,4,4,4,4,4",
                        "startOffsets": "105,208,316,439,540,650,739,845,960,1042,1123,1208,1315,1422,1521,1631,1738,1838,1963,4866,4948",
                        "endColumns": "102,107,122,100,109,88,105,114,81,80,84,106,106,98,109,106,99,124,98,81,100",
                        "endOffsets": "203,311,434,535,645,734,840,955,1037,1118,1203,1310,1417,1516,1626,1733,1833,1958,2057,4943,5044"
                    }
                },
                {
                    "source": "C:\\Users\\rache\\.gradle\\caches\\transforms-1\\files-1.1\\play-services-base-11.8.0.aar\\f2632959cf334c052a45ac2e6c89af48\\res\\values-hy\\values.xml",
                    "from": {
                        "startLines": "4,5,6,7,8,9,10,11,12,13,14,15,16,17,18,19,20",
                        "startColumns": "0,0,0,0,0,0,0,0,0,0,0,0,0,0,0,0,0",
                        "startOffsets": "281,385,582,714,820,1033,1167,1320,1458,1684,1790,1989,2123,2344,2536,2627,2720",
                        "endColumns": "103,196,131,105,212,133,152,137,225,105,198,133,220,191,90,92,106",
                        "endOffsets": "384,581,713,819,1032,1166,1319,1457,1683,1789,1988,2122,2343,2535,2626,2719,2826"
                    },
                    "to": {
                        "startLines": "21,22,23,24,25,26,27,28,30,31,32,33,34,35,36,37,38",
                        "startColumns": "4,4,4,4,4,4,4,4,4,4,4,4,4,4,4,4,4",
                        "startOffsets": "2062,2170,2367,2503,2613,2826,2964,3121,3473,3699,3809,4008,4146,4367,4563,4658,4755",
                        "endColumns": "107,196,135,109,212,137,156,141,225,109,198,137,220,195,94,96,110",
                        "endOffsets": "2165,2362,2498,2608,2821,2959,3116,3258,3694,3804,4003,4141,4362,4558,4653,4750,4861"
                    }
                },
                {
                    "source": "C:\\Users\\rache\\.gradle\\caches\\transforms-1\\files-1.1\\play-services-basement-11.8.0.aar\\4156095f54a5b056d692bcb2b851cc07\\res\\values-hy\\values.xml",
                    "from": {
                        "startLines": "4",
                        "startColumns": "0",
                        "startOffsets": "283",
                        "endColumns": "209",
                        "endOffsets": "492"
                    },
                    "to": {
                        "startLines": "29",
                        "startColumns": "4",
                        "startOffsets": "3263",
                        "endColumns": "209",
                        "endOffsets": "3468"
                    }
                }
            ]
        },
        {
            "outputFile": "C:\\Users\\Daniel\\AndroidStudioProjects\\SoftwareSpecifications\\app\\build\\intermediates\\incremental\\mergeDebugAndroidTestResources\\merged.dir\\values-hy\\values-hy.xml",
            "map": [
                {
                    "source": "C:\\Users\\Daniel\\.gradle\\caches\\transforms-1\\files-1.1\\play-services-basement-11.8.0.aar\\b0e8a5874481ea38051cd2d8a9724518\\res\\values-hy\\values.xml",
                    "from": {
                        "startLines": "4",
                        "startColumns": "0",
                        "startOffsets": "283",
                        "endColumns": "209",
                        "endOffsets": "492"
                    },
                    "to": {
                        "startLines": "29",
                        "startColumns": "4",
                        "startOffsets": "3263",
                        "endColumns": "209",
                        "endOffsets": "3468"
                    }
                },
                {
                    "source": "C:\\Users\\Daniel\\.gradle\\caches\\transforms-1\\files-1.1\\appcompat-v7-26.1.0.aar\\1f600b1218903c988bc8afd8c35bad62\\res\\values-hy\\values-hy.xml",
                    "from": {
                        "startLines": "2,3,4,5,6,7,8,9,10,11,12,13,14,15,16,17,18,19,20,21,22",
                        "startColumns": "4,4,4,4,4,4,4,4,4,4,4,4,4,4,4,4,4,4,4,4,4",
                        "startOffsets": "55,158,266,389,490,600,689,795,910,992,1073,1158,1265,1372,1471,1581,1688,1788,1913,2012,2094",
                        "endColumns": "102,107,122,100,109,88,105,114,81,80,84,106,106,98,109,106,99,124,98,81,100",
                        "endOffsets": "153,261,384,485,595,684,790,905,987,1068,1153,1260,1367,1466,1576,1683,1783,1908,2007,2089,2190"
                    },
                    "to": {
                        "startLines": "2,3,4,5,6,7,8,9,10,11,12,13,14,15,16,17,18,19,20,39,40",
                        "startColumns": "4,4,4,4,4,4,4,4,4,4,4,4,4,4,4,4,4,4,4,4,4",
                        "startOffsets": "105,208,316,439,540,650,739,845,960,1042,1123,1208,1315,1422,1521,1631,1738,1838,1963,4866,4948",
                        "endColumns": "102,107,122,100,109,88,105,114,81,80,84,106,106,98,109,106,99,124,98,81,100",
                        "endOffsets": "203,311,434,535,645,734,840,955,1037,1118,1203,1310,1417,1516,1626,1733,1833,1958,2057,4943,5044"
                    }
                },
                {
                    "source": "C:\\Users\\Daniel\\.gradle\\caches\\transforms-1\\files-1.1\\play-services-base-11.8.0.aar\\aee9d84feeba86acb0e68eb689ed1b20\\res\\values-hy\\values.xml",
                    "from": {
                        "startLines": "4,5,6,7,8,9,10,11,12,13,14,15,16,17,18,19,20",
                        "startColumns": "0,0,0,0,0,0,0,0,0,0,0,0,0,0,0,0,0",
                        "startOffsets": "281,385,582,714,820,1033,1167,1320,1458,1684,1790,1989,2123,2344,2536,2627,2720",
                        "endColumns": "103,196,131,105,212,133,152,137,225,105,198,133,220,191,90,92,106",
                        "endOffsets": "384,581,713,819,1032,1166,1319,1457,1683,1789,1988,2122,2343,2535,2626,2719,2826"
                    },
                    "to": {
                        "startLines": "21,22,23,24,25,26,27,28,30,31,32,33,34,35,36,37,38",
                        "startColumns": "4,4,4,4,4,4,4,4,4,4,4,4,4,4,4,4,4",
                        "startOffsets": "2062,2170,2367,2503,2613,2826,2964,3121,3473,3699,3809,4008,4146,4367,4563,4658,4755",
                        "endColumns": "107,196,135,109,212,137,156,141,225,109,198,137,220,195,94,96,110",
                        "endOffsets": "2165,2362,2498,2608,2821,2959,3116,3258,3694,3804,4003,4141,4362,4558,4653,4750,4861"
                    }
                }
            ]
        }
    ]
}