{
    "logs": [
        {
            "outputFile": "C:\\Users\\Daniel\\AndroidStudioProjects\\SoftwareSpecifications\\app\\build\\intermediates\\incremental\\mergeDebugAndroidTestResources\\merged.dir\\values-az\\values-az.xml",
            "map": [
                {
                    "source": "C:\\Users\\Daniel\\.gradle\\caches\\transforms-1\\files-1.1\\appcompat-v7-26.1.0.aar\\1f600b1218903c988bc8afd8c35bad62\\res\\values-az\\values-az.xml",
                    "from": {
                        "startLines": "2,3,4,5,6,7,8,9,10,11,12,13,14,15,16,17,18,19,20,21",
                        "startColumns": "4,4,4,4,4,4,4,4,4,4,4,4,4,4,4,4,4,4,4,4",
                        "startOffsets": "55,163,271,394,493,605,693,800,914,995,1074,1159,1266,1373,1473,1582,1686,1796,1893,1976",
                        "endColumns": "107,107,122,98,111,87,106,113,80,78,84,106,106,99,108,103,109,96,82,100",
                        "endOffsets": "158,266,389,488,600,688,795,909,990,1069,1154,1261,1368,1468,1577,1681,1791,1888,1971,2072"
                    },
                    "to": {
                        "startLines": "2,3,4,5,6,7,8,9,10,11,12,13,14,15,16,17,18,19,38,39",
                        "startColumns": "4,4,4,4,4,4,4,4,4,4,4,4,4,4,4,4,4,4,4,4",
                        "startOffsets": "105,213,321,444,543,655,743,850,964,1045,1124,1209,1316,1423,1523,1632,1736,1846,4680,4763",
                        "endColumns": "107,107,122,98,111,87,106,113,80,78,84,106,106,99,108,103,109,96,82,100",
                        "endOffsets": "208,316,439,538,650,738,845,959,1040,1119,1204,1311,1418,1518,1627,1731,1841,1938,4758,4859"
                    }
                },
                {
                    "source": "C:\\Users\\Daniel\\.gradle\\caches\\transforms-1\\files-1.1\\play-services-base-11.8.0.aar\\aee9d84feeba86acb0e68eb689ed1b20\\res\\values-az\\values.xml",
                    "from": {
                        "startLines": "4,5,6,7,8,9,10,11,12,13,14,15,16,17,18,19,20",
                        "startColumns": "0,0,0,0,0,0,0,0,0,0,0,0,0,0,0,0,0",
                        "startOffsets": "281,388,575,706,814,1019,1150,1298,1429,1654,1762,1942,2077,2280,2462,2552,2643",
                        "endColumns": "106,186,130,107,204,130,147,130,224,107,179,134,202,181,89,90,105",
                        "endOffsets": "387,574,705,813,1018,1149,1297,1428,1653,1761,1941,2076,2279,2461,2551,2642,2748"
                    },
                    "to": {
                        "startLines": "20,21,22,23,24,25,26,27,29,30,31,32,33,34,35,36,37",
                        "startColumns": "4,4,4,4,4,4,4,4,4,4,4,4,4,4,4,4,4",
                        "startOffsets": "1943,2054,2241,2376,2488,2693,2828,2980,3336,3561,3673,3853,3992,4195,4381,4475,4570",
                        "endColumns": "110,186,134,111,204,134,151,134,224,111,179,138,202,185,93,94,109",
                        "endOffsets": "2049,2236,2371,2483,2688,2823,2975,3110,3556,3668,3848,3987,4190,4376,4470,4565,4675"
                    }
                },
                {
                    "source": "C:\\Users\\Daniel\\.gradle\\caches\\transforms-1\\files-1.1\\play-services-basement-11.8.0.aar\\b0e8a5874481ea38051cd2d8a9724518\\res\\values-az\\values.xml",
                    "from": {
                        "startLines": "4",
                        "startColumns": "0",
                        "startOffsets": "283",
                        "endColumns": "220",
                        "endOffsets": "503"
                    },
                    "to": {
                        "startLines": "28",
                        "startColumns": "4",
                        "startOffsets": "3115",
                        "endColumns": "220",
                        "endOffsets": "3331"
                    }
                }
            ]
        },
        {
            "outputFile": "C:\\Users\\rache\\AndroidStudioProjects\\SoftwareSpecifications\\app\\build\\intermediates\\incremental\\mergeDebugAndroidTestResources\\merged.dir\\values-az\\values-az.xml",
            "map": [
                {
                    "source": "C:\\Users\\rache\\.gradle\\caches\\transforms-1\\files-1.1\\appcompat-v7-26.1.0.aar\\090f1e383135fa7a576715b6cc6d265b\\res\\values-az\\values-az.xml",
                    "from": {
                        "startLines": "2,3,4,5,6,7,8,9,10,11,12,13,14,15,16,17,18,19,20,21",
                        "startColumns": "4,4,4,4,4,4,4,4,4,4,4,4,4,4,4,4,4,4,4,4",
                        "startOffsets": "55,163,271,394,493,605,693,800,914,995,1074,1159,1266,1373,1473,1582,1686,1796,1893,1976",
                        "endColumns": "107,107,122,98,111,87,106,113,80,78,84,106,106,99,108,103,109,96,82,100",
                        "endOffsets": "158,266,389,488,600,688,795,909,990,1069,1154,1261,1368,1468,1577,1681,1791,1888,1971,2072"
                    },
                    "to": {
                        "startLines": "2,3,4,5,6,7,8,9,10,11,12,13,14,15,16,17,18,19,38,39",
                        "startColumns": "4,4,4,4,4,4,4,4,4,4,4,4,4,4,4,4,4,4,4,4",
                        "startOffsets": "105,213,321,444,543,655,743,850,964,1045,1124,1209,1316,1423,1523,1632,1736,1846,4680,4763",
                        "endColumns": "107,107,122,98,111,87,106,113,80,78,84,106,106,99,108,103,109,96,82,100",
                        "endOffsets": "208,316,439,538,650,738,845,959,1040,1119,1204,1311,1418,1518,1627,1731,1841,1938,4758,4859"
                    }
                },
                {
                    "source": "C:\\Users\\rache\\.gradle\\caches\\transforms-1\\files-1.1\\play-services-base-11.8.0.aar\\f2632959cf334c052a45ac2e6c89af48\\res\\values-az\\values.xml",
                    "from": {
                        "startLines": "4,5,6,7,8,9,10,11,12,13,14,15,16,17,18,19,20",
                        "startColumns": "0,0,0,0,0,0,0,0,0,0,0,0,0,0,0,0,0",
                        "startOffsets": "281,388,575,706,814,1019,1150,1298,1429,1654,1762,1942,2077,2280,2462,2552,2643",
                        "endColumns": "106,186,130,107,204,130,147,130,224,107,179,134,202,181,89,90,105",
                        "endOffsets": "387,574,705,813,1018,1149,1297,1428,1653,1761,1941,2076,2279,2461,2551,2642,2748"
                    },
                    "to": {
                        "startLines": "20,21,22,23,24,25,26,27,29,30,31,32,33,34,35,36,37",
                        "startColumns": "4,4,4,4,4,4,4,4,4,4,4,4,4,4,4,4,4",
                        "startOffsets": "1943,2054,2241,2376,2488,2693,2828,2980,3336,3561,3673,3853,3992,4195,4381,4475,4570",
                        "endColumns": "110,186,134,111,204,134,151,134,224,111,179,138,202,185,93,94,109",
                        "endOffsets": "2049,2236,2371,2483,2688,2823,2975,3110,3556,3668,3848,3987,4190,4376,4470,4565,4675"
                    }
                },
                {
                    "source": "C:\\Users\\rache\\.gradle\\caches\\transforms-1\\files-1.1\\play-services-basement-11.8.0.aar\\4156095f54a5b056d692bcb2b851cc07\\res\\values-az\\values.xml",
                    "from": {
                        "startLines": "4",
                        "startColumns": "0",
                        "startOffsets": "283",
                        "endColumns": "220",
                        "endOffsets": "503"
                    },
                    "to": {
                        "startLines": "28",
                        "startColumns": "4",
                        "startOffsets": "3115",
                        "endColumns": "220",
                        "endOffsets": "3331"
                    }
                }
            ]
        }
    ]
}