{
    "logs": [
        {
            "outputFile": "C:\\Users\\Daniel\\AndroidStudioProjects\\SoftwareSpecifications\\app\\build\\intermediates\\incremental\\mergeDebugAndroidTestResources\\merged.dir\\values-sk\\values-sk.xml",
            "map": [
                {
                    "source": "C:\\Users\\Daniel\\.gradle\\caches\\transforms-1\\files-1.1\\play-services-basement-11.8.0.aar\\b0e8a5874481ea38051cd2d8a9724518\\res\\values-sk\\values.xml",
                    "from": {
                        "startLines": "4",
                        "startColumns": "0",
                        "startOffsets": "283",
                        "endColumns": "197",
                        "endOffsets": "480"
                    },
                    "to": {
                        "startLines": "29",
                        "startColumns": "4",
                        "startOffsets": "3230",
                        "endColumns": "197",
                        "endOffsets": "3423"
                    }
                },
                {
                    "source": "C:\\Users\\Daniel\\.gradle\\caches\\transforms-1\\files-1.1\\appcompat-v7-26.1.0.aar\\1f600b1218903c988bc8afd8c35bad62\\res\\values-sk\\values-sk.xml",
                    "from": {
                        "startLines": "2,3,4,5,6,7,8,9,10,11,12,13,14,15,16,17,18,19,20,21,22",
                        "startColumns": "4,4,4,4,4,4,4,4,4,4,4,4,4,4,4,4,4,4,4,4,4",
                        "startOffsets": "55,162,270,393,493,604,690,798,916,997,1078,1162,1267,1376,1475,1581,1692,1801,1925,2023,2111",
                        "endColumns": "106,107,122,99,110,85,107,117,80,80,83,104,108,98,105,110,108,123,97,87,100",
                        "endOffsets": "157,265,388,488,599,685,793,911,992,1073,1157,1262,1371,1470,1576,1687,1796,1920,2018,2106,2207"
                    },
                    "to": {
                        "startLines": "2,3,4,5,6,7,8,9,10,11,12,13,14,15,16,17,18,19,20,39,40",
                        "startColumns": "4,4,4,4,4,4,4,4,4,4,4,4,4,4,4,4,4,4,4,4,4",
                        "startOffsets": "105,212,320,443,543,654,740,848,966,1047,1128,1212,1317,1426,1525,1631,1742,1851,1975,4829,4917",
                        "endColumns": "106,107,122,99,110,85,107,117,80,80,83,104,108,98,105,110,108,123,97,87,100",
                        "endOffsets": "207,315,438,538,649,735,843,961,1042,1123,1207,1312,1421,1520,1626,1737,1846,1970,2068,4912,5013"
                    }
                },
                {
                    "source": "C:\\Users\\Daniel\\.gradle\\caches\\transforms-1\\files-1.1\\play-services-base-11.8.0.aar\\aee9d84feeba86acb0e68eb689ed1b20\\res\\values-sk\\values.xml",
                    "from": {
                        "startLines": "4,5,6,7,8,9,10,11,12,13,14,15,16,17,18,19,20",
                        "startColumns": "0,0,0,0,0,0,0,0,0,0,0,0,0,0,0,0,0",
                        "startOffsets": "281,385,577,699,807,1022,1148,1287,1414,1642,1751,1952,2080,2302,2492,2586,2679",
                        "endColumns": "103,191,121,107,214,125,138,126,227,108,200,127,221,189,93,92,111",
                        "endOffsets": "384,576,698,806,1021,1147,1286,1413,1641,1750,1951,2079,2301,2491,2585,2678,2790"
                    },
                    "to": {
                        "startLines": "21,22,23,24,25,26,27,28,30,31,32,33,34,35,36,37,38",
                        "startColumns": "4,4,4,4,4,4,4,4,4,4,4,4,4,4,4,4,4",
                        "startOffsets": "2073,2181,2373,2499,2611,2826,2956,3099,3428,3656,3769,3970,4102,4324,4518,4616,4713",
                        "endColumns": "107,191,125,111,214,129,142,130,227,112,200,131,221,193,97,96,115",
                        "endOffsets": "2176,2368,2494,2606,2821,2951,3094,3225,3651,3764,3965,4097,4319,4513,4611,4708,4824"
                    }
                }
            ]
        },
        {
            "outputFile": "C:\\Users\\rache\\AndroidStudioProjects\\SoftwareSpecifications\\app\\build\\intermediates\\incremental\\mergeDebugAndroidTestResources\\merged.dir\\values-sk\\values-sk.xml",
            "map": [
                {
                    "source": "C:\\Users\\rache\\.gradle\\caches\\transforms-1\\files-1.1\\appcompat-v7-26.1.0.aar\\090f1e383135fa7a576715b6cc6d265b\\res\\values-sk\\values-sk.xml",
                    "from": {
                        "startLines": "2,3,4,5,6,7,8,9,10,11,12,13,14,15,16,17,18,19,20,21,22",
                        "startColumns": "4,4,4,4,4,4,4,4,4,4,4,4,4,4,4,4,4,4,4,4,4",
                        "startOffsets": "55,162,270,393,493,604,690,798,916,997,1078,1162,1267,1376,1475,1581,1692,1801,1925,2023,2111",
                        "endColumns": "106,107,122,99,110,85,107,117,80,80,83,104,108,98,105,110,108,123,97,87,100",
                        "endOffsets": "157,265,388,488,599,685,793,911,992,1073,1157,1262,1371,1470,1576,1687,1796,1920,2018,2106,2207"
                    },
                    "to": {
                        "startLines": "2,3,4,5,6,7,8,9,10,11,12,13,14,15,16,17,18,19,20,39,40",
                        "startColumns": "4,4,4,4,4,4,4,4,4,4,4,4,4,4,4,4,4,4,4,4,4",
                        "startOffsets": "105,212,320,443,543,654,740,848,966,1047,1128,1212,1317,1426,1525,1631,1742,1851,1975,4829,4917",
                        "endColumns": "106,107,122,99,110,85,107,117,80,80,83,104,108,98,105,110,108,123,97,87,100",
                        "endOffsets": "207,315,438,538,649,735,843,961,1042,1123,1207,1312,1421,1520,1626,1737,1846,1970,2068,4912,5013"
                    }
                },
                {
                    "source": "C:\\Users\\rache\\.gradle\\caches\\transforms-1\\files-1.1\\play-services-base-11.8.0.aar\\f2632959cf334c052a45ac2e6c89af48\\res\\values-sk\\values.xml",
                    "from": {
                        "startLines": "4,5,6,7,8,9,10,11,12,13,14,15,16,17,18,19,20",
                        "startColumns": "0,0,0,0,0,0,0,0,0,0,0,0,0,0,0,0,0",
                        "startOffsets": "281,385,577,699,807,1022,1148,1287,1414,1642,1751,1952,2080,2302,2492,2586,2679",
                        "endColumns": "103,191,121,107,214,125,138,126,227,108,200,127,221,189,93,92,111",
                        "endOffsets": "384,576,698,806,1021,1147,1286,1413,1641,1750,1951,2079,2301,2491,2585,2678,2790"
                    },
                    "to": {
                        "startLines": "21,22,23,24,25,26,27,28,30,31,32,33,34,35,36,37,38",
                        "startColumns": "4,4,4,4,4,4,4,4,4,4,4,4,4,4,4,4,4",
                        "startOffsets": "2073,2181,2373,2499,2611,2826,2956,3099,3428,3656,3769,3970,4102,4324,4518,4616,4713",
                        "endColumns": "107,191,125,111,214,129,142,130,227,112,200,131,221,193,97,96,115",
                        "endOffsets": "2176,2368,2494,2606,2821,2951,3094,3225,3651,3764,3965,4097,4319,4513,4611,4708,4824"
                    }
                },
                {
                    "source": "C:\\Users\\rache\\.gradle\\caches\\transforms-1\\files-1.1\\play-services-basement-11.8.0.aar\\4156095f54a5b056d692bcb2b851cc07\\res\\values-sk\\values.xml",
                    "from": {
                        "startLines": "4",
                        "startColumns": "0",
                        "startOffsets": "283",
                        "endColumns": "197",
                        "endOffsets": "480"
                    },
                    "to": {
                        "startLines": "29",
                        "startColumns": "4",
                        "startOffsets": "3230",
                        "endColumns": "197",
                        "endOffsets": "3423"
                    }
                }
            ]
        }
    ]
}