{
    "logs": [
        {
            "outputFile": "C:\\Users\\Daniel\\AndroidStudioProjects\\SoftwareSpecifications\\app\\build\\intermediates\\incremental\\mergeDebugAndroidTestResources\\merged.dir\\values-sw\\values-sw.xml",
            "map": [
                {
                    "source": "C:\\Users\\Daniel\\.gradle\\caches\\transforms-1\\files-1.1\\play-services-base-11.8.0.aar\\aee9d84feeba86acb0e68eb689ed1b20\\res\\values-sw\\values.xml",
                    "from": {
                        "startLines": "4,5,6,7,8,9,10,11,12,13,14,15,16,17,18,19,20",
                        "startColumns": "0,0,0,0,0,0,0,0,0,0,0,0,0,0,0,0,0",
                        "startOffsets": "281,383,571,694,801,1023,1146,1291,1430,1654,1758,1943,2068,2277,2462,2556,2657",
                        "endColumns": "101,187,122,106,221,122,144,138,223,103,184,124,208,184,93,100,120",
                        "endOffsets": "382,570,693,800,1022,1145,1290,1429,1653,1757,1942,2067,2276,2461,2555,2656,2777"
                    },
                    "to": {
                        "startLines": "21,22,23,24,25,26,27,28,30,31,32,33,34,35,36,37,38",
                        "startColumns": "4,4,4,4,4,4,4,4,4,4,4,4,4,4,4,4,4",
                        "startOffsets": "2050,2156,2344,2471,2582,2804,2931,3080,3428,3652,3760,3945,4074,4283,4472,4570,4675",
                        "endColumns": "105,187,126,110,221,126,148,142,223,107,184,128,208,188,97,104,124",
                        "endOffsets": "2151,2339,2466,2577,2799,2926,3075,3218,3647,3755,3940,4069,4278,4467,4565,4670,4795"
                    }
                },
                {
                    "source": "C:\\Users\\Daniel\\.gradle\\caches\\transforms-1\\files-1.1\\play-services-basement-11.8.0.aar\\b0e8a5874481ea38051cd2d8a9724518\\res\\values-sw\\values.xml",
                    "from": {
                        "startLines": "4",
                        "startColumns": "0",
                        "startOffsets": "283",
                        "endColumns": "204",
                        "endOffsets": "487"
                    },
                    "to": {
                        "startLines": "29",
                        "startColumns": "4",
                        "startOffsets": "3223",
                        "endColumns": "204",
                        "endOffsets": "3423"
                    }
                },
                {
                    "source": "C:\\Users\\Daniel\\.gradle\\caches\\transforms-1\\files-1.1\\appcompat-v7-26.1.0.aar\\1f600b1218903c988bc8afd8c35bad62\\res\\values-sw\\values-sw.xml",
                    "from": {
                        "startLines": "2,3,4,5,6,7,8,9,10,11,12,13,14,15,16,17,18,19,20,21,22",
                        "startColumns": "4,4,4,4,4,4,4,4,4,4,4,4,4,4,4,4,4,4,4,4,4",
                        "startOffsets": "55,158,266,389,487,595,685,790,907,989,1072,1154,1255,1364,1463,1570,1679,1784,1903,2000,2082",
                        "endColumns": "102,107,122,97,107,89,104,116,81,82,81,100,108,98,106,108,104,118,96,81,100",
                        "endOffsets": "153,261,384,482,590,680,785,902,984,1067,1149,1250,1359,1458,1565,1674,1779,1898,1995,2077,2178"
                    },
                    "to": {
                        "startLines": "2,3,4,5,6,7,8,9,10,11,12,13,14,15,16,17,18,19,20,39,40",
                        "startColumns": "4,4,4,4,4,4,4,4,4,4,4,4,4,4,4,4,4,4,4,4,4",
                        "startOffsets": "105,208,316,439,537,645,735,840,957,1039,1122,1204,1305,1414,1513,1620,1729,1834,1953,4800,4882",
                        "endColumns": "102,107,122,97,107,89,104,116,81,82,81,100,108,98,106,108,104,118,96,81,100",
                        "endOffsets": "203,311,434,532,640,730,835,952,1034,1117,1199,1300,1409,1508,1615,1724,1829,1948,2045,4877,4978"
                    }
                }
            ]
        },
        {
            "outputFile": "C:\\Users\\rache\\AndroidStudioProjects\\SoftwareSpecifications\\app\\build\\intermediates\\incremental\\mergeDebugAndroidTestResources\\merged.dir\\values-sw\\values-sw.xml",
            "map": [
                {
                    "source": "C:\\Users\\rache\\.gradle\\caches\\transforms-1\\files-1.1\\play-services-base-11.8.0.aar\\f2632959cf334c052a45ac2e6c89af48\\res\\values-sw\\values.xml",
                    "from": {
                        "startLines": "4,5,6,7,8,9,10,11,12,13,14,15,16,17,18,19,20",
                        "startColumns": "0,0,0,0,0,0,0,0,0,0,0,0,0,0,0,0,0",
                        "startOffsets": "281,383,571,694,801,1023,1146,1291,1430,1654,1758,1943,2068,2277,2462,2556,2657",
                        "endColumns": "101,187,122,106,221,122,144,138,223,103,184,124,208,184,93,100,120",
                        "endOffsets": "382,570,693,800,1022,1145,1290,1429,1653,1757,1942,2067,2276,2461,2555,2656,2777"
                    },
                    "to": {
                        "startLines": "21,22,23,24,25,26,27,28,30,31,32,33,34,35,36,37,38",
                        "startColumns": "4,4,4,4,4,4,4,4,4,4,4,4,4,4,4,4,4",
                        "startOffsets": "2050,2156,2344,2471,2582,2804,2931,3080,3428,3652,3760,3945,4074,4283,4472,4570,4675",
                        "endColumns": "105,187,126,110,221,126,148,142,223,107,184,128,208,188,97,104,124",
                        "endOffsets": "2151,2339,2466,2577,2799,2926,3075,3218,3647,3755,3940,4069,4278,4467,4565,4670,4795"
                    }
                },
                {
                    "source": "C:\\Users\\rache\\.gradle\\caches\\transforms-1\\files-1.1\\appcompat-v7-26.1.0.aar\\090f1e383135fa7a576715b6cc6d265b\\res\\values-sw\\values-sw.xml",
                    "from": {
                        "startLines": "2,3,4,5,6,7,8,9,10,11,12,13,14,15,16,17,18,19,20,21,22",
                        "startColumns": "4,4,4,4,4,4,4,4,4,4,4,4,4,4,4,4,4,4,4,4,4",
                        "startOffsets": "55,158,266,389,487,595,685,790,907,989,1072,1154,1255,1364,1463,1570,1679,1784,1903,2000,2082",
                        "endColumns": "102,107,122,97,107,89,104,116,81,82,81,100,108,98,106,108,104,118,96,81,100",
                        "endOffsets": "153,261,384,482,590,680,785,902,984,1067,1149,1250,1359,1458,1565,1674,1779,1898,1995,2077,2178"
                    },
                    "to": {
                        "startLines": "2,3,4,5,6,7,8,9,10,11,12,13,14,15,16,17,18,19,20,39,40",
                        "startColumns": "4,4,4,4,4,4,4,4,4,4,4,4,4,4,4,4,4,4,4,4,4",
                        "startOffsets": "105,208,316,439,537,645,735,840,957,1039,1122,1204,1305,1414,1513,1620,1729,1834,1953,4800,4882",
                        "endColumns": "102,107,122,97,107,89,104,116,81,82,81,100,108,98,106,108,104,118,96,81,100",
                        "endOffsets": "203,311,434,532,640,730,835,952,1034,1117,1199,1300,1409,1508,1615,1724,1829,1948,2045,4877,4978"
                    }
                },
                {
                    "source": "C:\\Users\\rache\\.gradle\\caches\\transforms-1\\files-1.1\\play-services-basement-11.8.0.aar\\4156095f54a5b056d692bcb2b851cc07\\res\\values-sw\\values.xml",
                    "from": {
                        "startLines": "4",
                        "startColumns": "0",
                        "startOffsets": "283",
                        "endColumns": "204",
                        "endOffsets": "487"
                    },
                    "to": {
                        "startLines": "29",
                        "startColumns": "4",
                        "startOffsets": "3223",
                        "endColumns": "204",
                        "endOffsets": "3423"
                    }
                }
            ]
        }
    ]
}