{
    "logs": [
        {
            "outputFile": "C:\\Users\\Daniel\\AndroidStudioProjects\\SoftwareSpecifications\\app\\build\\intermediates\\incremental\\mergeDebugAndroidTestResources\\merged.dir\\values-v11\\values-v11.xml",
            "map": [
                {
                    "source": "C:\\Users\\Daniel\\.gradle\\caches\\transforms-1\\files-1.1\\appcompat-v7-26.1.0.aar\\1f600b1218903c988bc8afd8c35bad62\\res\\values-v11\\values-v11.xml",
                    "from": {
                        "startLines": "2,8,14,20,26,32,38,39,43,47,48,52,56,57,61,66,71,76,78,80,81,82,136,191",
                        "startColumns": "4,4,4,4,4,4,4,4,4,4,4,4,4,4,4,4,4,4,4,4,4,4,4,4",
                        "startOffsets": "55,474,899,1327,1753,2180,2605,2694,2940,3189,3290,3542,3797,3900,4153,4561,4981,5403,5510,5639,5710,5793,9818,13986",
                        "endLines": "7,13,19,25,31,37,38,42,46,47,51,55,56,60,65,70,75,77,79,80,81,135,190,191",
                        "endColumns": "12,12,12,12,12,12,88,12,12,100,12,12,102,12,12,12,12,12,12,70,82,12,12,90",
                        "endOffsets": "469,894,1322,1748,2175,2600,2689,2935,3184,3285,3537,3792,3895,4148,4556,4976,5398,5505,5634,5705,5788,9813,13981,14072"
                    }
                }
            ]
        },
        {
            "outputFile": "C:\\Users\\rache\\AndroidStudioProjects\\SoftwareSpecifications\\app\\build\\intermediates\\incremental\\mergeDebugAndroidTestResources\\merged.dir\\values-v11\\values-v11.xml",
            "map": [
                {
                    "source": "C:\\Users\\rache\\.gradle\\caches\\transforms-1\\files-1.1\\appcompat-v7-26.1.0.aar\\090f1e383135fa7a576715b6cc6d265b\\res\\values-v11\\values-v11.xml",
                    "from": {
                        "startLines": "2,8,14,20,26,32,38,39,43,47,48,52,56,57,61,66,71,76,78,80,81,82,136,191",
                        "startColumns": "4,4,4,4,4,4,4,4,4,4,4,4,4,4,4,4,4,4,4,4,4,4,4,4",
                        "startOffsets": "55,474,899,1327,1753,2180,2605,2694,2940,3189,3290,3542,3797,3900,4153,4561,4981,5403,5510,5639,5710,5793,9818,13986",
                        "endLines": "7,13,19,25,31,37,38,42,46,47,51,55,56,60,65,70,75,77,79,80,81,135,190,191",
                        "endColumns": "12,12,12,12,12,12,88,12,12,100,12,12,102,12,12,12,12,12,12,70,82,12,12,90",
                        "endOffsets": "469,894,1322,1748,2175,2600,2689,2935,3184,3285,3537,3792,3895,4148,4556,4976,5398,5505,5634,5705,5788,9813,13981,14072"
                    }
                }
            ]
        }
    ]
}