{
    "logs": [
        {
            "outputFile": "C:\\Users\\Daniel\\AndroidStudioProjects\\SoftwareSpecifications\\app\\build\\intermediates\\incremental\\mergeDebugAndroidTestResources\\merged.dir\\values-eu\\values-eu.xml",
            "map": [
                {
                    "source": "C:\\Users\\Daniel\\.gradle\\caches\\transforms-1\\files-1.1\\play-services-base-11.8.0.aar\\aee9d84feeba86acb0e68eb689ed1b20\\res\\values-eu\\values.xml",
                    "from": {
                        "startLines": "4,5,6,7,8,9,10,11,12,13,14,15,16,17,18,19,20",
                        "startColumns": "0,0,0,0,0,0,0,0,0,0,0,0,0,0,0,0,0",
                        "startOffsets": "281,383,591,715,822,1028,1153,1302,1434,1677,1783,1981,2109,2336,2521,2613,2704",
                        "endColumns": "101,207,123,106,205,124,148,131,242,105,197,127,226,184,91,90,103",
                        "endOffsets": "382,590,714,821,1027,1152,1301,1433,1676,1782,1980,2108,2335,2520,2612,2703,2807"
                    },
                    "to": {
                        "startLines": "21,22,23,24,25,26,27,28,30,31,32,33,34,35,36,37,38",
                        "startColumns": "4,4,4,4,4,4,4,4,4,4,4,4,4,4,4,4,4",
                        "startOffsets": "2109,2215,2423,2551,2662,2868,2997,3150,3487,3730,3840,4038,4170,4397,4586,4682,4777",
                        "endColumns": "105,207,127,110,205,128,152,135,242,109,197,131,226,188,95,94,107",
                        "endOffsets": "2210,2418,2546,2657,2863,2992,3145,3281,3725,3835,4033,4165,4392,4581,4677,4772,4880"
                    }
                },
                {
                    "source": "C:\\Users\\Daniel\\.gradle\\caches\\transforms-1\\files-1.1\\appcompat-v7-26.1.0.aar\\1f600b1218903c988bc8afd8c35bad62\\res\\values-eu\\values-eu.xml",
                    "from": {
                        "startLines": "2,3,4,5,6,7,8,9,10,11,12,13,14,15,16,17,18,19,20,21,22",
                        "startColumns": "4,4,4,4,4,4,4,4,4,4,4,4,4,4,4,4,4,4,4,4,4",
                        "startOffsets": "55,164,272,395,493,603,689,795,919,1006,1090,1172,1281,1391,1490,1599,1712,1823,1960,2059,2141",
                        "endColumns": "108,107,122,97,109,85,105,123,86,83,81,108,109,98,108,112,110,136,98,81,100",
                        "endOffsets": "159,267,390,488,598,684,790,914,1001,1085,1167,1276,1386,1485,1594,1707,1818,1955,2054,2136,2237"
                    },
                    "to": {
                        "startLines": "2,3,4,5,6,7,8,9,10,11,12,13,14,15,16,17,18,19,20,39,40",
                        "startColumns": "4,4,4,4,4,4,4,4,4,4,4,4,4,4,4,4,4,4,4,4,4",
                        "startOffsets": "105,214,322,445,543,653,739,845,969,1056,1140,1222,1331,1441,1540,1649,1762,1873,2010,4885,4967",
                        "endColumns": "108,107,122,97,109,85,105,123,86,83,81,108,109,98,108,112,110,136,98,81,100",
                        "endOffsets": "209,317,440,538,648,734,840,964,1051,1135,1217,1326,1436,1535,1644,1757,1868,2005,2104,4962,5063"
                    }
                },
                {
                    "source": "C:\\Users\\Daniel\\.gradle\\caches\\transforms-1\\files-1.1\\play-services-basement-11.8.0.aar\\b0e8a5874481ea38051cd2d8a9724518\\res\\values-eu\\values.xml",
                    "from": {
                        "startLines": "4",
                        "startColumns": "0",
                        "startOffsets": "283",
                        "endColumns": "200",
                        "endOffsets": "483"
                    },
                    "to": {
                        "startLines": "29",
                        "startColumns": "4",
                        "startOffsets": "3286",
                        "endColumns": "200",
                        "endOffsets": "3482"
                    }
                }
            ]
        },
        {
            "outputFile": "C:\\Users\\rache\\AndroidStudioProjects\\SoftwareSpecifications\\app\\build\\intermediates\\incremental\\mergeDebugAndroidTestResources\\merged.dir\\values-eu\\values-eu.xml",
            "map": [
                {
                    "source": "C:\\Users\\rache\\.gradle\\caches\\transforms-1\\files-1.1\\play-services-basement-11.8.0.aar\\4156095f54a5b056d692bcb2b851cc07\\res\\values-eu\\values.xml",
                    "from": {
                        "startLines": "4",
                        "startColumns": "0",
                        "startOffsets": "283",
                        "endColumns": "200",
                        "endOffsets": "483"
                    },
                    "to": {
                        "startLines": "29",
                        "startColumns": "4",
                        "startOffsets": "3286",
                        "endColumns": "200",
                        "endOffsets": "3482"
                    }
                },
                {
                    "source": "C:\\Users\\rache\\.gradle\\caches\\transforms-1\\files-1.1\\play-services-base-11.8.0.aar\\f2632959cf334c052a45ac2e6c89af48\\res\\values-eu\\values.xml",
                    "from": {
                        "startLines": "4,5,6,7,8,9,10,11,12,13,14,15,16,17,18,19,20",
                        "startColumns": "0,0,0,0,0,0,0,0,0,0,0,0,0,0,0,0,0",
                        "startOffsets": "281,383,591,715,822,1028,1153,1302,1434,1677,1783,1981,2109,2336,2521,2613,2704",
                        "endColumns": "101,207,123,106,205,124,148,131,242,105,197,127,226,184,91,90,103",
                        "endOffsets": "382,590,714,821,1027,1152,1301,1433,1676,1782,1980,2108,2335,2520,2612,2703,2807"
                    },
                    "to": {
                        "startLines": "21,22,23,24,25,26,27,28,30,31,32,33,34,35,36,37,38",
                        "startColumns": "4,4,4,4,4,4,4,4,4,4,4,4,4,4,4,4,4",
                        "startOffsets": "2109,2215,2423,2551,2662,2868,2997,3150,3487,3730,3840,4038,4170,4397,4586,4682,4777",
                        "endColumns": "105,207,127,110,205,128,152,135,242,109,197,131,226,188,95,94,107",
                        "endOffsets": "2210,2418,2546,2657,2863,2992,3145,3281,3725,3835,4033,4165,4392,4581,4677,4772,4880"
                    }
                },
                {
                    "source": "C:\\Users\\rache\\.gradle\\caches\\transforms-1\\files-1.1\\appcompat-v7-26.1.0.aar\\090f1e383135fa7a576715b6cc6d265b\\res\\values-eu\\values-eu.xml",
                    "from": {
                        "startLines": "2,3,4,5,6,7,8,9,10,11,12,13,14,15,16,17,18,19,20,21,22",
                        "startColumns": "4,4,4,4,4,4,4,4,4,4,4,4,4,4,4,4,4,4,4,4,4",
                        "startOffsets": "55,164,272,395,493,603,689,795,919,1006,1090,1172,1281,1391,1490,1599,1712,1823,1960,2059,2141",
                        "endColumns": "108,107,122,97,109,85,105,123,86,83,81,108,109,98,108,112,110,136,98,81,100",
                        "endOffsets": "159,267,390,488,598,684,790,914,1001,1085,1167,1276,1386,1485,1594,1707,1818,1955,2054,2136,2237"
                    },
                    "to": {
                        "startLines": "2,3,4,5,6,7,8,9,10,11,12,13,14,15,16,17,18,19,20,39,40",
                        "startColumns": "4,4,4,4,4,4,4,4,4,4,4,4,4,4,4,4,4,4,4,4,4",
                        "startOffsets": "105,214,322,445,543,653,739,845,969,1056,1140,1222,1331,1441,1540,1649,1762,1873,2010,4885,4967",
                        "endColumns": "108,107,122,97,109,85,105,123,86,83,81,108,109,98,108,112,110,136,98,81,100",
                        "endOffsets": "209,317,440,538,648,734,840,964,1051,1135,1217,1326,1436,1535,1644,1757,1868,2005,2104,4962,5063"
                    }
                }
            ]
        }
    ]
}