{
    "logs": [
        {
            "outputFile": "C:\\Users\\rache\\AndroidStudioProjects\\SoftwareSpecifications\\app\\build\\intermediates\\incremental\\mergeDebugAndroidTestResources\\merged.dir\\values-mk\\values-mk.xml",
            "map": [
                {
                    "source": "C:\\Users\\rache\\.gradle\\caches\\transforms-1\\files-1.1\\appcompat-v7-26.1.0.aar\\090f1e383135fa7a576715b6cc6d265b\\res\\values-mk\\values-mk.xml",
                    "from": {
                        "startLines": "2,3,4,5,6,7,8,9,10,11,12,13,14,15,16,17,18,19,20",
                        "startColumns": "4,4,4,4,4,4,4,4,4,4,4,4,4,4,4,4,4,4,4",
                        "startOffsets": "55,163,286,390,498,584,689,808,891,973,1060,1166,1273,1374,1481,1592,1696,1794,1878",
                        "endColumns": "107,122,103,107,85,104,118,82,81,86,105,106,100,106,110,103,97,83,100",
                        "endOffsets": "158,281,385,493,579,684,803,886,968,1055,1161,1268,1369,1476,1587,1691,1789,1873,1974"
                    },
                    "to": {
                        "startLines": "2,3,4,5,6,7,8,9,10,11,12,13,14,15,16,17,18,37,38",
                        "startColumns": "4,4,4,4,4,4,4,4,4,4,4,4,4,4,4,4,4,4,4",
                        "startOffsets": "105,213,336,440,548,634,739,858,941,1023,1110,1216,1323,1424,1531,1642,1746,4576,4660",
                        "endColumns": "107,122,103,107,85,104,118,82,81,86,105,106,100,106,110,103,97,83,100",
                        "endOffsets": "208,331,435,543,629,734,853,936,1018,1105,1211,1318,1419,1526,1637,1741,1839,4655,4756"
                    }
                },
                {
                    "source": "C:\\Users\\rache\\.gradle\\caches\\transforms-1\\files-1.1\\play-services-base-11.8.0.aar\\f2632959cf334c052a45ac2e6c89af48\\res\\values-mk\\values.xml",
                    "from": {
                        "startLines": "4,5,6,7,8,9,10,11,12,13,14,15,16,17,18,19,20",
                        "startColumns": "0,0,0,0,0,0,0,0,0,0,0,0,0,0,0,0,0",
                        "startOffsets": "281,386,579,710,818,1022,1153,1299,1434,1650,1755,1952,2083,2295,2480,2575,2665",
                        "endColumns": "104,192,130,107,203,130,145,134,215,104,196,130,211,184,94,89,103",
                        "endOffsets": "385,578,709,817,1021,1152,1298,1433,1649,1754,1951,2082,2294,2479,2574,2664,2768"
                    },
                    "to": {
                        "startLines": "19,20,21,22,23,24,25,26,28,29,30,31,32,33,34,35,36",
                        "startColumns": "4,4,4,4,4,4,4,4,4,4,4,4,4,4,4,4,4",
                        "startOffsets": "1844,1953,2146,2281,2393,2597,2732,2882,3217,3433,3542,3739,3874,4086,4275,4374,4468",
                        "endColumns": "108,192,134,111,203,134,149,138,215,108,196,134,211,188,98,93,107",
                        "endOffsets": "1948,2141,2276,2388,2592,2727,2877,3016,3428,3537,3734,3869,4081,4270,4369,4463,4571"
                    }
                },
                {
                    "source": "C:\\Users\\rache\\.gradle\\caches\\transforms-1\\files-1.1\\play-services-basement-11.8.0.aar\\4156095f54a5b056d692bcb2b851cc07\\res\\values-mk\\values.xml",
                    "from": {
                        "startLines": "4",
                        "startColumns": "0",
                        "startOffsets": "283",
                        "endColumns": "195",
                        "endOffsets": "478"
                    },
                    "to": {
                        "startLines": "27",
                        "startColumns": "4",
                        "startOffsets": "3021",
                        "endColumns": "195",
                        "endOffsets": "3212"
                    }
                }
            ]
        },
        {
            "outputFile": "C:\\Users\\Daniel\\AndroidStudioProjects\\SoftwareSpecifications\\app\\build\\intermediates\\incremental\\mergeDebugAndroidTestResources\\merged.dir\\values-mk\\values-mk.xml",
            "map": [
                {
                    "source": "C:\\Users\\Daniel\\.gradle\\caches\\transforms-1\\files-1.1\\play-services-base-11.8.0.aar\\aee9d84feeba86acb0e68eb689ed1b20\\res\\values-mk\\values.xml",
                    "from": {
                        "startLines": "4,5,6,7,8,9,10,11,12,13,14,15,16,17,18,19,20",
                        "startColumns": "0,0,0,0,0,0,0,0,0,0,0,0,0,0,0,0,0",
                        "startOffsets": "281,386,579,710,818,1022,1153,1299,1434,1650,1755,1952,2083,2295,2480,2575,2665",
                        "endColumns": "104,192,130,107,203,130,145,134,215,104,196,130,211,184,94,89,103",
                        "endOffsets": "385,578,709,817,1021,1152,1298,1433,1649,1754,1951,2082,2294,2479,2574,2664,2768"
                    },
                    "to": {
                        "startLines": "19,20,21,22,23,24,25,26,28,29,30,31,32,33,34,35,36",
                        "startColumns": "4,4,4,4,4,4,4,4,4,4,4,4,4,4,4,4,4",
                        "startOffsets": "1844,1953,2146,2281,2393,2597,2732,2882,3217,3433,3542,3739,3874,4086,4275,4374,4468",
                        "endColumns": "108,192,134,111,203,134,149,138,215,108,196,134,211,188,98,93,107",
                        "endOffsets": "1948,2141,2276,2388,2592,2727,2877,3016,3428,3537,3734,3869,4081,4270,4369,4463,4571"
                    }
                },
                {
                    "source": "C:\\Users\\Daniel\\.gradle\\caches\\transforms-1\\files-1.1\\play-services-basement-11.8.0.aar\\b0e8a5874481ea38051cd2d8a9724518\\res\\values-mk\\values.xml",
                    "from": {
                        "startLines": "4",
                        "startColumns": "0",
                        "startOffsets": "283",
                        "endColumns": "195",
                        "endOffsets": "478"
                    },
                    "to": {
                        "startLines": "27",
                        "startColumns": "4",
                        "startOffsets": "3021",
                        "endColumns": "195",
                        "endOffsets": "3212"
                    }
                },
                {
                    "source": "C:\\Users\\Daniel\\.gradle\\caches\\transforms-1\\files-1.1\\appcompat-v7-26.1.0.aar\\1f600b1218903c988bc8afd8c35bad62\\res\\values-mk\\values-mk.xml",
                    "from": {
                        "startLines": "2,3,4,5,6,7,8,9,10,11,12,13,14,15,16,17,18,19,20",
                        "startColumns": "4,4,4,4,4,4,4,4,4,4,4,4,4,4,4,4,4,4,4",
                        "startOffsets": "55,163,286,390,498,584,689,808,891,973,1060,1166,1273,1374,1481,1592,1696,1794,1878",
                        "endColumns": "107,122,103,107,85,104,118,82,81,86,105,106,100,106,110,103,97,83,100",
                        "endOffsets": "158,281,385,493,579,684,803,886,968,1055,1161,1268,1369,1476,1587,1691,1789,1873,1974"
                    },
                    "to": {
                        "startLines": "2,3,4,5,6,7,8,9,10,11,12,13,14,15,16,17,18,37,38",
                        "startColumns": "4,4,4,4,4,4,4,4,4,4,4,4,4,4,4,4,4,4,4",
                        "startOffsets": "105,213,336,440,548,634,739,858,941,1023,1110,1216,1323,1424,1531,1642,1746,4576,4660",
                        "endColumns": "107,122,103,107,85,104,118,82,81,86,105,106,100,106,110,103,97,83,100",
                        "endOffsets": "208,331,435,543,629,734,853,936,1018,1105,1211,1318,1419,1526,1637,1741,1839,4655,4756"
                    }
                }
            ]
        }
    ]
}