{
    "logs": [
        {
            "outputFile": "C:\\Users\\rache\\AndroidStudioProjects\\SoftwareSpecifications\\app\\build\\intermediates\\incremental\\mergeDebugAndroidTestResources\\merged.dir\\values-v25\\values-v25.xml",
            "map": [
                {
                    "source": "C:\\Users\\rache\\.gradle\\caches\\transforms-1\\files-1.1\\appcompat-v7-26.1.0.aar\\090f1e383135fa7a576715b6cc6d265b\\res\\values-v25\\values-v25.xml",
                    "from": {
                        "startLines": "2,3,4,6",
                        "startColumns": "4,4,4,4",
                        "startOffsets": "55,126,209,308",
                        "endLines": "2,3,5,7",
                        "endColumns": "70,82,12,12",
                        "endOffsets": "121,204,303,414"
                    }
                }
            ]
        },
        {
            "outputFile": "C:\\Users\\Daniel\\AndroidStudioProjects\\SoftwareSpecifications\\app\\build\\intermediates\\incremental\\mergeDebugAndroidTestResources\\merged.dir\\values-v25\\values-v25.xml",
            "map": [
                {
                    "source": "C:\\Users\\Daniel\\.gradle\\caches\\transforms-1\\files-1.1\\appcompat-v7-26.1.0.aar\\1f600b1218903c988bc8afd8c35bad62\\res\\values-v25\\values-v25.xml",
                    "from": {
                        "startLines": "2,3,4,6",
                        "startColumns": "4,4,4,4",
                        "startOffsets": "55,126,209,308",
                        "endLines": "2,3,5,7",
                        "endColumns": "70,82,12,12",
                        "endOffsets": "121,204,303,414"
                    }
                }
            ]
        }
    ]
}