{
    "logs": [
        {
            "outputFile": "C:\\Users\\Daniel\\AndroidStudioProjects\\SoftwareSpecifications\\app\\build\\intermediates\\incremental\\mergeDebugAndroidTestResources\\merged.dir\\values-km\\values-km.xml",
            "map": [
                {
                    "source": "C:\\Users\\Daniel\\.gradle\\caches\\transforms-1\\files-1.1\\play-services-basement-11.8.0.aar\\b0e8a5874481ea38051cd2d8a9724518\\res\\values-km\\values.xml",
                    "from": {
                        "startLines": "4",
                        "startColumns": "0",
                        "startOffsets": "283",
                        "endColumns": "207",
                        "endOffsets": "490"
                    },
                    "to": {
                        "startLines": "29",
                        "startColumns": "4",
                        "startOffsets": "3209",
                        "endColumns": "207",
                        "endOffsets": "3412"
                    }
                },
                {
                    "source": "C:\\Users\\Daniel\\.gradle\\caches\\transforms-1\\files-1.1\\play-services-base-11.8.0.aar\\aee9d84feeba86acb0e68eb689ed1b20\\res\\values-km\\values.xml",
                    "from": {
                        "startLines": "4,5,6,7,8,9,10,11,12,13,14,15,16,17,18,19,20",
                        "startColumns": "0,0,0,0,0,0,0,0,0,0,0,0,0,0,0,0,0",
                        "startOffsets": "281,381,568,687,790,1011,1133,1280,1414,1631,1735,1937,2060,2264,2448,2538,2622",
                        "endColumns": "99,186,118,102,220,121,146,133,216,103,201,122,203,183,89,83,101",
                        "endOffsets": "380,567,686,789,1010,1132,1279,1413,1630,1734,1936,2059,2263,2447,2537,2621,2723"
                    },
                    "to": {
                        "startLines": "21,22,23,24,25,26,27,28,30,31,32,33,34,35,36,37,38",
                        "startColumns": "4,4,4,4,4,4,4,4,4,4,4,4,4,4,4,4,4",
                        "startOffsets": "2052,2156,2343,2466,2573,2794,2920,3071,3417,3634,3742,3944,4071,4275,4463,4557,4645",
                        "endColumns": "103,186,122,106,220,125,150,137,216,107,201,126,203,187,93,87,105",
                        "endOffsets": "2151,2338,2461,2568,2789,2915,3066,3204,3629,3737,3939,4066,4270,4458,4552,4640,4746"
                    }
                },
                {
                    "source": "C:\\Users\\Daniel\\.gradle\\caches\\transforms-1\\files-1.1\\appcompat-v7-26.1.0.aar\\1f600b1218903c988bc8afd8c35bad62\\res\\values-km\\values-km.xml",
                    "from": {
                        "startLines": "2,3,4,5,6,7,8,9,10,11,12,13,14,15,16,17,18,19,20,21,22",
                        "startColumns": "4,4,4,4,4,4,4,4,4,4,4,4,4,4,4,4,4,4,4,4,4",
                        "startOffsets": "55,158,266,389,489,601,688,792,910,987,1064,1147,1251,1356,1456,1566,1673,1781,1904,2002,2085",
                        "endColumns": "102,107,122,99,111,86,103,117,76,76,82,103,104,99,109,106,107,122,97,82,100",
                        "endOffsets": "153,261,384,484,596,683,787,905,982,1059,1142,1246,1351,1451,1561,1668,1776,1899,1997,2080,2181"
                    },
                    "to": {
                        "startLines": "2,3,4,5,6,7,8,9,10,11,12,13,14,15,16,17,18,19,20,39,40",
                        "startColumns": "4,4,4,4,4,4,4,4,4,4,4,4,4,4,4,4,4,4,4,4,4",
                        "startOffsets": "105,208,316,439,539,651,738,842,960,1037,1114,1197,1301,1406,1506,1616,1723,1831,1954,4751,4834",
                        "endColumns": "102,107,122,99,111,86,103,117,76,76,82,103,104,99,109,106,107,122,97,82,100",
                        "endOffsets": "203,311,434,534,646,733,837,955,1032,1109,1192,1296,1401,1501,1611,1718,1826,1949,2047,4829,4930"
                    }
                }
            ]
        },
        {
            "outputFile": "C:\\Users\\rache\\AndroidStudioProjects\\SoftwareSpecifications\\app\\build\\intermediates\\incremental\\mergeDebugAndroidTestResources\\merged.dir\\values-km\\values-km.xml",
            "map": [
                {
                    "source": "C:\\Users\\rache\\.gradle\\caches\\transforms-1\\files-1.1\\play-services-basement-11.8.0.aar\\4156095f54a5b056d692bcb2b851cc07\\res\\values-km\\values.xml",
                    "from": {
                        "startLines": "4",
                        "startColumns": "0",
                        "startOffsets": "283",
                        "endColumns": "207",
                        "endOffsets": "490"
                    },
                    "to": {
                        "startLines": "29",
                        "startColumns": "4",
                        "startOffsets": "3209",
                        "endColumns": "207",
                        "endOffsets": "3412"
                    }
                },
                {
                    "source": "C:\\Users\\rache\\.gradle\\caches\\transforms-1\\files-1.1\\play-services-base-11.8.0.aar\\f2632959cf334c052a45ac2e6c89af48\\res\\values-km\\values.xml",
                    "from": {
                        "startLines": "4,5,6,7,8,9,10,11,12,13,14,15,16,17,18,19,20",
                        "startColumns": "0,0,0,0,0,0,0,0,0,0,0,0,0,0,0,0,0",
                        "startOffsets": "281,381,568,687,790,1011,1133,1280,1414,1631,1735,1937,2060,2264,2448,2538,2622",
                        "endColumns": "99,186,118,102,220,121,146,133,216,103,201,122,203,183,89,83,101",
                        "endOffsets": "380,567,686,789,1010,1132,1279,1413,1630,1734,1936,2059,2263,2447,2537,2621,2723"
                    },
                    "to": {
                        "startLines": "21,22,23,24,25,26,27,28,30,31,32,33,34,35,36,37,38",
                        "startColumns": "4,4,4,4,4,4,4,4,4,4,4,4,4,4,4,4,4",
                        "startOffsets": "2052,2156,2343,2466,2573,2794,2920,3071,3417,3634,3742,3944,4071,4275,4463,4557,4645",
                        "endColumns": "103,186,122,106,220,125,150,137,216,107,201,126,203,187,93,87,105",
                        "endOffsets": "2151,2338,2461,2568,2789,2915,3066,3204,3629,3737,3939,4066,4270,4458,4552,4640,4746"
                    }
                },
                {
                    "source": "C:\\Users\\rache\\.gradle\\caches\\transforms-1\\files-1.1\\appcompat-v7-26.1.0.aar\\090f1e383135fa7a576715b6cc6d265b\\res\\values-km\\values-km.xml",
                    "from": {
                        "startLines": "2,3,4,5,6,7,8,9,10,11,12,13,14,15,16,17,18,19,20,21,22",
                        "startColumns": "4,4,4,4,4,4,4,4,4,4,4,4,4,4,4,4,4,4,4,4,4",
                        "startOffsets": "55,158,266,389,489,601,688,792,910,987,1064,1147,1251,1356,1456,1566,1673,1781,1904,2002,2085",
                        "endColumns": "102,107,122,99,111,86,103,117,76,76,82,103,104,99,109,106,107,122,97,82,100",
                        "endOffsets": "153,261,384,484,596,683,787,905,982,1059,1142,1246,1351,1451,1561,1668,1776,1899,1997,2080,2181"
                    },
                    "to": {
                        "startLines": "2,3,4,5,6,7,8,9,10,11,12,13,14,15,16,17,18,19,20,39,40",
                        "startColumns": "4,4,4,4,4,4,4,4,4,4,4,4,4,4,4,4,4,4,4,4,4",
                        "startOffsets": "105,208,316,439,539,651,738,842,960,1037,1114,1197,1301,1406,1506,1616,1723,1831,1954,4751,4834",
                        "endColumns": "102,107,122,99,111,86,103,117,76,76,82,103,104,99,109,106,107,122,97,82,100",
                        "endOffsets": "203,311,434,534,646,733,837,955,1032,1109,1192,1296,1401,1501,1611,1718,1826,1949,2047,4829,4930"
                    }
                }
            ]
        }
    ]
}