{
    "logs": [
        {
            "outputFile": "C:\\Users\\Daniel\\AndroidStudioProjects\\SoftwareSpecifications\\app\\build\\intermediates\\incremental\\mergeDebugAndroidTestResources\\merged.dir\\values-et\\values-et.xml",
            "map": [
                {
                    "source": "C:\\Users\\Daniel\\.gradle\\caches\\transforms-1\\files-1.1\\play-services-basement-11.8.0.aar\\b0e8a5874481ea38051cd2d8a9724518\\res\\values-et\\values.xml",
                    "from": {
                        "startLines": "4",
                        "startColumns": "0",
                        "startOffsets": "283",
                        "endColumns": "198",
                        "endOffsets": "481"
                    },
                    "to": {
                        "startLines": "29",
                        "startColumns": "4",
                        "startOffsets": "3232",
                        "endColumns": "198",
                        "endOffsets": "3426"
                    }
                },
                {
                    "source": "C:\\Users\\Daniel\\.gradle\\caches\\transforms-1\\files-1.1\\appcompat-v7-26.1.0.aar\\1f600b1218903c988bc8afd8c35bad62\\res\\values-et\\values-et.xml",
                    "from": {
                        "startLines": "2,3,4,5,6,7,8,9,10,11,12,13,14,15,16,17,18,19,20,21,22",
                        "startColumns": "4,4,4,4,4,4,4,4,4,4,4,4,4,4,4,4,4,4,4,4,4",
                        "startOffsets": "55,172,280,403,510,621,707,809,926,1006,1084,1167,1278,1383,1482,1592,1693,1796,1924,2026,2108",
                        "endColumns": "116,107,122,106,110,85,101,116,79,77,82,110,104,98,109,100,102,127,101,81,100",
                        "endOffsets": "167,275,398,505,616,702,804,921,1001,1079,1162,1273,1378,1477,1587,1688,1791,1919,2021,2103,2204"
                    },
                    "to": {
                        "startLines": "2,3,4,5,6,7,8,9,10,11,12,13,14,15,16,17,18,19,20,39,40",
                        "startColumns": "4,4,4,4,4,4,4,4,4,4,4,4,4,4,4,4,4,4,4,4,4",
                        "startOffsets": "105,222,330,453,560,671,757,859,976,1056,1134,1217,1328,1433,1532,1642,1743,1846,1974,4783,4865",
                        "endColumns": "116,107,122,106,110,85,101,116,79,77,82,110,104,98,109,100,102,127,101,81,100",
                        "endOffsets": "217,325,448,555,666,752,854,971,1051,1129,1212,1323,1428,1527,1637,1738,1841,1969,2071,4860,4961"
                    }
                },
                {
                    "source": "C:\\Users\\Daniel\\.gradle\\caches\\transforms-1\\files-1.1\\play-services-base-11.8.0.aar\\aee9d84feeba86acb0e68eb689ed1b20\\res\\values-et\\values.xml",
                    "from": {
                        "startLines": "4,5,6,7,8,9,10,11,12,13,14,15,16,17,18,19,20",
                        "startColumns": "0,0,0,0,0,0,0,0,0,0,0,0,0,0,0,0,0",
                        "startOffsets": "281,382,576,701,807,1016,1143,1285,1413,1632,1738,1933,2063,2277,2448,2537,2628",
                        "endColumns": "100,193,124,105,208,126,141,127,218,105,194,129,213,170,88,90,112",
                        "endOffsets": "381,575,700,806,1015,1142,1284,1412,1631,1737,1932,2062,2276,2447,2536,2627,2740"
                    },
                    "to": {
                        "startLines": "21,22,23,24,25,26,27,28,30,31,32,33,34,35,36,37,38",
                        "startColumns": "4,4,4,4,4,4,4,4,4,4,4,4,4,4,4,4,4",
                        "startOffsets": "2076,2181,2375,2504,2614,2823,2954,3100,3431,3650,3760,3955,4089,4303,4478,4571,4666",
                        "endColumns": "104,193,128,109,208,130,145,131,218,109,194,133,213,174,92,94,116",
                        "endOffsets": "2176,2370,2499,2609,2818,2949,3095,3227,3645,3755,3950,4084,4298,4473,4566,4661,4778"
                    }
                }
            ]
        },
        {
            "outputFile": "C:\\Users\\rache\\AndroidStudioProjects\\SoftwareSpecifications\\app\\build\\intermediates\\incremental\\mergeDebugAndroidTestResources\\merged.dir\\values-et\\values-et.xml",
            "map": [
                {
                    "source": "C:\\Users\\rache\\.gradle\\caches\\transforms-1\\files-1.1\\appcompat-v7-26.1.0.aar\\090f1e383135fa7a576715b6cc6d265b\\res\\values-et\\values-et.xml",
                    "from": {
                        "startLines": "2,3,4,5,6,7,8,9,10,11,12,13,14,15,16,17,18,19,20,21,22",
                        "startColumns": "4,4,4,4,4,4,4,4,4,4,4,4,4,4,4,4,4,4,4,4,4",
                        "startOffsets": "55,172,280,403,510,621,707,809,926,1006,1084,1167,1278,1383,1482,1592,1693,1796,1924,2026,2108",
                        "endColumns": "116,107,122,106,110,85,101,116,79,77,82,110,104,98,109,100,102,127,101,81,100",
                        "endOffsets": "167,275,398,505,616,702,804,921,1001,1079,1162,1273,1378,1477,1587,1688,1791,1919,2021,2103,2204"
                    },
                    "to": {
                        "startLines": "2,3,4,5,6,7,8,9,10,11,12,13,14,15,16,17,18,19,20,39,40",
                        "startColumns": "4,4,4,4,4,4,4,4,4,4,4,4,4,4,4,4,4,4,4,4,4",
                        "startOffsets": "105,222,330,453,560,671,757,859,976,1056,1134,1217,1328,1433,1532,1642,1743,1846,1974,4783,4865",
                        "endColumns": "116,107,122,106,110,85,101,116,79,77,82,110,104,98,109,100,102,127,101,81,100",
                        "endOffsets": "217,325,448,555,666,752,854,971,1051,1129,1212,1323,1428,1527,1637,1738,1841,1969,2071,4860,4961"
                    }
                },
                {
                    "source": "C:\\Users\\rache\\.gradle\\caches\\transforms-1\\files-1.1\\play-services-base-11.8.0.aar\\f2632959cf334c052a45ac2e6c89af48\\res\\values-et\\values.xml",
                    "from": {
                        "startLines": "4,5,6,7,8,9,10,11,12,13,14,15,16,17,18,19,20",
                        "startColumns": "0,0,0,0,0,0,0,0,0,0,0,0,0,0,0,0,0",
                        "startOffsets": "281,382,576,701,807,1016,1143,1285,1413,1632,1738,1933,2063,2277,2448,2537,2628",
                        "endColumns": "100,193,124,105,208,126,141,127,218,105,194,129,213,170,88,90,112",
                        "endOffsets": "381,575,700,806,1015,1142,1284,1412,1631,1737,1932,2062,2276,2447,2536,2627,2740"
                    },
                    "to": {
                        "startLines": "21,22,23,24,25,26,27,28,30,31,32,33,34,35,36,37,38",
                        "startColumns": "4,4,4,4,4,4,4,4,4,4,4,4,4,4,4,4,4",
                        "startOffsets": "2076,2181,2375,2504,2614,2823,2954,3100,3431,3650,3760,3955,4089,4303,4478,4571,4666",
                        "endColumns": "104,193,128,109,208,130,145,131,218,109,194,133,213,174,92,94,116",
                        "endOffsets": "2176,2370,2499,2609,2818,2949,3095,3227,3645,3755,3950,4084,4298,4473,4566,4661,4778"
                    }
                },
                {
                    "source": "C:\\Users\\rache\\.gradle\\caches\\transforms-1\\files-1.1\\play-services-basement-11.8.0.aar\\4156095f54a5b056d692bcb2b851cc07\\res\\values-et\\values.xml",
                    "from": {
                        "startLines": "4",
                        "startColumns": "0",
                        "startOffsets": "283",
                        "endColumns": "198",
                        "endOffsets": "481"
                    },
                    "to": {
                        "startLines": "29",
                        "startColumns": "4",
                        "startOffsets": "3232",
                        "endColumns": "198",
                        "endOffsets": "3426"
                    }
                }
            ]
        }
    ]
}