{
    "logs": [
        {
            "outputFile": "C:\\Users\\Daniel\\AndroidStudioProjects\\SoftwareSpecifications\\app\\build\\intermediates\\incremental\\mergeDebugAndroidTestResources\\merged.dir\\values-bs\\values-bs.xml",
            "map": [
                {
                    "source": "C:\\Users\\Daniel\\.gradle\\caches\\transforms-1\\files-1.1\\appcompat-v7-26.1.0.aar\\1f600b1218903c988bc8afd8c35bad62\\res\\values-bs\\values-bs.xml",
                    "from": {
                        "startLines": "2,3,4,5,6,7,8,9,10,11,12,13,14,15,16,17,18,19,20,21,22",
                        "startColumns": "4,4,4,4,4,4,4,4,4,4,4,4,4,4,4,4,4,4,4,4,4",
                        "startOffsets": "55,174,282,405,514,621,707,808,930,1012,1093,1179,1282,1387,1485,1590,1701,1806,1926,2023,2107",
                        "endColumns": "118,107,122,108,106,85,100,121,81,80,85,102,104,97,104,110,104,119,96,83,100",
                        "endOffsets": "169,277,400,509,616,702,803,925,1007,1088,1174,1277,1382,1480,1585,1696,1801,1921,2018,2102,2203"
                    },
                    "to": {
                        "startLines": "2,3,4,5,6,7,8,9,10,11,12,13,14,15,16,17,18,19,20,39,40",
                        "startColumns": "4,4,4,4,4,4,4,4,4,4,4,4,4,4,4,4,4,4,4,4,4",
                        "startOffsets": "105,224,332,455,564,671,757,858,980,1062,1143,1229,1332,1437,1535,1640,1751,1856,1976,4758,4842",
                        "endColumns": "118,107,122,108,106,85,100,121,81,80,85,102,104,97,104,110,104,119,96,83,100",
                        "endOffsets": "219,327,450,559,666,752,853,975,1057,1138,1224,1327,1432,1530,1635,1746,1851,1971,2068,4837,4938"
                    }
                },
                {
                    "source": "C:\\Users\\Daniel\\.gradle\\caches\\transforms-1\\files-1.1\\play-services-base-11.8.0.aar\\aee9d84feeba86acb0e68eb689ed1b20\\res\\values-bs\\values.xml",
                    "from": {
                        "startLines": "4,5,6,7,8,9,10,11,12,13,14,15,16,17,18,19,20",
                        "startColumns": "0,0,0,0,0,0,0,0,0,0,0,0,0,0,0,0,0",
                        "startOffsets": "281,385,577,701,809,1018,1142,1280,1407,1620,1725,1917,2042,2251,2423,2517,2608",
                        "endColumns": "103,191,123,107,208,123,137,126,212,104,191,124,208,171,93,90,109",
                        "endOffsets": "384,576,700,808,1017,1141,1279,1406,1619,1724,1916,2041,2250,2422,2516,2607,2717"
                    },
                    "to": {
                        "startLines": "21,22,23,24,25,26,27,28,30,31,32,33,34,35,36,37,38",
                        "startColumns": "4,4,4,4,4,4,4,4,4,4,4,4,4,4,4,4,4",
                        "startOffsets": "2073,2181,2373,2501,2613,2822,2950,3092,3423,3636,3745,3937,4066,4275,4451,4549,4644",
                        "endColumns": "107,191,127,111,208,127,141,130,212,108,191,128,208,175,97,94,113",
                        "endOffsets": "2176,2368,2496,2608,2817,2945,3087,3218,3631,3740,3932,4061,4270,4446,4544,4639,4753"
                    }
                },
                {
                    "source": "C:\\Users\\Daniel\\.gradle\\caches\\transforms-1\\files-1.1\\play-services-basement-11.8.0.aar\\b0e8a5874481ea38051cd2d8a9724518\\res\\values-bs\\values.xml",
                    "from": {
                        "startLines": "4",
                        "startColumns": "0",
                        "startOffsets": "283",
                        "endColumns": "199",
                        "endOffsets": "482"
                    },
                    "to": {
                        "startLines": "29",
                        "startColumns": "4",
                        "startOffsets": "3223",
                        "endColumns": "199",
                        "endOffsets": "3418"
                    }
                }
            ]
        },
        {
            "outputFile": "C:\\Users\\rache\\AndroidStudioProjects\\SoftwareSpecifications\\app\\build\\intermediates\\incremental\\mergeDebugAndroidTestResources\\merged.dir\\values-bs\\values-bs.xml",
            "map": [
                {
                    "source": "C:\\Users\\rache\\.gradle\\caches\\transforms-1\\files-1.1\\play-services-basement-11.8.0.aar\\4156095f54a5b056d692bcb2b851cc07\\res\\values-bs\\values.xml",
                    "from": {
                        "startLines": "4",
                        "startColumns": "0",
                        "startOffsets": "283",
                        "endColumns": "199",
                        "endOffsets": "482"
                    },
                    "to": {
                        "startLines": "29",
                        "startColumns": "4",
                        "startOffsets": "3223",
                        "endColumns": "199",
                        "endOffsets": "3418"
                    }
                },
                {
                    "source": "C:\\Users\\rache\\.gradle\\caches\\transforms-1\\files-1.1\\play-services-base-11.8.0.aar\\f2632959cf334c052a45ac2e6c89af48\\res\\values-bs\\values.xml",
                    "from": {
                        "startLines": "4,5,6,7,8,9,10,11,12,13,14,15,16,17,18,19,20",
                        "startColumns": "0,0,0,0,0,0,0,0,0,0,0,0,0,0,0,0,0",
                        "startOffsets": "281,385,577,701,809,1018,1142,1280,1407,1620,1725,1917,2042,2251,2423,2517,2608",
                        "endColumns": "103,191,123,107,208,123,137,126,212,104,191,124,208,171,93,90,109",
                        "endOffsets": "384,576,700,808,1017,1141,1279,1406,1619,1724,1916,2041,2250,2422,2516,2607,2717"
                    },
                    "to": {
                        "startLines": "21,22,23,24,25,26,27,28,30,31,32,33,34,35,36,37,38",
                        "startColumns": "4,4,4,4,4,4,4,4,4,4,4,4,4,4,4,4,4",
                        "startOffsets": "2073,2181,2373,2501,2613,2822,2950,3092,3423,3636,3745,3937,4066,4275,4451,4549,4644",
                        "endColumns": "107,191,127,111,208,127,141,130,212,108,191,128,208,175,97,94,113",
                        "endOffsets": "2176,2368,2496,2608,2817,2945,3087,3218,3631,3740,3932,4061,4270,4446,4544,4639,4753"
                    }
                },
                {
                    "source": "C:\\Users\\rache\\.gradle\\caches\\transforms-1\\files-1.1\\appcompat-v7-26.1.0.aar\\090f1e383135fa7a576715b6cc6d265b\\res\\values-bs\\values-bs.xml",
                    "from": {
                        "startLines": "2,3,4,5,6,7,8,9,10,11,12,13,14,15,16,17,18,19,20,21,22",
                        "startColumns": "4,4,4,4,4,4,4,4,4,4,4,4,4,4,4,4,4,4,4,4,4",
                        "startOffsets": "55,174,282,405,514,621,707,808,930,1012,1093,1179,1282,1387,1485,1590,1701,1806,1926,2023,2107",
                        "endColumns": "118,107,122,108,106,85,100,121,81,80,85,102,104,97,104,110,104,119,96,83,100",
                        "endOffsets": "169,277,400,509,616,702,803,925,1007,1088,1174,1277,1382,1480,1585,1696,1801,1921,2018,2102,2203"
                    },
                    "to": {
                        "startLines": "2,3,4,5,6,7,8,9,10,11,12,13,14,15,16,17,18,19,20,39,40",
                        "startColumns": "4,4,4,4,4,4,4,4,4,4,4,4,4,4,4,4,4,4,4,4,4",
                        "startOffsets": "105,224,332,455,564,671,757,858,980,1062,1143,1229,1332,1437,1535,1640,1751,1856,1976,4758,4842",
                        "endColumns": "118,107,122,108,106,85,100,121,81,80,85,102,104,97,104,110,104,119,96,83,100",
                        "endOffsets": "219,327,450,559,666,752,853,975,1057,1138,1224,1327,1432,1530,1635,1746,1851,1971,2068,4837,4938"
                    }
                }
            ]
        }
    ]
}