{
    "logs": [
        {
            "outputFile": "C:\\Users\\rache\\AndroidStudioProjects\\SoftwareSpecifications\\app\\build\\intermediates\\incremental\\mergeDebugAndroidTestResources\\merged.dir\\values-is\\values-is.xml",
            "map": [
                {
                    "source": "C:\\Users\\rache\\.gradle\\caches\\transforms-1\\files-1.1\\play-services-basement-11.8.0.aar\\4156095f54a5b056d692bcb2b851cc07\\res\\values-is\\values.xml",
                    "from": {
                        "startLines": "4",
                        "startColumns": "0",
                        "startOffsets": "283",
                        "endColumns": "187",
                        "endOffsets": "470"
                    },
                    "to": {
                        "startLines": "29",
                        "startColumns": "4",
                        "startOffsets": "3161",
                        "endColumns": "187",
                        "endOffsets": "3344"
                    }
                },
                {
                    "source": "C:\\Users\\rache\\.gradle\\caches\\transforms-1\\files-1.1\\appcompat-v7-26.1.0.aar\\090f1e383135fa7a576715b6cc6d265b\\res\\values-is\\values-is.xml",
                    "from": {
                        "startLines": "2,3,4,5,6,7,8,9,10,11,12,13,14,15,16,17,18,19,20,21,22",
                        "startColumns": "4,4,4,4,4,4,4,4,4,4,4,4,4,4,4,4,4,4,4,4,4",
                        "startOffsets": "55,155,263,386,483,595,680,781,895,975,1055,1136,1246,1354,1452,1561,1660,1763,1881,1979,2060",
                        "endColumns": "99,107,122,96,111,84,100,113,79,79,80,109,107,97,108,98,102,117,97,80,100",
                        "endOffsets": "150,258,381,478,590,675,776,890,970,1050,1131,1241,1349,1447,1556,1655,1758,1876,1974,2055,2156"
                    },
                    "to": {
                        "startLines": "2,3,4,5,6,7,8,9,10,11,12,13,14,15,16,17,18,19,20,39,40",
                        "startColumns": "4,4,4,4,4,4,4,4,4,4,4,4,4,4,4,4,4,4,4,4,4",
                        "startOffsets": "105,205,313,436,533,645,730,831,945,1025,1105,1186,1296,1404,1502,1611,1710,1813,1931,4666,4747",
                        "endColumns": "99,107,122,96,111,84,100,113,79,79,80,109,107,97,108,98,102,117,97,80,100",
                        "endOffsets": "200,308,431,528,640,725,826,940,1020,1100,1181,1291,1399,1497,1606,1705,1808,1926,2024,4742,4843"
                    }
                },
                {
                    "source": "C:\\Users\\rache\\.gradle\\caches\\transforms-1\\files-1.1\\play-services-base-11.8.0.aar\\f2632959cf334c052a45ac2e6c89af48\\res\\values-is\\values.xml",
                    "from": {
                        "startLines": "4,5,6,7,8,9,10,11,12,13,14,15,16,17,18,19,20",
                        "startColumns": "0,0,0,0,0,0,0,0,0,0,0,0,0,0,0,0,0",
                        "startOffsets": "281,385,571,694,801,1001,1124,1259,1389,1602,1706,1894,2018,2219,2399,2489,2578",
                        "endColumns": "103,185,122,106,199,122,134,129,212,103,187,123,200,179,89,88,103",
                        "endOffsets": "384,570,693,800,1000,1123,1258,1388,1601,1705,1893,2017,2218,2398,2488,2577,2681"
                    },
                    "to": {
                        "startLines": "21,22,23,24,25,26,27,28,30,31,32,33,34,35,36,37,38",
                        "startColumns": "4,4,4,4,4,4,4,4,4,4,4,4,4,4,4,4,4",
                        "startOffsets": "2029,2137,2323,2450,2561,2761,2888,3027,3349,3562,3670,3858,3986,4187,4371,4465,4558",
                        "endColumns": "107,185,126,110,199,126,138,133,212,107,187,127,200,183,93,92,107",
                        "endOffsets": "2132,2318,2445,2556,2756,2883,3022,3156,3557,3665,3853,3981,4182,4366,4460,4553,4661"
                    }
                }
            ]
        },
        {
            "outputFile": "C:\\Users\\Daniel\\AndroidStudioProjects\\SoftwareSpecifications\\app\\build\\intermediates\\incremental\\mergeDebugAndroidTestResources\\merged.dir\\values-is\\values-is.xml",
            "map": [
                {
                    "source": "C:\\Users\\Daniel\\.gradle\\caches\\transforms-1\\files-1.1\\appcompat-v7-26.1.0.aar\\1f600b1218903c988bc8afd8c35bad62\\res\\values-is\\values-is.xml",
                    "from": {
                        "startLines": "2,3,4,5,6,7,8,9,10,11,12,13,14,15,16,17,18,19,20,21,22",
                        "startColumns": "4,4,4,4,4,4,4,4,4,4,4,4,4,4,4,4,4,4,4,4,4",
                        "startOffsets": "55,155,263,386,483,595,680,781,895,975,1055,1136,1246,1354,1452,1561,1660,1763,1881,1979,2060",
                        "endColumns": "99,107,122,96,111,84,100,113,79,79,80,109,107,97,108,98,102,117,97,80,100",
                        "endOffsets": "150,258,381,478,590,675,776,890,970,1050,1131,1241,1349,1447,1556,1655,1758,1876,1974,2055,2156"
                    },
                    "to": {
                        "startLines": "2,3,4,5,6,7,8,9,10,11,12,13,14,15,16,17,18,19,20,39,40",
                        "startColumns": "4,4,4,4,4,4,4,4,4,4,4,4,4,4,4,4,4,4,4,4,4",
                        "startOffsets": "105,205,313,436,533,645,730,831,945,1025,1105,1186,1296,1404,1502,1611,1710,1813,1931,4666,4747",
                        "endColumns": "99,107,122,96,111,84,100,113,79,79,80,109,107,97,108,98,102,117,97,80,100",
                        "endOffsets": "200,308,431,528,640,725,826,940,1020,1100,1181,1291,1399,1497,1606,1705,1808,1926,2024,4742,4843"
                    }
                },
                {
                    "source": "C:\\Users\\Daniel\\.gradle\\caches\\transforms-1\\files-1.1\\play-services-base-11.8.0.aar\\aee9d84feeba86acb0e68eb689ed1b20\\res\\values-is\\values.xml",
                    "from": {
                        "startLines": "4,5,6,7,8,9,10,11,12,13,14,15,16,17,18,19,20",
                        "startColumns": "0,0,0,0,0,0,0,0,0,0,0,0,0,0,0,0,0",
                        "startOffsets": "281,385,571,694,801,1001,1124,1259,1389,1602,1706,1894,2018,2219,2399,2489,2578",
                        "endColumns": "103,185,122,106,199,122,134,129,212,103,187,123,200,179,89,88,103",
                        "endOffsets": "384,570,693,800,1000,1123,1258,1388,1601,1705,1893,2017,2218,2398,2488,2577,2681"
                    },
                    "to": {
                        "startLines": "21,22,23,24,25,26,27,28,30,31,32,33,34,35,36,37,38",
                        "startColumns": "4,4,4,4,4,4,4,4,4,4,4,4,4,4,4,4,4",
                        "startOffsets": "2029,2137,2323,2450,2561,2761,2888,3027,3349,3562,3670,3858,3986,4187,4371,4465,4558",
                        "endColumns": "107,185,126,110,199,126,138,133,212,107,187,127,200,183,93,92,107",
                        "endOffsets": "2132,2318,2445,2556,2756,2883,3022,3156,3557,3665,3853,3981,4182,4366,4460,4553,4661"
                    }
                },
                {
                    "source": "C:\\Users\\Daniel\\.gradle\\caches\\transforms-1\\files-1.1\\play-services-basement-11.8.0.aar\\b0e8a5874481ea38051cd2d8a9724518\\res\\values-is\\values.xml",
                    "from": {
                        "startLines": "4",
                        "startColumns": "0",
                        "startOffsets": "283",
                        "endColumns": "187",
                        "endOffsets": "470"
                    },
                    "to": {
                        "startLines": "29",
                        "startColumns": "4",
                        "startOffsets": "3161",
                        "endColumns": "187",
                        "endOffsets": "3344"
                    }
                }
            ]
        }
    ]
}