{
    "logs": [
        {
            "outputFile": "C:\\Users\\Daniel\\AndroidStudioProjects\\SoftwareSpecifications\\app\\build\\intermediates\\incremental\\mergeDebugAndroidTestResources\\merged.dir\\values-v14\\values-v14.xml",
            "map": [
                {
                    "source": "C:\\Users\\Daniel\\.gradle\\caches\\transforms-1\\files-1.1\\appcompat-v7-26.1.0.aar\\1f600b1218903c988bc8afd8c35bad62\\res\\values-v14\\values-v14.xml",
                    "from": {
                        "startLines": "2,7,8,9,15",
                        "startColumns": "4,4,4,4,4",
                        "startOffsets": "55,331,402,485,895",
                        "endLines": "6,7,8,14,20",
                        "endColumns": "12,70,82,12,12",
                        "endOffsets": "326,397,480,890,1312"
                    }
                }
            ]
        },
        {
            "outputFile": "C:\\Users\\rache\\AndroidStudioProjects\\SoftwareSpecifications\\app\\build\\intermediates\\incremental\\mergeDebugAndroidTestResources\\merged.dir\\values-v14\\values-v14.xml",
            "map": [
                {
                    "source": "C:\\Users\\rache\\.gradle\\caches\\transforms-1\\files-1.1\\appcompat-v7-26.1.0.aar\\090f1e383135fa7a576715b6cc6d265b\\res\\values-v14\\values-v14.xml",
                    "from": {
                        "startLines": "2,7,8,9,15",
                        "startColumns": "4,4,4,4,4",
                        "startOffsets": "55,331,402,485,895",
                        "endLines": "6,7,8,14,20",
                        "endColumns": "12,70,82,12,12",
                        "endOffsets": "326,397,480,890,1312"
                    }
                }
            ]
        }
    ]
}