{
    "logs": [
        {
            "outputFile": "C:\\Users\\Daniel\\AndroidStudioProjects\\SoftwareSpecifications\\app\\build\\intermediates\\incremental\\mergeDebugResources\\merged.dir\\values-sq\\values-sq.xml",
            "map": [
                {
                    "source": "C:\\Users\\Daniel\\.gradle\\caches\\transforms-1\\files-1.1\\appcompat-v7-26.1.0.aar\\1f600b1218903c988bc8afd8c35bad62\\res\\values-sq\\values-sq.xml",
                    "from": {
                        "startLines": "2,3,4,5,6,7,8,9,10,11,12,13,14,15,16,17,18,19,20,21,22",
                        "startColumns": "4,4,4,4,4,4,4,4,4,4,4,4,4,4,4,4,4,4,4,4,4",
                        "startOffsets": "55,169,277,400,500,612,699,809,932,1013,1092,1175,1281,1386,1484,1590,1693,1809,1940,2039,2120",
                        "endColumns": "113,107,122,99,111,86,109,122,80,78,82,105,104,97,105,102,115,130,98,80,100",
                        "endOffsets": "164,272,395,495,607,694,804,927,1008,1087,1170,1276,1381,1479,1585,1688,1804,1935,2034,2115,2216"
                    },
                    "to": {
                        "startLines": "2,3,4,5,6,7,8,9,10,11,12,13,14,15,16,17,18,19,20,39,40",
                        "startColumns": "4,4,4,4,4,4,4,4,4,4,4,4,4,4,4,4,4,4,4,4,4",
                        "startOffsets": "105,219,327,450,550,662,749,859,982,1063,1142,1225,1331,1436,1534,1640,1743,1859,1990,4926,5007",
                        "endColumns": "113,107,122,99,111,86,109,122,80,78,82,105,104,97,105,102,115,130,98,80,100",
                        "endOffsets": "214,322,445,545,657,744,854,977,1058,1137,1220,1326,1431,1529,1635,1738,1854,1985,2084,5002,5103"
                    }
                },
                {
                    "source": "C:\\Users\\Daniel\\.gradle\\caches\\transforms-1\\files-1.1\\play-services-basement-11.8.0.aar\\b0e8a5874481ea38051cd2d8a9724518\\res\\values-sq\\values.xml",
                    "from": {
                        "startLines": "4",
                        "startColumns": "0",
                        "startOffsets": "283",
                        "endColumns": "187",
                        "endOffsets": "470"
                    },
                    "to": {
                        "startLines": "29",
                        "startColumns": "4",
                        "startOffsets": "3308",
                        "endColumns": "187",
                        "endOffsets": "3491"
                    }
                },
                {
                    "source": "C:\\Users\\Daniel\\.gradle\\caches\\transforms-1\\files-1.1\\play-services-base-11.8.0.aar\\aee9d84feeba86acb0e68eb689ed1b20\\res\\values-sq\\values.xml",
                    "from": {
                        "startLines": "4,5,6,7,8,9,10,11,12,13,14,15,16,17,18,19,20",
                        "startColumns": "0,0,0,0,0,0,0,0,0,0,0,0,0,0,0,0,0",
                        "startOffsets": "281,386,591,726,831,1051,1183,1335,1476,1705,1811,2017,2153,2381,2591,2682,2775",
                        "endColumns": "104,204,134,104,219,131,151,140,228,105,205,135,227,209,90,92,106",
                        "endOffsets": "385,590,725,830,1050,1182,1334,1475,1704,1810,2016,2152,2380,2590,2681,2774,2881"
                    },
                    "to": {
                        "startLines": "21,22,23,24,25,26,27,28,30,31,32,33,34,35,36,37,38",
                        "startColumns": "4,4,4,4,4,4,4,4,4,4,4,4,4,4,4,4,4",
                        "startOffsets": "2089,2198,2403,2542,2651,2871,3007,3163,3496,3725,3835,4041,4181,4409,4623,4718,4815",
                        "endColumns": "108,204,138,108,219,135,155,144,228,109,205,139,227,213,94,96,110",
                        "endOffsets": "2193,2398,2537,2646,2866,3002,3158,3303,3720,3830,4036,4176,4404,4618,4713,4810,4921"
                    }
                }
            ]
        },
        {
            "outputFile": "C:\\Users\\rache\\AndroidStudioProjects\\SoftwareSpecifications\\app\\build\\intermediates\\incremental\\mergeDebugResources\\merged.dir\\values-sq\\values-sq.xml",
            "map": [
                {
                    "source": "C:\\Users\\rache\\.gradle\\caches\\transforms-1\\files-1.1\\play-services-base-11.8.0.aar\\f2632959cf334c052a45ac2e6c89af48\\res\\values-sq\\values.xml",
                    "from": {
                        "startLines": "4,5,6,7,8,9,10,11,12,13,14,15,16,17,18,19,20",
                        "startColumns": "0,0,0,0,0,0,0,0,0,0,0,0,0,0,0,0,0",
                        "startOffsets": "281,386,591,726,831,1051,1183,1335,1476,1705,1811,2017,2153,2381,2591,2682,2775",
                        "endColumns": "104,204,134,104,219,131,151,140,228,105,205,135,227,209,90,92,106",
                        "endOffsets": "385,590,725,830,1050,1182,1334,1475,1704,1810,2016,2152,2380,2590,2681,2774,2881"
                    },
                    "to": {
                        "startLines": "21,22,23,24,25,26,27,28,30,31,32,33,34,35,36,37,38",
                        "startColumns": "4,4,4,4,4,4,4,4,4,4,4,4,4,4,4,4,4",
                        "startOffsets": "2089,2198,2403,2542,2651,2871,3007,3163,3496,3725,3835,4041,4181,4409,4623,4718,4815",
                        "endColumns": "108,204,138,108,219,135,155,144,228,109,205,139,227,213,94,96,110",
                        "endOffsets": "2193,2398,2537,2646,2866,3002,3158,3303,3720,3830,4036,4176,4404,4618,4713,4810,4921"
                    }
                },
                {
                    "source": "C:\\Users\\rache\\.gradle\\caches\\transforms-1\\files-1.1\\play-services-basement-11.8.0.aar\\4156095f54a5b056d692bcb2b851cc07\\res\\values-sq\\values.xml",
                    "from": {
                        "startLines": "4",
                        "startColumns": "0",
                        "startOffsets": "283",
                        "endColumns": "187",
                        "endOffsets": "470"
                    },
                    "to": {
                        "startLines": "29",
                        "startColumns": "4",
                        "startOffsets": "3308",
                        "endColumns": "187",
                        "endOffsets": "3491"
                    }
                },
                {
                    "source": "C:\\Users\\rache\\.gradle\\caches\\transforms-1\\files-1.1\\appcompat-v7-26.1.0.aar\\090f1e383135fa7a576715b6cc6d265b\\res\\values-sq\\values-sq.xml",
                    "from": {
                        "startLines": "2,3,4,5,6,7,8,9,10,11,12,13,14,15,16,17,18,19,20,21,22",
                        "startColumns": "4,4,4,4,4,4,4,4,4,4,4,4,4,4,4,4,4,4,4,4,4",
                        "startOffsets": "55,169,277,400,500,612,699,809,932,1013,1092,1175,1281,1386,1484,1590,1693,1809,1940,2039,2120",
                        "endColumns": "113,107,122,99,111,86,109,122,80,78,82,105,104,97,105,102,115,130,98,80,100",
                        "endOffsets": "164,272,395,495,607,694,804,927,1008,1087,1170,1276,1381,1479,1585,1688,1804,1935,2034,2115,2216"
                    },
                    "to": {
                        "startLines": "2,3,4,5,6,7,8,9,10,11,12,13,14,15,16,17,18,19,20,39,40",
                        "startColumns": "4,4,4,4,4,4,4,4,4,4,4,4,4,4,4,4,4,4,4,4,4",
                        "startOffsets": "105,219,327,450,550,662,749,859,982,1063,1142,1225,1331,1436,1534,1640,1743,1859,1990,4926,5007",
                        "endColumns": "113,107,122,99,111,86,109,122,80,78,82,105,104,97,105,102,115,130,98,80,100",
                        "endOffsets": "214,322,445,545,657,744,854,977,1058,1137,1220,1326,1431,1529,1635,1738,1854,1985,2084,5002,5103"
                    }
                }
            ]
        }
    ]
}