{
    "logs": [
        {
            "outputFile": "C:\\Users\\rache\\AndroidStudioProjects\\SoftwareSpecifications\\app\\build\\intermediates\\incremental\\mergeDebugResources\\merged.dir\\values-zh-rHK\\values-zh-rHK.xml",
            "map": [
                {
                    "source": "C:\\Users\\rache\\.gradle\\caches\\transforms-1\\files-1.1\\play-services-base-11.8.0.aar\\f2632959cf334c052a45ac2e6c89af48\\res\\values-zh-rHK\\values.xml",
                    "from": {
                        "startLines": "4,5,6,7,8,9,10,11,12,13,14,15,16,17,18,19,20",
                        "startColumns": "0,0,0,0,0,0,0,0,0,0,0,0,0,0,0,0,0",
                        "startOffsets": "285,384,544,657,757,923,1037,1165,1283,1452,1551,1711,1824,1990,2124,2205,2288",
                        "endColumns": "98,159,112,99,165,113,127,117,168,98,159,112,165,133,80,82,96",
                        "endOffsets": "383,543,656,756,922,1036,1164,1282,1451,1550,1710,1823,1989,2123,2204,2287,2384"
                    },
                    "to": {
                        "startLines": "21,22,23,24,25,26,27,28,30,31,32,33,34,35,36,37,38",
                        "startColumns": "4,4,4,4,4,4,4,4,4,4,4,4,4,4,4,4,4",
                        "startOffsets": "1924,2027,2187,2304,2408,2574,2692,2824,3113,3282,3385,3545,3662,3828,3966,4051,4138",
                        "endColumns": "102,159,116,103,165,117,131,121,168,102,159,116,165,137,84,86,100",
                        "endOffsets": "2022,2182,2299,2403,2569,2687,2819,2941,3277,3380,3540,3657,3823,3961,4046,4133,4234"
                    }
                },
                {
                    "source": "C:\\Users\\rache\\.gradle\\caches\\transforms-1\\files-1.1\\appcompat-v7-26.1.0.aar\\090f1e383135fa7a576715b6cc6d265b\\res\\values-zh-rHK\\values-zh-rHK.xml",
                    "from": {
                        "startLines": "2,3,4,5,6,7,8,9,10,11,12,13,14,15,16,17,18,19,20,21,22",
                        "startColumns": "4,4,4,4,4,4,4,4,4,4,4,4,4,4,4,4,4,4,4,4,4",
                        "startOffsets": "55,150,257,380,473,573,655,752,860,936,1012,1090,1186,1282,1377,1474,1569,1667,1780,1874,1952",
                        "endColumns": "94,106,122,92,99,81,96,107,75,75,77,95,95,94,96,94,97,112,93,77,101",
                        "endOffsets": "145,252,375,468,568,650,747,855,931,1007,1085,1181,1277,1372,1469,1564,1662,1775,1869,1947,2049"
                    },
                    "to": {
                        "startLines": "2,3,4,5,6,7,8,9,10,11,12,13,14,15,16,17,18,19,20,39,40",
                        "startColumns": "4,4,4,4,4,4,4,4,4,4,4,4,4,4,4,4,4,4,4,4,4",
                        "startOffsets": "105,200,307,430,523,623,705,802,910,986,1062,1140,1236,1332,1427,1524,1619,1717,1830,4239,4317",
                        "endColumns": "94,106,122,92,99,81,96,107,75,75,77,95,95,94,96,94,97,112,93,77,101",
                        "endOffsets": "195,302,425,518,618,700,797,905,981,1057,1135,1231,1327,1422,1519,1614,1712,1825,1919,4312,4414"
                    }
                },
                {
                    "source": "C:\\Users\\rache\\.gradle\\caches\\transforms-1\\files-1.1\\play-services-basement-11.8.0.aar\\4156095f54a5b056d692bcb2b851cc07\\res\\values-zh-rHK\\values.xml",
                    "from": {
                        "startLines": "4",
                        "startColumns": "0",
                        "startOffsets": "287",
                        "endColumns": "166",
                        "endOffsets": "453"
                    },
                    "to": {
                        "startLines": "29",
                        "startColumns": "4",
                        "startOffsets": "2946",
                        "endColumns": "166",
                        "endOffsets": "3108"
                    }
                }
            ]
        },
        {
            "outputFile": "C:\\Users\\Daniel\\AndroidStudioProjects\\SoftwareSpecifications\\app\\build\\intermediates\\incremental\\mergeDebugResources\\merged.dir\\values-zh-rHK\\values-zh-rHK.xml",
            "map": [
                {
                    "source": "C:\\Users\\Daniel\\.gradle\\caches\\transforms-1\\files-1.1\\play-services-basement-11.8.0.aar\\b0e8a5874481ea38051cd2d8a9724518\\res\\values-zh-rHK\\values.xml",
                    "from": {
                        "startLines": "4",
                        "startColumns": "0",
                        "startOffsets": "287",
                        "endColumns": "166",
                        "endOffsets": "453"
                    },
                    "to": {
                        "startLines": "29",
                        "startColumns": "4",
                        "startOffsets": "2946",
                        "endColumns": "166",
                        "endOffsets": "3108"
                    }
                },
                {
                    "source": "C:\\Users\\Daniel\\.gradle\\caches\\transforms-1\\files-1.1\\appcompat-v7-26.1.0.aar\\1f600b1218903c988bc8afd8c35bad62\\res\\values-zh-rHK\\values-zh-rHK.xml",
                    "from": {
                        "startLines": "2,3,4,5,6,7,8,9,10,11,12,13,14,15,16,17,18,19,20,21,22",
                        "startColumns": "4,4,4,4,4,4,4,4,4,4,4,4,4,4,4,4,4,4,4,4,4",
                        "startOffsets": "55,150,257,380,473,573,655,752,860,936,1012,1090,1186,1282,1377,1474,1569,1667,1780,1874,1952",
                        "endColumns": "94,106,122,92,99,81,96,107,75,75,77,95,95,94,96,94,97,112,93,77,101",
                        "endOffsets": "145,252,375,468,568,650,747,855,931,1007,1085,1181,1277,1372,1469,1564,1662,1775,1869,1947,2049"
                    },
                    "to": {
                        "startLines": "2,3,4,5,6,7,8,9,10,11,12,13,14,15,16,17,18,19,20,39,40",
                        "startColumns": "4,4,4,4,4,4,4,4,4,4,4,4,4,4,4,4,4,4,4,4,4",
                        "startOffsets": "105,200,307,430,523,623,705,802,910,986,1062,1140,1236,1332,1427,1524,1619,1717,1830,4239,4317",
                        "endColumns": "94,106,122,92,99,81,96,107,75,75,77,95,95,94,96,94,97,112,93,77,101",
                        "endOffsets": "195,302,425,518,618,700,797,905,981,1057,1135,1231,1327,1422,1519,1614,1712,1825,1919,4312,4414"
                    }
                },
                {
                    "source": "C:\\Users\\Daniel\\.gradle\\caches\\transforms-1\\files-1.1\\play-services-base-11.8.0.aar\\aee9d84feeba86acb0e68eb689ed1b20\\res\\values-zh-rHK\\values.xml",
                    "from": {
                        "startLines": "4,5,6,7,8,9,10,11,12,13,14,15,16,17,18,19,20",
                        "startColumns": "0,0,0,0,0,0,0,0,0,0,0,0,0,0,0,0,0",
                        "startOffsets": "285,384,544,657,757,923,1037,1165,1283,1452,1551,1711,1824,1990,2124,2205,2288",
                        "endColumns": "98,159,112,99,165,113,127,117,168,98,159,112,165,133,80,82,96",
                        "endOffsets": "383,543,656,756,922,1036,1164,1282,1451,1550,1710,1823,1989,2123,2204,2287,2384"
                    },
                    "to": {
                        "startLines": "21,22,23,24,25,26,27,28,30,31,32,33,34,35,36,37,38",
                        "startColumns": "4,4,4,4,4,4,4,4,4,4,4,4,4,4,4,4,4",
                        "startOffsets": "1924,2027,2187,2304,2408,2574,2692,2824,3113,3282,3385,3545,3662,3828,3966,4051,4138",
                        "endColumns": "102,159,116,103,165,117,131,121,168,102,159,116,165,137,84,86,100",
                        "endOffsets": "2022,2182,2299,2403,2569,2687,2819,2941,3277,3380,3540,3657,3823,3961,4046,4133,4234"
                    }
                }
            ]
        }
    ]
}