{
    "logs": [
        {
            "outputFile": "C:\\Users\\Daniel\\AndroidStudioProjects\\SoftwareSpecifications\\app\\build\\intermediates\\incremental\\mergeDebugResources\\merged.dir\\values-de\\values-de.xml",
            "map": [
                {
                    "source": "C:\\Users\\Daniel\\.gradle\\caches\\transforms-1\\files-1.1\\play-services-base-11.8.0.aar\\aee9d84feeba86acb0e68eb689ed1b20\\res\\values-de\\values.xml",
                    "from": {
                        "startLines": "4,5,6,7,8,9,10,11,12,13,14,15,16,17,18,19,20",
                        "startColumns": "0,0,0,0,0,0,0,0,0,0,0,0,0,0,0,0,0",
                        "startOffsets": "281,388,584,710,820,1057,1186,1333,1477,1716,1826,2026,2155,2376,2578,2675,2764",
                        "endColumns": "106,195,125,109,236,128,146,143,238,109,199,128,220,201,96,88,104",
                        "endOffsets": "387,583,709,819,1056,1185,1332,1476,1715,1825,2025,2154,2375,2577,2674,2763,2868"
                    },
                    "to": {
                        "startLines": "21,22,23,24,25,26,27,28,30,31,32,33,34,35,36,37,38",
                        "startColumns": "4,4,4,4,4,4,4,4,4,4,4,4,4,4,4,4,4",
                        "startOffsets": "2049,2160,2356,2486,2600,2837,2970,3121,3473,3712,3826,4026,4159,4380,4586,4687,4780",
                        "endColumns": "110,195,129,113,236,132,150,147,238,113,199,132,220,205,100,92,108",
                        "endOffsets": "2155,2351,2481,2595,2832,2965,3116,3264,3707,3821,4021,4154,4375,4581,4682,4775,4884"
                    }
                },
                {
                    "source": "C:\\Users\\Daniel\\.gradle\\caches\\transforms-1\\files-1.1\\appcompat-v7-26.1.0.aar\\1f600b1218903c988bc8afd8c35bad62\\res\\values-de\\values-de.xml",
                    "from": {
                        "startLines": "2,3,4,5,6,7,8,9,10,11,12,13,14,15,16,17,18,19,20,21,22",
                        "startColumns": "4,4,4,4,4,4,4,4,4,4,4,4,4,4,4,4,4,4,4,4,4",
                        "startOffsets": "55,160,268,391,489,601,687,792,907,984,1060,1142,1253,1356,1455,1566,1668,1775,1897,1999,2081",
                        "endColumns": "104,107,122,97,111,85,104,114,76,75,81,110,102,98,110,101,106,121,101,81,100",
                        "endOffsets": "155,263,386,484,596,682,787,902,979,1055,1137,1248,1351,1450,1561,1663,1770,1892,1994,2076,2177"
                    },
                    "to": {
                        "startLines": "2,3,4,5,6,7,8,9,10,11,12,13,14,15,16,17,18,19,20,39,40",
                        "startColumns": "4,4,4,4,4,4,4,4,4,4,4,4,4,4,4,4,4,4,4,4,4",
                        "startOffsets": "105,210,318,441,539,651,737,842,957,1034,1110,1192,1303,1406,1505,1616,1718,1825,1947,4889,4971",
                        "endColumns": "104,107,122,97,111,85,104,114,76,75,81,110,102,98,110,101,106,121,101,81,100",
                        "endOffsets": "205,313,436,534,646,732,837,952,1029,1105,1187,1298,1401,1500,1611,1713,1820,1942,2044,4966,5067"
                    }
                },
                {
                    "source": "C:\\Users\\Daniel\\.gradle\\caches\\transforms-1\\files-1.1\\play-services-basement-11.8.0.aar\\b0e8a5874481ea38051cd2d8a9724518\\res\\values-de\\values.xml",
                    "from": {
                        "startLines": "4",
                        "startColumns": "0",
                        "startOffsets": "283",
                        "endColumns": "203",
                        "endOffsets": "486"
                    },
                    "to": {
                        "startLines": "29",
                        "startColumns": "4",
                        "startOffsets": "3269",
                        "endColumns": "203",
                        "endOffsets": "3468"
                    }
                }
            ]
        },
        {
            "outputFile": "C:\\Users\\rache\\AndroidStudioProjects\\SoftwareSpecifications\\app\\build\\intermediates\\incremental\\mergeDebugResources\\merged.dir\\values-de\\values-de.xml",
            "map": [
                {
                    "source": "C:\\Users\\rache\\.gradle\\caches\\transforms-1\\files-1.1\\play-services-basement-11.8.0.aar\\4156095f54a5b056d692bcb2b851cc07\\res\\values-de\\values.xml",
                    "from": {
                        "startLines": "4",
                        "startColumns": "0",
                        "startOffsets": "283",
                        "endColumns": "203",
                        "endOffsets": "486"
                    },
                    "to": {
                        "startLines": "29",
                        "startColumns": "4",
                        "startOffsets": "3269",
                        "endColumns": "203",
                        "endOffsets": "3468"
                    }
                },
                {
                    "source": "C:\\Users\\rache\\.gradle\\caches\\transforms-1\\files-1.1\\appcompat-v7-26.1.0.aar\\090f1e383135fa7a576715b6cc6d265b\\res\\values-de\\values-de.xml",
                    "from": {
                        "startLines": "2,3,4,5,6,7,8,9,10,11,12,13,14,15,16,17,18,19,20,21,22",
                        "startColumns": "4,4,4,4,4,4,4,4,4,4,4,4,4,4,4,4,4,4,4,4,4",
                        "startOffsets": "55,160,268,391,489,601,687,792,907,984,1060,1142,1253,1356,1455,1566,1668,1775,1897,1999,2081",
                        "endColumns": "104,107,122,97,111,85,104,114,76,75,81,110,102,98,110,101,106,121,101,81,100",
                        "endOffsets": "155,263,386,484,596,682,787,902,979,1055,1137,1248,1351,1450,1561,1663,1770,1892,1994,2076,2177"
                    },
                    "to": {
                        "startLines": "2,3,4,5,6,7,8,9,10,11,12,13,14,15,16,17,18,19,20,39,40",
                        "startColumns": "4,4,4,4,4,4,4,4,4,4,4,4,4,4,4,4,4,4,4,4,4",
                        "startOffsets": "105,210,318,441,539,651,737,842,957,1034,1110,1192,1303,1406,1505,1616,1718,1825,1947,4889,4971",
                        "endColumns": "104,107,122,97,111,85,104,114,76,75,81,110,102,98,110,101,106,121,101,81,100",
                        "endOffsets": "205,313,436,534,646,732,837,952,1029,1105,1187,1298,1401,1500,1611,1713,1820,1942,2044,4966,5067"
                    }
                },
                {
                    "source": "C:\\Users\\rache\\.gradle\\caches\\transforms-1\\files-1.1\\play-services-base-11.8.0.aar\\f2632959cf334c052a45ac2e6c89af48\\res\\values-de\\values.xml",
                    "from": {
                        "startLines": "4,5,6,7,8,9,10,11,12,13,14,15,16,17,18,19,20",
                        "startColumns": "0,0,0,0,0,0,0,0,0,0,0,0,0,0,0,0,0",
                        "startOffsets": "281,388,584,710,820,1057,1186,1333,1477,1716,1826,2026,2155,2376,2578,2675,2764",
                        "endColumns": "106,195,125,109,236,128,146,143,238,109,199,128,220,201,96,88,104",
                        "endOffsets": "387,583,709,819,1056,1185,1332,1476,1715,1825,2025,2154,2375,2577,2674,2763,2868"
                    },
                    "to": {
                        "startLines": "21,22,23,24,25,26,27,28,30,31,32,33,34,35,36,37,38",
                        "startColumns": "4,4,4,4,4,4,4,4,4,4,4,4,4,4,4,4,4",
                        "startOffsets": "2049,2160,2356,2486,2600,2837,2970,3121,3473,3712,3826,4026,4159,4380,4586,4687,4780",
                        "endColumns": "110,195,129,113,236,132,150,147,238,113,199,132,220,205,100,92,108",
                        "endOffsets": "2155,2351,2481,2595,2832,2965,3116,3264,3707,3821,4021,4154,4375,4581,4682,4775,4884"
                    }
                }
            ]
        }
    ]
}