{
    "logs": [
        {
            "outputFile": "C:\\Users\\Daniel\\AndroidStudioProjects\\SoftwareSpecifications\\app\\build\\intermediates\\incremental\\mergeDebugResources\\merged.dir\\values-fr-rCA\\values-fr-rCA.xml",
            "map": [
                {
                    "source": "C:\\Users\\Daniel\\.gradle\\caches\\transforms-1\\files-1.1\\play-services-basement-11.8.0.aar\\b0e8a5874481ea38051cd2d8a9724518\\res\\values-fr-rCA\\values.xml",
                    "from": {
                        "startLines": "4",
                        "startColumns": "0",
                        "startOffsets": "287",
                        "endColumns": "219",
                        "endOffsets": "506"
                    },
                    "to": {
                        "startLines": "29",
                        "startColumns": "4",
                        "startOffsets": "3352",
                        "endColumns": "219",
                        "endOffsets": "3567"
                    }
                },
                {
                    "source": "C:\\Users\\Daniel\\.gradle\\caches\\transforms-1\\files-1.1\\appcompat-v7-26.1.0.aar\\1f600b1218903c988bc8afd8c35bad62\\res\\values-fr-rCA\\values-fr-rCA.xml",
                    "from": {
                        "startLines": "2,3,4,5,6,7,8,9,10,11,12,13,14,15,16,17,18,19,20,21,22",
                        "startColumns": "4,4,4,4,4,4,4,4,4,4,4,4,4,4,4,4,4,4,4,4,4",
                        "startOffsets": "55,166,274,397,512,623,710,826,956,1039,1119,1215,1325,1437,1540,1651,1758,1860,1982,2081,2167",
                        "endColumns": "110,107,122,114,110,86,115,129,82,79,95,109,111,102,110,106,101,121,98,85,100",
                        "endOffsets": "161,269,392,507,618,705,821,951,1034,1114,1210,1320,1432,1535,1646,1753,1855,1977,2076,2162,2263"
                    },
                    "to": {
                        "startLines": "2,3,4,5,6,7,8,9,10,11,12,13,14,15,16,17,18,19,20,39,40",
                        "startColumns": "4,4,4,4,4,4,4,4,4,4,4,4,4,4,4,4,4,4,4,4,4",
                        "startOffsets": "105,216,324,447,562,673,760,876,1006,1089,1169,1265,1375,1487,1590,1701,1808,1910,2032,5032,5118",
                        "endColumns": "110,107,122,114,110,86,115,129,82,79,95,109,111,102,110,106,101,121,98,85,100",
                        "endOffsets": "211,319,442,557,668,755,871,1001,1084,1164,1260,1370,1482,1585,1696,1803,1905,2027,2126,5113,5214"
                    }
                },
                {
                    "source": "C:\\Users\\Daniel\\.gradle\\caches\\transforms-1\\files-1.1\\play-services-base-11.8.0.aar\\aee9d84feeba86acb0e68eb689ed1b20\\res\\values-fr-rCA\\values.xml",
                    "from": {
                        "startLines": "4,5,6,7,8,9,10,11,12,13,14,15,16,17,18,19,20",
                        "startColumns": "0,0,0,0,0,0,0,0,0,0,0,0,0,0,0,0,0",
                        "startOffsets": "285,389,601,729,836,1066,1197,1344,1482,1736,1846,2062,2196,2415,2620,2719,2809",
                        "endColumns": "103,211,127,106,229,130,146,137,253,109,215,133,218,204,98,89,108",
                        "endOffsets": "388,600,728,835,1065,1196,1343,1481,1735,1845,2061,2195,2414,2619,2718,2808,2917"
                    },
                    "to": {
                        "startLines": "21,22,23,24,25,26,27,28,30,31,32,33,34,35,36,37,38",
                        "startColumns": "4,4,4,4,4,4,4,4,4,4,4,4,4,4,4,4,4",
                        "startOffsets": "2131,2239,2451,2583,2694,2924,3059,3210,3572,3826,3940,4156,4294,4513,4722,4825,4919",
                        "endColumns": "107,211,131,110,229,134,150,141,253,113,215,137,218,208,102,93,112",
                        "endOffsets": "2234,2446,2578,2689,2919,3054,3205,3347,3821,3935,4151,4289,4508,4717,4820,4914,5027"
                    }
                }
            ]
        },
        {
            "outputFile": "C:\\Users\\rache\\AndroidStudioProjects\\SoftwareSpecifications\\app\\build\\intermediates\\incremental\\mergeDebugResources\\merged.dir\\values-fr-rCA\\values-fr-rCA.xml",
            "map": [
                {
                    "source": "C:\\Users\\rache\\.gradle\\caches\\transforms-1\\files-1.1\\appcompat-v7-26.1.0.aar\\090f1e383135fa7a576715b6cc6d265b\\res\\values-fr-rCA\\values-fr-rCA.xml",
                    "from": {
                        "startLines": "2,3,4,5,6,7,8,9,10,11,12,13,14,15,16,17,18,19,20,21,22",
                        "startColumns": "4,4,4,4,4,4,4,4,4,4,4,4,4,4,4,4,4,4,4,4,4",
                        "startOffsets": "55,166,274,397,512,623,710,826,956,1039,1119,1215,1325,1437,1540,1651,1758,1860,1982,2081,2167",
                        "endColumns": "110,107,122,114,110,86,115,129,82,79,95,109,111,102,110,106,101,121,98,85,100",
                        "endOffsets": "161,269,392,507,618,705,821,951,1034,1114,1210,1320,1432,1535,1646,1753,1855,1977,2076,2162,2263"
                    },
                    "to": {
                        "startLines": "2,3,4,5,6,7,8,9,10,11,12,13,14,15,16,17,18,19,20,39,40",
                        "startColumns": "4,4,4,4,4,4,4,4,4,4,4,4,4,4,4,4,4,4,4,4,4",
                        "startOffsets": "105,216,324,447,562,673,760,876,1006,1089,1169,1265,1375,1487,1590,1701,1808,1910,2032,5032,5118",
                        "endColumns": "110,107,122,114,110,86,115,129,82,79,95,109,111,102,110,106,101,121,98,85,100",
                        "endOffsets": "211,319,442,557,668,755,871,1001,1084,1164,1260,1370,1482,1585,1696,1803,1905,2027,2126,5113,5214"
                    }
                },
                {
                    "source": "C:\\Users\\rache\\.gradle\\caches\\transforms-1\\files-1.1\\play-services-base-11.8.0.aar\\f2632959cf334c052a45ac2e6c89af48\\res\\values-fr-rCA\\values.xml",
                    "from": {
                        "startLines": "4,5,6,7,8,9,10,11,12,13,14,15,16,17,18,19,20",
                        "startColumns": "0,0,0,0,0,0,0,0,0,0,0,0,0,0,0,0,0",
                        "startOffsets": "285,389,601,729,836,1066,1197,1344,1482,1736,1846,2062,2196,2415,2620,2719,2809",
                        "endColumns": "103,211,127,106,229,130,146,137,253,109,215,133,218,204,98,89,108",
                        "endOffsets": "388,600,728,835,1065,1196,1343,1481,1735,1845,2061,2195,2414,2619,2718,2808,2917"
                    },
                    "to": {
                        "startLines": "21,22,23,24,25,26,27,28,30,31,32,33,34,35,36,37,38",
                        "startColumns": "4,4,4,4,4,4,4,4,4,4,4,4,4,4,4,4,4",
                        "startOffsets": "2131,2239,2451,2583,2694,2924,3059,3210,3572,3826,3940,4156,4294,4513,4722,4825,4919",
                        "endColumns": "107,211,131,110,229,134,150,141,253,113,215,137,218,208,102,93,112",
                        "endOffsets": "2234,2446,2578,2689,2919,3054,3205,3347,3821,3935,4151,4289,4508,4717,4820,4914,5027"
                    }
                },
                {
                    "source": "C:\\Users\\rache\\.gradle\\caches\\transforms-1\\files-1.1\\play-services-basement-11.8.0.aar\\4156095f54a5b056d692bcb2b851cc07\\res\\values-fr-rCA\\values.xml",
                    "from": {
                        "startLines": "4",
                        "startColumns": "0",
                        "startOffsets": "287",
                        "endColumns": "219",
                        "endOffsets": "506"
                    },
                    "to": {
                        "startLines": "29",
                        "startColumns": "4",
                        "startOffsets": "3352",
                        "endColumns": "219",
                        "endOffsets": "3567"
                    }
                }
            ]
        }
    ]
}