{
    "logs": [
        {
            "outputFile": "C:\\Users\\rache\\AndroidStudioProjects\\SoftwareSpecifications\\app\\build\\intermediates\\incremental\\mergeDebugResources\\merged.dir\\values-pl\\values-pl.xml",
            "map": [
                {
                    "source": "C:\\Users\\rache\\.gradle\\caches\\transforms-1\\files-1.1\\appcompat-v7-26.1.0.aar\\090f1e383135fa7a576715b6cc6d265b\\res\\values-pl\\values-pl.xml",
                    "from": {
                        "startLines": "2,3,4,5,6,7,8,9,10,11,12,13,14,15,16,17,18,19,20,21,22",
                        "startColumns": "4,4,4,4,4,4,4,4,4,4,4,4,4,4,4,4,4,4,4,4,4",
                        "startOffsets": "55,171,279,402,504,612,698,807,926,1004,1081,1163,1272,1381,1480,1589,1700,1808,1931,2027,2109",
                        "endColumns": "115,107,122,101,107,85,108,118,77,76,81,108,108,98,108,110,107,122,95,81,100",
                        "endOffsets": "166,274,397,499,607,693,802,921,999,1076,1158,1267,1376,1475,1584,1695,1803,1926,2022,2104,2205"
                    },
                    "to": {
                        "startLines": "2,3,4,5,6,7,8,9,10,11,12,13,14,15,16,17,18,19,20,39,40",
                        "startColumns": "4,4,4,4,4,4,4,4,4,4,4,4,4,4,4,4,4,4,4,4,4",
                        "startOffsets": "105,221,329,452,554,662,748,857,976,1054,1131,1213,1322,1431,1530,1639,1750,1858,1981,4818,4900",
                        "endColumns": "115,107,122,101,107,85,108,118,77,76,81,108,108,98,108,110,107,122,95,81,100",
                        "endOffsets": "216,324,447,549,657,743,852,971,1049,1126,1208,1317,1426,1525,1634,1745,1853,1976,2072,4895,4996"
                    }
                },
                {
                    "source": "C:\\Users\\rache\\.gradle\\caches\\transforms-1\\files-1.1\\play-services-base-11.8.0.aar\\f2632959cf334c052a45ac2e6c89af48\\res\\values-pl\\values.xml",
                    "from": {
                        "startLines": "4,5,6,7,8,9,10,11,12,13,14,15,16,17,18,19,20",
                        "startColumns": "0,0,0,0,0,0,0,0,0,0,0,0,0,0,0,0,0",
                        "startOffsets": "281,383,583,703,811,1021,1144,1281,1405,1635,1742,1948,2074,2292,2479,2574,2666",
                        "endColumns": "101,199,119,107,209,122,136,123,229,106,205,125,217,186,94,91,108",
                        "endOffsets": "382,582,702,810,1020,1143,1280,1404,1634,1741,1947,2073,2291,2478,2573,2665,2774"
                    },
                    "to": {
                        "startLines": "21,22,23,24,25,26,27,28,30,31,32,33,34,35,36,37,38",
                        "startColumns": "4,4,4,4,4,4,4,4,4,4,4,4,4,4,4,4,4",
                        "startOffsets": "2077,2183,2383,2507,2619,2829,2956,3097,3424,3654,3765,3971,4101,4319,4510,4609,4705",
                        "endColumns": "105,199,123,111,209,126,140,127,229,110,205,129,217,190,98,95,112",
                        "endOffsets": "2178,2378,2502,2614,2824,2951,3092,3220,3649,3760,3966,4096,4314,4505,4604,4700,4813"
                    }
                },
                {
                    "source": "C:\\Users\\rache\\.gradle\\caches\\transforms-1\\files-1.1\\play-services-basement-11.8.0.aar\\4156095f54a5b056d692bcb2b851cc07\\res\\values-pl\\values.xml",
                    "from": {
                        "startLines": "4",
                        "startColumns": "0",
                        "startOffsets": "283",
                        "endColumns": "198",
                        "endOffsets": "481"
                    },
                    "to": {
                        "startLines": "29",
                        "startColumns": "4",
                        "startOffsets": "3225",
                        "endColumns": "198",
                        "endOffsets": "3419"
                    }
                }
            ]
        },
        {
            "outputFile": "C:\\Users\\Daniel\\AndroidStudioProjects\\SoftwareSpecifications\\app\\build\\intermediates\\incremental\\mergeDebugResources\\merged.dir\\values-pl\\values-pl.xml",
            "map": [
                {
                    "source": "C:\\Users\\Daniel\\.gradle\\caches\\transforms-1\\files-1.1\\play-services-base-11.8.0.aar\\aee9d84feeba86acb0e68eb689ed1b20\\res\\values-pl\\values.xml",
                    "from": {
                        "startLines": "4,5,6,7,8,9,10,11,12,13,14,15,16,17,18,19,20",
                        "startColumns": "0,0,0,0,0,0,0,0,0,0,0,0,0,0,0,0,0",
                        "startOffsets": "281,383,583,703,811,1021,1144,1281,1405,1635,1742,1948,2074,2292,2479,2574,2666",
                        "endColumns": "101,199,119,107,209,122,136,123,229,106,205,125,217,186,94,91,108",
                        "endOffsets": "382,582,702,810,1020,1143,1280,1404,1634,1741,1947,2073,2291,2478,2573,2665,2774"
                    },
                    "to": {
                        "startLines": "21,22,23,24,25,26,27,28,30,31,32,33,34,35,36,37,38",
                        "startColumns": "4,4,4,4,4,4,4,4,4,4,4,4,4,4,4,4,4",
                        "startOffsets": "2077,2183,2383,2507,2619,2829,2956,3097,3424,3654,3765,3971,4101,4319,4510,4609,4705",
                        "endColumns": "105,199,123,111,209,126,140,127,229,110,205,129,217,190,98,95,112",
                        "endOffsets": "2178,2378,2502,2614,2824,2951,3092,3220,3649,3760,3966,4096,4314,4505,4604,4700,4813"
                    }
                },
                {
                    "source": "C:\\Users\\Daniel\\.gradle\\caches\\transforms-1\\files-1.1\\appcompat-v7-26.1.0.aar\\1f600b1218903c988bc8afd8c35bad62\\res\\values-pl\\values-pl.xml",
                    "from": {
                        "startLines": "2,3,4,5,6,7,8,9,10,11,12,13,14,15,16,17,18,19,20,21,22",
                        "startColumns": "4,4,4,4,4,4,4,4,4,4,4,4,4,4,4,4,4,4,4,4,4",
                        "startOffsets": "55,171,279,402,504,612,698,807,926,1004,1081,1163,1272,1381,1480,1589,1700,1808,1931,2027,2109",
                        "endColumns": "115,107,122,101,107,85,108,118,77,76,81,108,108,98,108,110,107,122,95,81,100",
                        "endOffsets": "166,274,397,499,607,693,802,921,999,1076,1158,1267,1376,1475,1584,1695,1803,1926,2022,2104,2205"
                    },
                    "to": {
                        "startLines": "2,3,4,5,6,7,8,9,10,11,12,13,14,15,16,17,18,19,20,39,40",
                        "startColumns": "4,4,4,4,4,4,4,4,4,4,4,4,4,4,4,4,4,4,4,4,4",
                        "startOffsets": "105,221,329,452,554,662,748,857,976,1054,1131,1213,1322,1431,1530,1639,1750,1858,1981,4818,4900",
                        "endColumns": "115,107,122,101,107,85,108,118,77,76,81,108,108,98,108,110,107,122,95,81,100",
                        "endOffsets": "216,324,447,549,657,743,852,971,1049,1126,1208,1317,1426,1525,1634,1745,1853,1976,2072,4895,4996"
                    }
                },
                {
                    "source": "C:\\Users\\Daniel\\.gradle\\caches\\transforms-1\\files-1.1\\play-services-basement-11.8.0.aar\\b0e8a5874481ea38051cd2d8a9724518\\res\\values-pl\\values.xml",
                    "from": {
                        "startLines": "4",
                        "startColumns": "0",
                        "startOffsets": "283",
                        "endColumns": "198",
                        "endOffsets": "481"
                    },
                    "to": {
                        "startLines": "29",
                        "startColumns": "4",
                        "startOffsets": "3225",
                        "endColumns": "198",
                        "endOffsets": "3419"
                    }
                }
            ]
        }
    ]
}