{
    "logs": [
        {
            "outputFile": "C:\\Users\\Daniel\\AndroidStudioProjects\\SoftwareSpecifications\\app\\build\\intermediates\\incremental\\mergeDebugResources\\merged.dir\\values-kn\\values-kn.xml",
            "map": [
                {
                    "source": "C:\\Users\\Daniel\\.gradle\\caches\\transforms-1\\files-1.1\\appcompat-v7-26.1.0.aar\\1f600b1218903c988bc8afd8c35bad62\\res\\values-kn\\values-kn.xml",
                    "from": {
                        "startLines": "2,3,4,5,6,7,8,9,10,11,12,13,14,15,16,17,18,19,20,21,22",
                        "startColumns": "4,4,4,4,4,4,4,4,4,4,4,4,4,4,4,4,4,4,4,4,4",
                        "startOffsets": "55,173,281,404,516,629,717,824,951,1028,1105,1187,1303,1414,1513,1626,1730,1844,1970,2070,2152",
                        "endColumns": "117,107,122,111,112,87,106,126,76,76,81,115,110,98,112,103,113,125,99,81,100",
                        "endOffsets": "168,276,399,511,624,712,819,946,1023,1100,1182,1298,1409,1508,1621,1725,1839,1965,2065,2147,2248"
                    },
                    "to": {
                        "startLines": "2,3,4,5,6,7,8,9,10,11,12,13,14,15,16,17,18,19,20,39,40",
                        "startColumns": "4,4,4,4,4,4,4,4,4,4,4,4,4,4,4,4,4,4,4,4,4",
                        "startOffsets": "105,223,331,454,566,679,767,874,1001,1078,1155,1237,1353,1464,1563,1676,1780,1894,2020,4840,4922",
                        "endColumns": "117,107,122,111,112,87,106,126,76,76,81,115,110,98,112,103,113,125,99,81,100",
                        "endOffsets": "218,326,449,561,674,762,869,996,1073,1150,1232,1348,1459,1558,1671,1775,1889,2015,2115,4917,5018"
                    }
                },
                {
                    "source": "C:\\Users\\Daniel\\.gradle\\caches\\transforms-1\\files-1.1\\play-services-basement-11.8.0.aar\\b0e8a5874481ea38051cd2d8a9724518\\res\\values-kn\\values.xml",
                    "from": {
                        "startLines": "4",
                        "startColumns": "0",
                        "startOffsets": "283",
                        "endColumns": "204",
                        "endOffsets": "487"
                    },
                    "to": {
                        "startLines": "29",
                        "startColumns": "4",
                        "startOffsets": "3286",
                        "endColumns": "204",
                        "endOffsets": "3486"
                    }
                },
                {
                    "source": "C:\\Users\\Daniel\\.gradle\\caches\\transforms-1\\files-1.1\\play-services-base-11.8.0.aar\\aee9d84feeba86acb0e68eb689ed1b20\\res\\values-kn\\values.xml",
                    "from": {
                        "startLines": "4,5,6,7,8,9,10,11,12,13,14,15,16,17,18,19,20",
                        "startColumns": "0,0,0,0,0,0,0,0,0,0,0,0,0,0,0,0,0",
                        "startOffsets": "281,390,592,723,836,1038,1165,1299,1423,1632,1743,1934,2067,2271,2454,2549,2638",
                        "endColumns": "108,201,130,112,201,126,133,123,208,110,190,132,203,182,94,88,109",
                        "endOffsets": "389,591,722,835,1037,1164,1298,1422,1631,1742,1933,2066,2270,2453,2548,2637,2747"
                    },
                    "to": {
                        "startLines": "21,22,23,24,25,26,27,28,30,31,32,33,34,35,36,37,38",
                        "startColumns": "4,4,4,4,4,4,4,4,4,4,4,4,4,4,4,4,4",
                        "startOffsets": "2120,2233,2435,2570,2687,2889,3020,3158,3491,3700,3815,4006,4143,4347,4534,4633,4726",
                        "endColumns": "112,201,134,116,201,130,137,127,208,114,190,136,203,186,98,92,113",
                        "endOffsets": "2228,2430,2565,2682,2884,3015,3153,3281,3695,3810,4001,4138,4342,4529,4628,4721,4835"
                    }
                }
            ]
        },
        {
            "outputFile": "C:\\Users\\rache\\AndroidStudioProjects\\SoftwareSpecifications\\app\\build\\intermediates\\incremental\\mergeDebugResources\\merged.dir\\values-kn\\values-kn.xml",
            "map": [
                {
                    "source": "C:\\Users\\rache\\.gradle\\caches\\transforms-1\\files-1.1\\appcompat-v7-26.1.0.aar\\090f1e383135fa7a576715b6cc6d265b\\res\\values-kn\\values-kn.xml",
                    "from": {
                        "startLines": "2,3,4,5,6,7,8,9,10,11,12,13,14,15,16,17,18,19,20,21,22",
                        "startColumns": "4,4,4,4,4,4,4,4,4,4,4,4,4,4,4,4,4,4,4,4,4",
                        "startOffsets": "55,173,281,404,516,629,717,824,951,1028,1105,1187,1303,1414,1513,1626,1730,1844,1970,2070,2152",
                        "endColumns": "117,107,122,111,112,87,106,126,76,76,81,115,110,98,112,103,113,125,99,81,100",
                        "endOffsets": "168,276,399,511,624,712,819,946,1023,1100,1182,1298,1409,1508,1621,1725,1839,1965,2065,2147,2248"
                    },
                    "to": {
                        "startLines": "2,3,4,5,6,7,8,9,10,11,12,13,14,15,16,17,18,19,20,39,40",
                        "startColumns": "4,4,4,4,4,4,4,4,4,4,4,4,4,4,4,4,4,4,4,4,4",
                        "startOffsets": "105,223,331,454,566,679,767,874,1001,1078,1155,1237,1353,1464,1563,1676,1780,1894,2020,4840,4922",
                        "endColumns": "117,107,122,111,112,87,106,126,76,76,81,115,110,98,112,103,113,125,99,81,100",
                        "endOffsets": "218,326,449,561,674,762,869,996,1073,1150,1232,1348,1459,1558,1671,1775,1889,2015,2115,4917,5018"
                    }
                },
                {
                    "source": "C:\\Users\\rache\\.gradle\\caches\\transforms-1\\files-1.1\\play-services-basement-11.8.0.aar\\4156095f54a5b056d692bcb2b851cc07\\res\\values-kn\\values.xml",
                    "from": {
                        "startLines": "4",
                        "startColumns": "0",
                        "startOffsets": "283",
                        "endColumns": "204",
                        "endOffsets": "487"
                    },
                    "to": {
                        "startLines": "29",
                        "startColumns": "4",
                        "startOffsets": "3286",
                        "endColumns": "204",
                        "endOffsets": "3486"
                    }
                },
                {
                    "source": "C:\\Users\\rache\\.gradle\\caches\\transforms-1\\files-1.1\\play-services-base-11.8.0.aar\\f2632959cf334c052a45ac2e6c89af48\\res\\values-kn\\values.xml",
                    "from": {
                        "startLines": "4,5,6,7,8,9,10,11,12,13,14,15,16,17,18,19,20",
                        "startColumns": "0,0,0,0,0,0,0,0,0,0,0,0,0,0,0,0,0",
                        "startOffsets": "281,390,592,723,836,1038,1165,1299,1423,1632,1743,1934,2067,2271,2454,2549,2638",
                        "endColumns": "108,201,130,112,201,126,133,123,208,110,190,132,203,182,94,88,109",
                        "endOffsets": "389,591,722,835,1037,1164,1298,1422,1631,1742,1933,2066,2270,2453,2548,2637,2747"
                    },
                    "to": {
                        "startLines": "21,22,23,24,25,26,27,28,30,31,32,33,34,35,36,37,38",
                        "startColumns": "4,4,4,4,4,4,4,4,4,4,4,4,4,4,4,4,4",
                        "startOffsets": "2120,2233,2435,2570,2687,2889,3020,3158,3491,3700,3815,4006,4143,4347,4534,4633,4726",
                        "endColumns": "112,201,134,116,201,130,137,127,208,114,190,136,203,186,98,92,113",
                        "endOffsets": "2228,2430,2565,2682,2884,3015,3153,3281,3695,3810,4001,4138,4342,4529,4628,4721,4835"
                    }
                }
            ]
        }
    ]
}