{
    "logs": [
        {
            "outputFile": "C:\\Users\\Daniel\\AndroidStudioProjects\\SoftwareSpecifications\\app\\build\\intermediates\\incremental\\mergeDebugResources\\merged.dir\\values-gu\\values-gu.xml",
            "map": [
                {
                    "source": "C:\\Users\\Daniel\\.gradle\\caches\\transforms-1\\files-1.1\\play-services-basement-11.8.0.aar\\b0e8a5874481ea38051cd2d8a9724518\\res\\values-gu\\values.xml",
                    "from": {
                        "startLines": "4",
                        "startColumns": "0",
                        "startOffsets": "283",
                        "endColumns": "205",
                        "endOffsets": "488"
                    },
                    "to": {
                        "startLines": "29",
                        "startColumns": "4",
                        "startOffsets": "3189",
                        "endColumns": "205",
                        "endOffsets": "3390"
                    }
                },
                {
                    "source": "C:\\Users\\Daniel\\.gradle\\caches\\transforms-1\\files-1.1\\play-services-base-11.8.0.aar\\aee9d84feeba86acb0e68eb689ed1b20\\res\\values-gu\\values.xml",
                    "from": {
                        "startLines": "4,5,6,7,8,9,10,11,12,13,14,15,16,17,18,19,20",
                        "startColumns": "0,0,0,0,0,0,0,0,0,0,0,0,0,0,0,0,0",
                        "startOffsets": "281,387,585,708,818,1015,1135,1272,1397,1604,1710,1905,2028,2230,2406,2493,2585",
                        "endColumns": "105,197,122,109,196,119,136,124,206,105,194,122,201,175,86,91,106",
                        "endOffsets": "386,584,707,817,1014,1134,1271,1396,1603,1709,1904,2027,2229,2405,2492,2584,2691"
                    },
                    "to": {
                        "startLines": "21,22,23,24,25,26,27,28,30,31,32,33,34,35,36,37,38",
                        "startColumns": "4,4,4,4,4,4,4,4,4,4,4,4,4,4,4,4,4",
                        "startOffsets": "2049,2159,2357,2484,2598,2795,2919,3060,3395,3602,3712,3907,4034,4236,4416,4507,4603",
                        "endColumns": "109,197,126,113,196,123,140,128,206,109,194,126,201,179,90,95,110",
                        "endOffsets": "2154,2352,2479,2593,2790,2914,3055,3184,3597,3707,3902,4029,4231,4411,4502,4598,4709"
                    }
                },
                {
                    "source": "C:\\Users\\Daniel\\.gradle\\caches\\transforms-1\\files-1.1\\appcompat-v7-26.1.0.aar\\1f600b1218903c988bc8afd8c35bad62\\res\\values-gu\\values-gu.xml",
                    "from": {
                        "startLines": "2,3,4,5,6,7,8,9,10,11,12,13,14,15,16,17,18,19,20,21,22",
                        "startColumns": "4,4,4,4,4,4,4,4,4,4,4,4,4,4,4,4,4,4,4,4,4",
                        "startOffsets": "55,164,272,395,499,606,693,794,917,994,1072,1152,1258,1360,1457,1566,1665,1775,1896,1999,2079",
                        "endColumns": "108,107,122,103,106,86,100,122,76,77,79,105,101,96,108,98,109,120,102,79,100",
                        "endOffsets": "159,267,390,494,601,688,789,912,989,1067,1147,1253,1355,1452,1561,1660,1770,1891,1994,2074,2175"
                    },
                    "to": {
                        "startLines": "2,3,4,5,6,7,8,9,10,11,12,13,14,15,16,17,18,19,20,39,40",
                        "startColumns": "4,4,4,4,4,4,4,4,4,4,4,4,4,4,4,4,4,4,4,4,4",
                        "startOffsets": "105,214,322,445,549,656,743,844,967,1044,1122,1202,1308,1410,1507,1616,1715,1825,1946,4714,4794",
                        "endColumns": "108,107,122,103,106,86,100,122,76,77,79,105,101,96,108,98,109,120,102,79,100",
                        "endOffsets": "209,317,440,544,651,738,839,962,1039,1117,1197,1303,1405,1502,1611,1710,1820,1941,2044,4789,4890"
                    }
                }
            ]
        },
        {
            "outputFile": "C:\\Users\\rache\\AndroidStudioProjects\\SoftwareSpecifications\\app\\build\\intermediates\\incremental\\mergeDebugResources\\merged.dir\\values-gu\\values-gu.xml",
            "map": [
                {
                    "source": "C:\\Users\\rache\\.gradle\\caches\\transforms-1\\files-1.1\\play-services-base-11.8.0.aar\\f2632959cf334c052a45ac2e6c89af48\\res\\values-gu\\values.xml",
                    "from": {
                        "startLines": "4,5,6,7,8,9,10,11,12,13,14,15,16,17,18,19,20",
                        "startColumns": "0,0,0,0,0,0,0,0,0,0,0,0,0,0,0,0,0",
                        "startOffsets": "281,387,585,708,818,1015,1135,1272,1397,1604,1710,1905,2028,2230,2406,2493,2585",
                        "endColumns": "105,197,122,109,196,119,136,124,206,105,194,122,201,175,86,91,106",
                        "endOffsets": "386,584,707,817,1014,1134,1271,1396,1603,1709,1904,2027,2229,2405,2492,2584,2691"
                    },
                    "to": {
                        "startLines": "21,22,23,24,25,26,27,28,30,31,32,33,34,35,36,37,38",
                        "startColumns": "4,4,4,4,4,4,4,4,4,4,4,4,4,4,4,4,4",
                        "startOffsets": "2049,2159,2357,2484,2598,2795,2919,3060,3395,3602,3712,3907,4034,4236,4416,4507,4603",
                        "endColumns": "109,197,126,113,196,123,140,128,206,109,194,126,201,179,90,95,110",
                        "endOffsets": "2154,2352,2479,2593,2790,2914,3055,3184,3597,3707,3902,4029,4231,4411,4502,4598,4709"
                    }
                },
                {
                    "source": "C:\\Users\\rache\\.gradle\\caches\\transforms-1\\files-1.1\\play-services-basement-11.8.0.aar\\4156095f54a5b056d692bcb2b851cc07\\res\\values-gu\\values.xml",
                    "from": {
                        "startLines": "4",
                        "startColumns": "0",
                        "startOffsets": "283",
                        "endColumns": "205",
                        "endOffsets": "488"
                    },
                    "to": {
                        "startLines": "29",
                        "startColumns": "4",
                        "startOffsets": "3189",
                        "endColumns": "205",
                        "endOffsets": "3390"
                    }
                },
                {
                    "source": "C:\\Users\\rache\\.gradle\\caches\\transforms-1\\files-1.1\\appcompat-v7-26.1.0.aar\\090f1e383135fa7a576715b6cc6d265b\\res\\values-gu\\values-gu.xml",
                    "from": {
                        "startLines": "2,3,4,5,6,7,8,9,10,11,12,13,14,15,16,17,18,19,20,21,22",
                        "startColumns": "4,4,4,4,4,4,4,4,4,4,4,4,4,4,4,4,4,4,4,4,4",
                        "startOffsets": "55,164,272,395,499,606,693,794,917,994,1072,1152,1258,1360,1457,1566,1665,1775,1896,1999,2079",
                        "endColumns": "108,107,122,103,106,86,100,122,76,77,79,105,101,96,108,98,109,120,102,79,100",
                        "endOffsets": "159,267,390,494,601,688,789,912,989,1067,1147,1253,1355,1452,1561,1660,1770,1891,1994,2074,2175"
                    },
                    "to": {
                        "startLines": "2,3,4,5,6,7,8,9,10,11,12,13,14,15,16,17,18,19,20,39,40",
                        "startColumns": "4,4,4,4,4,4,4,4,4,4,4,4,4,4,4,4,4,4,4,4,4",
                        "startOffsets": "105,214,322,445,549,656,743,844,967,1044,1122,1202,1308,1410,1507,1616,1715,1825,1946,4714,4794",
                        "endColumns": "108,107,122,103,106,86,100,122,76,77,79,105,101,96,108,98,109,120,102,79,100",
                        "endOffsets": "209,317,440,544,651,738,839,962,1039,1117,1197,1303,1405,1502,1611,1710,1820,1941,2044,4789,4890"
                    }
                }
            ]
        }
    ]
}