{
    "logs": [
        {
            "outputFile": "C:\\Users\\Daniel\\AndroidStudioProjects\\SoftwareSpecifications\\app\\build\\intermediates\\incremental\\mergeDebugResources\\merged.dir\\values-uz\\values-uz.xml",
            "map": [
                {
                    "source": "C:\\Users\\Daniel\\.gradle\\caches\\transforms-1\\files-1.1\\play-services-basement-11.8.0.aar\\b0e8a5874481ea38051cd2d8a9724518\\res\\values-uz\\values.xml",
                    "from": {
                        "startLines": "4",
                        "startColumns": "0",
                        "startOffsets": "283",
                        "endColumns": "208",
                        "endOffsets": "491"
                    },
                    "to": {
                        "startLines": "29",
                        "startColumns": "4",
                        "startOffsets": "3230",
                        "endColumns": "208",
                        "endOffsets": "3434"
                    }
                },
                {
                    "source": "C:\\Users\\Daniel\\.gradle\\caches\\transforms-1\\files-1.1\\appcompat-v7-26.1.0.aar\\1f600b1218903c988bc8afd8c35bad62\\res\\values-uz\\values-uz.xml",
                    "from": {
                        "startLines": "2,3,4,5,6,7,8,9,10,11,12,13,14,15,16,17,18,19,20,21,22",
                        "startColumns": "4,4,4,4,4,4,4,4,4,4,4,4,4,4,4,4,4,4,4,4,4",
                        "startOffsets": "55,160,268,391,495,609,695,806,922,1002,1081,1165,1274,1381,1482,1590,1695,1802,1926,2025,2109",
                        "endColumns": "104,107,122,103,113,85,110,115,79,78,83,108,106,100,107,104,106,123,98,83,100",
                        "endOffsets": "155,263,386,490,604,690,801,917,997,1076,1160,1269,1376,1477,1585,1690,1797,1921,2020,2104,2205"
                    },
                    "to": {
                        "startLines": "2,3,4,5,6,7,8,9,10,11,12,13,14,15,16,17,18,19,20,39,40",
                        "startColumns": "4,4,4,4,4,4,4,4,4,4,4,4,4,4,4,4,4,4,4,4,4",
                        "startOffsets": "105,210,318,441,545,659,745,856,972,1052,1131,1215,1324,1431,1532,1640,1745,1852,1976,4805,4889",
                        "endColumns": "104,107,122,103,113,85,110,115,79,78,83,108,106,100,107,104,106,123,98,83,100",
                        "endOffsets": "205,313,436,540,654,740,851,967,1047,1126,1210,1319,1426,1527,1635,1740,1847,1971,2070,4884,4985"
                    }
                },
                {
                    "source": "C:\\Users\\Daniel\\.gradle\\caches\\transforms-1\\files-1.1\\play-services-base-11.8.0.aar\\aee9d84feeba86acb0e68eb689ed1b20\\res\\values-uz\\values.xml",
                    "from": {
                        "startLines": "4,5,6,7,8,9,10,11,12,13,14,15,16,17,18,19,20",
                        "startColumns": "0,0,0,0,0,0,0,0,0,0,0,0,0,0,0,0,0",
                        "startOffsets": "281,384,566,693,800,1004,1135,1281,1412,1643,1749,1939,2069,2282,2470,2562,2649",
                        "endColumns": "102,181,126,106,203,130,145,130,230,105,189,129,212,187,91,86,104",
                        "endOffsets": "383,565,692,799,1003,1134,1280,1411,1642,1748,1938,2068,2281,2469,2561,2648,2753"
                    },
                    "to": {
                        "startLines": "21,22,23,24,25,26,27,28,30,31,32,33,34,35,36,37,38",
                        "startColumns": "4,4,4,4,4,4,4,4,4,4,4,4,4,4,4,4,4",
                        "startOffsets": "2075,2182,2364,2495,2606,2810,2945,3095,3439,3670,3780,3970,4104,4317,4509,4605,4696",
                        "endColumns": "106,181,130,110,203,134,149,134,230,109,189,133,212,191,95,90,108",
                        "endOffsets": "2177,2359,2490,2601,2805,2940,3090,3225,3665,3775,3965,4099,4312,4504,4600,4691,4800"
                    }
                }
            ]
        },
        {
            "outputFile": "C:\\Users\\rache\\AndroidStudioProjects\\SoftwareSpecifications\\app\\build\\intermediates\\incremental\\mergeDebugResources\\merged.dir\\values-uz\\values-uz.xml",
            "map": [
                {
                    "source": "C:\\Users\\rache\\.gradle\\caches\\transforms-1\\files-1.1\\play-services-base-11.8.0.aar\\f2632959cf334c052a45ac2e6c89af48\\res\\values-uz\\values.xml",
                    "from": {
                        "startLines": "4,5,6,7,8,9,10,11,12,13,14,15,16,17,18,19,20",
                        "startColumns": "0,0,0,0,0,0,0,0,0,0,0,0,0,0,0,0,0",
                        "startOffsets": "281,384,566,693,800,1004,1135,1281,1412,1643,1749,1939,2069,2282,2470,2562,2649",
                        "endColumns": "102,181,126,106,203,130,145,130,230,105,189,129,212,187,91,86,104",
                        "endOffsets": "383,565,692,799,1003,1134,1280,1411,1642,1748,1938,2068,2281,2469,2561,2648,2753"
                    },
                    "to": {
                        "startLines": "21,22,23,24,25,26,27,28,30,31,32,33,34,35,36,37,38",
                        "startColumns": "4,4,4,4,4,4,4,4,4,4,4,4,4,4,4,4,4",
                        "startOffsets": "2075,2182,2364,2495,2606,2810,2945,3095,3439,3670,3780,3970,4104,4317,4509,4605,4696",
                        "endColumns": "106,181,130,110,203,134,149,134,230,109,189,133,212,191,95,90,108",
                        "endOffsets": "2177,2359,2490,2601,2805,2940,3090,3225,3665,3775,3965,4099,4312,4504,4600,4691,4800"
                    }
                },
                {
                    "source": "C:\\Users\\rache\\.gradle\\caches\\transforms-1\\files-1.1\\play-services-basement-11.8.0.aar\\4156095f54a5b056d692bcb2b851cc07\\res\\values-uz\\values.xml",
                    "from": {
                        "startLines": "4",
                        "startColumns": "0",
                        "startOffsets": "283",
                        "endColumns": "208",
                        "endOffsets": "491"
                    },
                    "to": {
                        "startLines": "29",
                        "startColumns": "4",
                        "startOffsets": "3230",
                        "endColumns": "208",
                        "endOffsets": "3434"
                    }
                },
                {
                    "source": "C:\\Users\\rache\\.gradle\\caches\\transforms-1\\files-1.1\\appcompat-v7-26.1.0.aar\\090f1e383135fa7a576715b6cc6d265b\\res\\values-uz\\values-uz.xml",
                    "from": {
                        "startLines": "2,3,4,5,6,7,8,9,10,11,12,13,14,15,16,17,18,19,20,21,22",
                        "startColumns": "4,4,4,4,4,4,4,4,4,4,4,4,4,4,4,4,4,4,4,4,4",
                        "startOffsets": "55,160,268,391,495,609,695,806,922,1002,1081,1165,1274,1381,1482,1590,1695,1802,1926,2025,2109",
                        "endColumns": "104,107,122,103,113,85,110,115,79,78,83,108,106,100,107,104,106,123,98,83,100",
                        "endOffsets": "155,263,386,490,604,690,801,917,997,1076,1160,1269,1376,1477,1585,1690,1797,1921,2020,2104,2205"
                    },
                    "to": {
                        "startLines": "2,3,4,5,6,7,8,9,10,11,12,13,14,15,16,17,18,19,20,39,40",
                        "startColumns": "4,4,4,4,4,4,4,4,4,4,4,4,4,4,4,4,4,4,4,4,4",
                        "startOffsets": "105,210,318,441,545,659,745,856,972,1052,1131,1215,1324,1431,1532,1640,1745,1852,1976,4805,4889",
                        "endColumns": "104,107,122,103,113,85,110,115,79,78,83,108,106,100,107,104,106,123,98,83,100",
                        "endOffsets": "205,313,436,540,654,740,851,967,1047,1126,1210,1319,1426,1527,1635,1740,1847,1971,2070,4884,4985"
                    }
                }
            ]
        }
    ]
}