{
    "logs": [
        {
            "outputFile": "C:\\Users\\Daniel\\AndroidStudioProjects\\SoftwareSpecifications\\app\\build\\intermediates\\incremental\\mergeDebugResources\\merged.dir\\values-si\\values-si.xml",
            "map": [
                {
                    "source": "C:\\Users\\Daniel\\.gradle\\caches\\transforms-1\\files-1.1\\play-services-basement-11.8.0.aar\\b0e8a5874481ea38051cd2d8a9724518\\res\\values-si\\values.xml",
                    "from": {
                        "startLines": "4",
                        "startColumns": "0",
                        "startOffsets": "283",
                        "endColumns": "197",
                        "endOffsets": "480"
                    },
                    "to": {
                        "startLines": "29",
                        "startColumns": "4",
                        "startOffsets": "3213",
                        "endColumns": "197",
                        "endOffsets": "3406"
                    }
                },
                {
                    "source": "C:\\Users\\Daniel\\.gradle\\caches\\transforms-1\\files-1.1\\play-services-base-11.8.0.aar\\aee9d84feeba86acb0e68eb689ed1b20\\res\\values-si\\values.xml",
                    "from": {
                        "startLines": "4,5,6,7,8,9,10,11,12,13,14,15,16,17,18,19,20",
                        "startColumns": "0,0,0,0,0,0,0,0,0,0,0,0,0,0,0,0,0",
                        "startOffsets": "281,387,573,695,806,1007,1129,1271,1394,1604,1717,1904,2033,2236,2423,2522,2609",
                        "endColumns": "105,185,121,110,200,121,141,122,209,112,186,128,202,186,98,86,104",
                        "endOffsets": "386,572,694,805,1006,1128,1270,1393,1603,1716,1903,2032,2235,2422,2521,2608,2713"
                    },
                    "to": {
                        "startLines": "21,22,23,24,25,26,27,28,30,31,32,33,34,35,36,37,38",
                        "startColumns": "4,4,4,4,4,4,4,4,4,4,4,4,4,4,4,4,4",
                        "startOffsets": "2076,2186,2372,2498,2613,2814,2940,3086,3411,3621,3738,3925,4058,4261,4452,4555,4646",
                        "endColumns": "109,185,125,114,200,125,145,126,209,116,186,132,202,190,102,90,108",
                        "endOffsets": "2181,2367,2493,2608,2809,2935,3081,3208,3616,3733,3920,4053,4256,4447,4550,4641,4750"
                    }
                },
                {
                    "source": "C:\\Users\\Daniel\\.gradle\\caches\\transforms-1\\files-1.1\\appcompat-v7-26.1.0.aar\\1f600b1218903c988bc8afd8c35bad62\\res\\values-si\\values-si.xml",
                    "from": {
                        "startLines": "2,3,4,5,6,7,8,9,10,11,12,13,14,15,16,17,18,19,20,21,22",
                        "startColumns": "4,4,4,4,4,4,4,4,4,4,4,4,4,4,4,4,4,4,4,4,4",
                        "startOffsets": "55,165,273,396,503,610,698,803,919,1008,1095,1179,1288,1393,1491,1601,1700,1806,1927,2026,2108",
                        "endColumns": "109,107,122,106,106,87,104,115,88,86,83,108,104,97,109,98,105,120,98,81,100",
                        "endOffsets": "160,268,391,498,605,693,798,914,1003,1090,1174,1283,1388,1486,1596,1695,1801,1922,2021,2103,2204"
                    },
                    "to": {
                        "startLines": "2,3,4,5,6,7,8,9,10,11,12,13,14,15,16,17,18,19,20,39,40",
                        "startColumns": "4,4,4,4,4,4,4,4,4,4,4,4,4,4,4,4,4,4,4,4,4",
                        "startOffsets": "105,215,323,446,553,660,748,853,969,1058,1145,1229,1338,1443,1541,1651,1750,1856,1977,4755,4837",
                        "endColumns": "109,107,122,106,106,87,104,115,88,86,83,108,104,97,109,98,105,120,98,81,100",
                        "endOffsets": "210,318,441,548,655,743,848,964,1053,1140,1224,1333,1438,1536,1646,1745,1851,1972,2071,4832,4933"
                    }
                }
            ]
        },
        {
            "outputFile": "C:\\Users\\rache\\AndroidStudioProjects\\SoftwareSpecifications\\app\\build\\intermediates\\incremental\\mergeDebugResources\\merged.dir\\values-si\\values-si.xml",
            "map": [
                {
                    "source": "C:\\Users\\rache\\.gradle\\caches\\transforms-1\\files-1.1\\play-services-base-11.8.0.aar\\f2632959cf334c052a45ac2e6c89af48\\res\\values-si\\values.xml",
                    "from": {
                        "startLines": "4,5,6,7,8,9,10,11,12,13,14,15,16,17,18,19,20",
                        "startColumns": "0,0,0,0,0,0,0,0,0,0,0,0,0,0,0,0,0",
                        "startOffsets": "281,387,573,695,806,1007,1129,1271,1394,1604,1717,1904,2033,2236,2423,2522,2609",
                        "endColumns": "105,185,121,110,200,121,141,122,209,112,186,128,202,186,98,86,104",
                        "endOffsets": "386,572,694,805,1006,1128,1270,1393,1603,1716,1903,2032,2235,2422,2521,2608,2713"
                    },
                    "to": {
                        "startLines": "21,22,23,24,25,26,27,28,30,31,32,33,34,35,36,37,38",
                        "startColumns": "4,4,4,4,4,4,4,4,4,4,4,4,4,4,4,4,4",
                        "startOffsets": "2076,2186,2372,2498,2613,2814,2940,3086,3411,3621,3738,3925,4058,4261,4452,4555,4646",
                        "endColumns": "109,185,125,114,200,125,145,126,209,116,186,132,202,190,102,90,108",
                        "endOffsets": "2181,2367,2493,2608,2809,2935,3081,3208,3616,3733,3920,4053,4256,4447,4550,4641,4750"
                    }
                },
                {
                    "source": "C:\\Users\\rache\\.gradle\\caches\\transforms-1\\files-1.1\\play-services-basement-11.8.0.aar\\4156095f54a5b056d692bcb2b851cc07\\res\\values-si\\values.xml",
                    "from": {
                        "startLines": "4",
                        "startColumns": "0",
                        "startOffsets": "283",
                        "endColumns": "197",
                        "endOffsets": "480"
                    },
                    "to": {
                        "startLines": "29",
                        "startColumns": "4",
                        "startOffsets": "3213",
                        "endColumns": "197",
                        "endOffsets": "3406"
                    }
                },
                {
                    "source": "C:\\Users\\rache\\.gradle\\caches\\transforms-1\\files-1.1\\appcompat-v7-26.1.0.aar\\090f1e383135fa7a576715b6cc6d265b\\res\\values-si\\values-si.xml",
                    "from": {
                        "startLines": "2,3,4,5,6,7,8,9,10,11,12,13,14,15,16,17,18,19,20,21,22",
                        "startColumns": "4,4,4,4,4,4,4,4,4,4,4,4,4,4,4,4,4,4,4,4,4",
                        "startOffsets": "55,165,273,396,503,610,698,803,919,1008,1095,1179,1288,1393,1491,1601,1700,1806,1927,2026,2108",
                        "endColumns": "109,107,122,106,106,87,104,115,88,86,83,108,104,97,109,98,105,120,98,81,100",
                        "endOffsets": "160,268,391,498,605,693,798,914,1003,1090,1174,1283,1388,1486,1596,1695,1801,1922,2021,2103,2204"
                    },
                    "to": {
                        "startLines": "2,3,4,5,6,7,8,9,10,11,12,13,14,15,16,17,18,19,20,39,40",
                        "startColumns": "4,4,4,4,4,4,4,4,4,4,4,4,4,4,4,4,4,4,4,4,4",
                        "startOffsets": "105,215,323,446,553,660,748,853,969,1058,1145,1229,1338,1443,1541,1651,1750,1856,1977,4755,4837",
                        "endColumns": "109,107,122,106,106,87,104,115,88,86,83,108,104,97,109,98,105,120,98,81,100",
                        "endOffsets": "210,318,441,548,655,743,848,964,1053,1140,1224,1333,1438,1536,1646,1745,1851,1972,2071,4832,4933"
                    }
                }
            ]
        }
    ]
}