{
    "logs": [
        {
            "outputFile": "C:\\Users\\rache\\AndroidStudioProjects\\SoftwareSpecifications\\app\\build\\intermediates\\incremental\\mergeDebugResources\\merged.dir\\values-be\\values-be.xml",
            "map": [
                {
                    "source": "C:\\Users\\rache\\.gradle\\caches\\transforms-1\\files-1.1\\appcompat-v7-26.1.0.aar\\090f1e383135fa7a576715b6cc6d265b\\res\\values-be\\values-be.xml",
                    "from": {
                        "startLines": "2,3,4,5,6,7,8,9,10,11,12,13,14,15,16,17,18,19,20,21,22",
                        "startColumns": "4,4,4,4,4,4,4,4,4,4,4,4,4,4,4,4,4,4,4,4,4",
                        "startOffsets": "55,175,283,406,509,625,711,819,937,1016,1094,1177,1283,1389,1487,1595,1700,1805,1925,2025,2106",
                        "endColumns": "119,107,122,102,115,85,107,117,78,77,82,105,105,97,107,104,104,119,99,80,108",
                        "endOffsets": "170,278,401,504,620,706,814,932,1011,1089,1172,1278,1384,1482,1590,1695,1800,1920,2020,2101,2210"
                    },
                    "to": {
                        "startLines": "2,3,4,5,6,7,8,9,10,11,12,13,14,15,16,17,18,19,20,39,40",
                        "startColumns": "4,4,4,4,4,4,4,4,4,4,4,4,4,4,4,4,4,4,4,4,4",
                        "startOffsets": "105,225,333,456,559,675,761,869,987,1066,1144,1227,1333,1439,1537,1645,1750,1855,1975,4796,4877",
                        "endColumns": "119,107,122,102,115,85,107,117,78,77,82,105,105,97,107,104,104,119,99,80,108",
                        "endOffsets": "220,328,451,554,670,756,864,982,1061,1139,1222,1328,1434,1532,1640,1745,1850,1970,2070,4872,4981"
                    }
                },
                {
                    "source": "C:\\Users\\rache\\.gradle\\caches\\transforms-1\\files-1.1\\play-services-base-11.8.0.aar\\f2632959cf334c052a45ac2e6c89af48\\res\\values-be\\values.xml",
                    "from": {
                        "startLines": "4,5,6,7,8,9,10,11,12,13,14,15,16,17,18,19,20",
                        "startColumns": "0,0,0,0,0,0,0,0,0,0,0,0,0,0,0,0,0",
                        "startOffsets": "281,386,580,703,811,1025,1149,1290,1419,1640,1745,1939,2065,2277,2462,2557,2645",
                        "endColumns": "104,193,122,107,213,123,140,128,220,104,193,125,211,184,94,87,103",
                        "endOffsets": "385,579,702,810,1024,1148,1289,1418,1639,1744,1938,2064,2276,2461,2556,2644,2748"
                    },
                    "to": {
                        "startLines": "21,22,23,24,25,26,27,28,30,31,32,33,34,35,36,37,38",
                        "startColumns": "4,4,4,4,4,4,4,4,4,4,4,4,4,4,4,4,4",
                        "startOffsets": "2075,2184,2378,2505,2617,2831,2959,3104,3442,3663,3772,3966,4096,4308,4497,4596,4688",
                        "endColumns": "108,193,126,111,213,127,144,132,220,108,193,129,211,188,98,91,107",
                        "endOffsets": "2179,2373,2500,2612,2826,2954,3099,3232,3658,3767,3961,4091,4303,4492,4591,4683,4791"
                    }
                },
                {
                    "source": "C:\\Users\\rache\\.gradle\\caches\\transforms-1\\files-1.1\\play-services-basement-11.8.0.aar\\4156095f54a5b056d692bcb2b851cc07\\res\\values-be\\values.xml",
                    "from": {
                        "startLines": "4",
                        "startColumns": "0",
                        "startOffsets": "283",
                        "endColumns": "204",
                        "endOffsets": "487"
                    },
                    "to": {
                        "startLines": "29",
                        "startColumns": "4",
                        "startOffsets": "3237",
                        "endColumns": "204",
                        "endOffsets": "3437"
                    }
                }
            ]
        },
        {
            "outputFile": "C:\\Users\\Daniel\\AndroidStudioProjects\\SoftwareSpecifications\\app\\build\\intermediates\\incremental\\mergeDebugResources\\merged.dir\\values-be\\values-be.xml",
            "map": [
                {
                    "source": "C:\\Users\\Daniel\\.gradle\\caches\\transforms-1\\files-1.1\\play-services-base-11.8.0.aar\\aee9d84feeba86acb0e68eb689ed1b20\\res\\values-be\\values.xml",
                    "from": {
                        "startLines": "4,5,6,7,8,9,10,11,12,13,14,15,16,17,18,19,20",
                        "startColumns": "0,0,0,0,0,0,0,0,0,0,0,0,0,0,0,0,0",
                        "startOffsets": "281,386,580,703,811,1025,1149,1290,1419,1640,1745,1939,2065,2277,2462,2557,2645",
                        "endColumns": "104,193,122,107,213,123,140,128,220,104,193,125,211,184,94,87,103",
                        "endOffsets": "385,579,702,810,1024,1148,1289,1418,1639,1744,1938,2064,2276,2461,2556,2644,2748"
                    },
                    "to": {
                        "startLines": "21,22,23,24,25,26,27,28,30,31,32,33,34,35,36,37,38",
                        "startColumns": "4,4,4,4,4,4,4,4,4,4,4,4,4,4,4,4,4",
                        "startOffsets": "2075,2184,2378,2505,2617,2831,2959,3104,3442,3663,3772,3966,4096,4308,4497,4596,4688",
                        "endColumns": "108,193,126,111,213,127,144,132,220,108,193,129,211,188,98,91,107",
                        "endOffsets": "2179,2373,2500,2612,2826,2954,3099,3232,3658,3767,3961,4091,4303,4492,4591,4683,4791"
                    }
                },
                {
                    "source": "C:\\Users\\Daniel\\.gradle\\caches\\transforms-1\\files-1.1\\appcompat-v7-26.1.0.aar\\1f600b1218903c988bc8afd8c35bad62\\res\\values-be\\values-be.xml",
                    "from": {
                        "startLines": "2,3,4,5,6,7,8,9,10,11,12,13,14,15,16,17,18,19,20,21,22",
                        "startColumns": "4,4,4,4,4,4,4,4,4,4,4,4,4,4,4,4,4,4,4,4,4",
                        "startOffsets": "55,175,283,406,509,625,711,819,937,1016,1094,1177,1283,1389,1487,1595,1700,1805,1925,2025,2106",
                        "endColumns": "119,107,122,102,115,85,107,117,78,77,82,105,105,97,107,104,104,119,99,80,108",
                        "endOffsets": "170,278,401,504,620,706,814,932,1011,1089,1172,1278,1384,1482,1590,1695,1800,1920,2020,2101,2210"
                    },
                    "to": {
                        "startLines": "2,3,4,5,6,7,8,9,10,11,12,13,14,15,16,17,18,19,20,39,40",
                        "startColumns": "4,4,4,4,4,4,4,4,4,4,4,4,4,4,4,4,4,4,4,4,4",
                        "startOffsets": "105,225,333,456,559,675,761,869,987,1066,1144,1227,1333,1439,1537,1645,1750,1855,1975,4796,4877",
                        "endColumns": "119,107,122,102,115,85,107,117,78,77,82,105,105,97,107,104,104,119,99,80,108",
                        "endOffsets": "220,328,451,554,670,756,864,982,1061,1139,1222,1328,1434,1532,1640,1745,1850,1970,2070,4872,4981"
                    }
                },
                {
                    "source": "C:\\Users\\Daniel\\.gradle\\caches\\transforms-1\\files-1.1\\play-services-basement-11.8.0.aar\\b0e8a5874481ea38051cd2d8a9724518\\res\\values-be\\values.xml",
                    "from": {
                        "startLines": "4",
                        "startColumns": "0",
                        "startOffsets": "283",
                        "endColumns": "204",
                        "endOffsets": "487"
                    },
                    "to": {
                        "startLines": "29",
                        "startColumns": "4",
                        "startOffsets": "3237",
                        "endColumns": "204",
                        "endOffsets": "3437"
                    }
                }
            ]
        }
    ]
}