{
    "logs": [
        {
            "outputFile": "C:\\Users\\rache\\AndroidStudioProjects\\SoftwareSpecifications\\app\\build\\intermediates\\incremental\\mergeDebugResources\\merged.dir\\values-el\\values-el.xml",
            "map": [
                {
                    "source": "C:\\Users\\rache\\.gradle\\caches\\transforms-1\\files-1.1\\play-services-base-11.8.0.aar\\f2632959cf334c052a45ac2e6c89af48\\res\\values-el\\values.xml",
                    "from": {
                        "startLines": "4,5,6,7,8,9,10,11,12,13,14,15,16,17,18,19,20",
                        "startColumns": "0,0,0,0,0,0,0,0,0,0,0,0,0,0,0,0,0",
                        "startOffsets": "281,390,608,738,847,1087,1210,1354,1484,1732,1838,2039,2166,2403,2574,2669,2757",
                        "endColumns": "108,217,129,108,239,122,143,129,247,105,200,126,236,170,94,87,107",
                        "endOffsets": "389,607,737,846,1086,1209,1353,1483,1731,1837,2038,2165,2402,2573,2668,2756,2864"
                    },
                    "to": {
                        "startLines": "21,22,23,24,25,26,27,28,30,31,32,33,34,35,36,37,38",
                        "startColumns": "4,4,4,4,4,4,4,4,4,4,4,4,4,4,4,4,4",
                        "startOffsets": "2131,2244,2462,2596,2709,2949,3076,3224,3581,3829,3939,4140,4271,4508,4683,4782,4874",
                        "endColumns": "112,217,133,112,239,126,147,133,247,109,200,130,236,174,98,91,111",
                        "endOffsets": "2239,2457,2591,2704,2944,3071,3219,3353,3824,3934,4135,4266,4503,4678,4777,4869,4981"
                    }
                },
                {
                    "source": "C:\\Users\\rache\\.gradle\\caches\\transforms-1\\files-1.1\\appcompat-v7-26.1.0.aar\\090f1e383135fa7a576715b6cc6d265b\\res\\values-el\\values-el.xml",
                    "from": {
                        "startLines": "2,3,4,5,6,7,8,9,10,11,12,13,14,15,16,17,18,19,20,21,22",
                        "startColumns": "4,4,4,4,4,4,4,4,4,4,4,4,4,4,4,4,4,4,4,4,4",
                        "startOffsets": "55,173,281,404,515,632,717,822,948,1036,1122,1207,1318,1428,1530,1641,1750,1858,1981,2081,2166",
                        "endColumns": "117,107,122,110,116,84,104,125,87,85,84,110,109,101,110,108,107,122,99,84,100",
                        "endOffsets": "168,276,399,510,627,712,817,943,1031,1117,1202,1313,1423,1525,1636,1745,1853,1976,2076,2161,2262"
                    },
                    "to": {
                        "startLines": "2,3,4,5,6,7,8,9,10,11,12,13,14,15,16,17,18,19,20,39,40",
                        "startColumns": "4,4,4,4,4,4,4,4,4,4,4,4,4,4,4,4,4,4,4,4,4",
                        "startOffsets": "105,223,331,454,565,682,767,872,998,1086,1172,1257,1368,1478,1580,1691,1800,1908,2031,4986,5071",
                        "endColumns": "117,107,122,110,116,84,104,125,87,85,84,110,109,101,110,108,107,122,99,84,100",
                        "endOffsets": "218,326,449,560,677,762,867,993,1081,1167,1252,1363,1473,1575,1686,1795,1903,2026,2126,5066,5167"
                    }
                },
                {
                    "source": "C:\\Users\\rache\\.gradle\\caches\\transforms-1\\files-1.1\\play-services-basement-11.8.0.aar\\4156095f54a5b056d692bcb2b851cc07\\res\\values-el\\values.xml",
                    "from": {
                        "startLines": "4",
                        "startColumns": "0",
                        "startOffsets": "283",
                        "endColumns": "222",
                        "endOffsets": "505"
                    },
                    "to": {
                        "startLines": "29",
                        "startColumns": "4",
                        "startOffsets": "3358",
                        "endColumns": "222",
                        "endOffsets": "3576"
                    }
                }
            ]
        },
        {
            "outputFile": "C:\\Users\\Daniel\\AndroidStudioProjects\\SoftwareSpecifications\\app\\build\\intermediates\\incremental\\mergeDebugResources\\merged.dir\\values-el\\values-el.xml",
            "map": [
                {
                    "source": "C:\\Users\\Daniel\\.gradle\\caches\\transforms-1\\files-1.1\\play-services-basement-11.8.0.aar\\b0e8a5874481ea38051cd2d8a9724518\\res\\values-el\\values.xml",
                    "from": {
                        "startLines": "4",
                        "startColumns": "0",
                        "startOffsets": "283",
                        "endColumns": "222",
                        "endOffsets": "505"
                    },
                    "to": {
                        "startLines": "29",
                        "startColumns": "4",
                        "startOffsets": "3358",
                        "endColumns": "222",
                        "endOffsets": "3576"
                    }
                },
                {
                    "source": "C:\\Users\\Daniel\\.gradle\\caches\\transforms-1\\files-1.1\\play-services-base-11.8.0.aar\\aee9d84feeba86acb0e68eb689ed1b20\\res\\values-el\\values.xml",
                    "from": {
                        "startLines": "4,5,6,7,8,9,10,11,12,13,14,15,16,17,18,19,20",
                        "startColumns": "0,0,0,0,0,0,0,0,0,0,0,0,0,0,0,0,0",
                        "startOffsets": "281,390,608,738,847,1087,1210,1354,1484,1732,1838,2039,2166,2403,2574,2669,2757",
                        "endColumns": "108,217,129,108,239,122,143,129,247,105,200,126,236,170,94,87,107",
                        "endOffsets": "389,607,737,846,1086,1209,1353,1483,1731,1837,2038,2165,2402,2573,2668,2756,2864"
                    },
                    "to": {
                        "startLines": "21,22,23,24,25,26,27,28,30,31,32,33,34,35,36,37,38",
                        "startColumns": "4,4,4,4,4,4,4,4,4,4,4,4,4,4,4,4,4",
                        "startOffsets": "2131,2244,2462,2596,2709,2949,3076,3224,3581,3829,3939,4140,4271,4508,4683,4782,4874",
                        "endColumns": "112,217,133,112,239,126,147,133,247,109,200,130,236,174,98,91,111",
                        "endOffsets": "2239,2457,2591,2704,2944,3071,3219,3353,3824,3934,4135,4266,4503,4678,4777,4869,4981"
                    }
                },
                {
                    "source": "C:\\Users\\Daniel\\.gradle\\caches\\transforms-1\\files-1.1\\appcompat-v7-26.1.0.aar\\1f600b1218903c988bc8afd8c35bad62\\res\\values-el\\values-el.xml",
                    "from": {
                        "startLines": "2,3,4,5,6,7,8,9,10,11,12,13,14,15,16,17,18,19,20,21,22",
                        "startColumns": "4,4,4,4,4,4,4,4,4,4,4,4,4,4,4,4,4,4,4,4,4",
                        "startOffsets": "55,173,281,404,515,632,717,822,948,1036,1122,1207,1318,1428,1530,1641,1750,1858,1981,2081,2166",
                        "endColumns": "117,107,122,110,116,84,104,125,87,85,84,110,109,101,110,108,107,122,99,84,100",
                        "endOffsets": "168,276,399,510,627,712,817,943,1031,1117,1202,1313,1423,1525,1636,1745,1853,1976,2076,2161,2262"
                    },
                    "to": {
                        "startLines": "2,3,4,5,6,7,8,9,10,11,12,13,14,15,16,17,18,19,20,39,40",
                        "startColumns": "4,4,4,4,4,4,4,4,4,4,4,4,4,4,4,4,4,4,4,4,4",
                        "startOffsets": "105,223,331,454,565,682,767,872,998,1086,1172,1257,1368,1478,1580,1691,1800,1908,2031,4986,5071",
                        "endColumns": "117,107,122,110,116,84,104,125,87,85,84,110,109,101,110,108,107,122,99,84,100",
                        "endOffsets": "218,326,449,560,677,762,867,993,1081,1167,1252,1363,1473,1575,1686,1795,1903,2026,2126,5066,5167"
                    }
                }
            ]
        }
    ]
}