{
    "logs": [
        {
            "outputFile": "C:\\Users\\rache\\AndroidStudioProjects\\SoftwareSpecifications\\app\\build\\intermediates\\incremental\\mergeDebugResources\\merged.dir\\values-zh-rCN\\values-zh-rCN.xml",
            "map": [
                {
                    "source": "C:\\Users\\rache\\.gradle\\caches\\transforms-1\\files-1.1\\play-services-basement-11.8.0.aar\\4156095f54a5b056d692bcb2b851cc07\\res\\values-zh-rCN\\values.xml",
                    "from": {
                        "startLines": "4",
                        "startColumns": "0",
                        "startOffsets": "287",
                        "endColumns": "157",
                        "endOffsets": "444"
                    },
                    "to": {
                        "startLines": "29",
                        "startColumns": "4",
                        "startOffsets": "2944",
                        "endColumns": "157",
                        "endOffsets": "3097"
                    }
                },
                {
                    "source": "C:\\Users\\rache\\.gradle\\caches\\transforms-1\\files-1.1\\appcompat-v7-26.1.0.aar\\090f1e383135fa7a576715b6cc6d265b\\res\\values-zh-rCN\\values-zh-rCN.xml",
                    "from": {
                        "startLines": "2,3,4,5,6,7,8,9,10,11,12,13,14,15,16,17,18,19,20,21,22",
                        "startColumns": "4,4,4,4,4,4,4,4,4,4,4,4,4,4,4,4,4,4,4,4,4",
                        "startOffsets": "55,151,258,381,476,576,658,755,861,937,1013,1091,1187,1283,1378,1475,1570,1668,1780,1874,1952",
                        "endColumns": "95,106,122,94,99,81,96,105,75,75,77,95,95,94,96,94,97,111,93,77,100",
                        "endOffsets": "146,253,376,471,571,653,750,856,932,1008,1086,1182,1278,1373,1470,1565,1663,1775,1869,1947,2048"
                    },
                    "to": {
                        "startLines": "2,3,4,5,6,7,8,9,10,11,12,13,14,15,16,17,18,19,20,39,40",
                        "startColumns": "4,4,4,4,4,4,4,4,4,4,4,4,4,4,4,4,4,4,4,4,4",
                        "startOffsets": "105,201,308,431,526,626,708,805,911,987,1063,1141,1237,1333,1428,1525,1620,1718,1830,4227,4305",
                        "endColumns": "95,106,122,94,99,81,96,105,75,75,77,95,95,94,96,94,97,111,93,77,100",
                        "endOffsets": "196,303,426,521,621,703,800,906,982,1058,1136,1232,1328,1423,1520,1615,1713,1825,1919,4300,4401"
                    }
                },
                {
                    "source": "C:\\Users\\rache\\.gradle\\caches\\transforms-1\\files-1.1\\play-services-base-11.8.0.aar\\f2632959cf334c052a45ac2e6c89af48\\res\\values-zh-rCN\\values.xml",
                    "from": {
                        "startLines": "4,5,6,7,8,9,10,11,12,13,14,15,16,17,18,19,20",
                        "startColumns": "0,0,0,0,0,0,0,0,0,0,0,0,0,0,0,0,0",
                        "startOffsets": "285,384,545,658,758,922,1036,1164,1281,1448,1547,1708,1821,1984,2118,2200,2283",
                        "endColumns": "98,160,112,99,163,113,127,116,166,98,160,112,162,133,81,82,98",
                        "endOffsets": "383,544,657,757,921,1035,1163,1280,1447,1546,1707,1820,1983,2117,2199,2282,2381"
                    },
                    "to": {
                        "startLines": "21,22,23,24,25,26,27,28,30,31,32,33,34,35,36,37,38",
                        "startColumns": "4,4,4,4,4,4,4,4,4,4,4,4,4,4,4,4,4",
                        "startOffsets": "1924,2027,2188,2305,2409,2573,2691,2823,3102,3269,3372,3533,3650,3813,3951,4037,4124",
                        "endColumns": "102,160,116,103,163,117,131,120,166,102,160,116,162,137,85,86,102",
                        "endOffsets": "2022,2183,2300,2404,2568,2686,2818,2939,3264,3367,3528,3645,3808,3946,4032,4119,4222"
                    }
                }
            ]
        },
        {
            "outputFile": "C:\\Users\\Daniel\\AndroidStudioProjects\\SoftwareSpecifications\\app\\build\\intermediates\\incremental\\mergeDebugResources\\merged.dir\\values-zh-rCN\\values-zh-rCN.xml",
            "map": [
                {
                    "source": "C:\\Users\\Daniel\\.gradle\\caches\\transforms-1\\files-1.1\\appcompat-v7-26.1.0.aar\\1f600b1218903c988bc8afd8c35bad62\\res\\values-zh-rCN\\values-zh-rCN.xml",
                    "from": {
                        "startLines": "2,3,4,5,6,7,8,9,10,11,12,13,14,15,16,17,18,19,20,21,22",
                        "startColumns": "4,4,4,4,4,4,4,4,4,4,4,4,4,4,4,4,4,4,4,4,4",
                        "startOffsets": "55,151,258,381,476,576,658,755,861,937,1013,1091,1187,1283,1378,1475,1570,1668,1780,1874,1952",
                        "endColumns": "95,106,122,94,99,81,96,105,75,75,77,95,95,94,96,94,97,111,93,77,100",
                        "endOffsets": "146,253,376,471,571,653,750,856,932,1008,1086,1182,1278,1373,1470,1565,1663,1775,1869,1947,2048"
                    },
                    "to": {
                        "startLines": "2,3,4,5,6,7,8,9,10,11,12,13,14,15,16,17,18,19,20,39,40",
                        "startColumns": "4,4,4,4,4,4,4,4,4,4,4,4,4,4,4,4,4,4,4,4,4",
                        "startOffsets": "105,201,308,431,526,626,708,805,911,987,1063,1141,1237,1333,1428,1525,1620,1718,1830,4227,4305",
                        "endColumns": "95,106,122,94,99,81,96,105,75,75,77,95,95,94,96,94,97,111,93,77,100",
                        "endOffsets": "196,303,426,521,621,703,800,906,982,1058,1136,1232,1328,1423,1520,1615,1713,1825,1919,4300,4401"
                    }
                },
                {
                    "source": "C:\\Users\\Daniel\\.gradle\\caches\\transforms-1\\files-1.1\\play-services-base-11.8.0.aar\\aee9d84feeba86acb0e68eb689ed1b20\\res\\values-zh-rCN\\values.xml",
                    "from": {
                        "startLines": "4,5,6,7,8,9,10,11,12,13,14,15,16,17,18,19,20",
                        "startColumns": "0,0,0,0,0,0,0,0,0,0,0,0,0,0,0,0,0",
                        "startOffsets": "285,384,545,658,758,922,1036,1164,1281,1448,1547,1708,1821,1984,2118,2200,2283",
                        "endColumns": "98,160,112,99,163,113,127,116,166,98,160,112,162,133,81,82,98",
                        "endOffsets": "383,544,657,757,921,1035,1163,1280,1447,1546,1707,1820,1983,2117,2199,2282,2381"
                    },
                    "to": {
                        "startLines": "21,22,23,24,25,26,27,28,30,31,32,33,34,35,36,37,38",
                        "startColumns": "4,4,4,4,4,4,4,4,4,4,4,4,4,4,4,4,4",
                        "startOffsets": "1924,2027,2188,2305,2409,2573,2691,2823,3102,3269,3372,3533,3650,3813,3951,4037,4124",
                        "endColumns": "102,160,116,103,163,117,131,120,166,102,160,116,162,137,85,86,102",
                        "endOffsets": "2022,2183,2300,2404,2568,2686,2818,2939,3264,3367,3528,3645,3808,3946,4032,4119,4222"
                    }
                },
                {
                    "source": "C:\\Users\\Daniel\\.gradle\\caches\\transforms-1\\files-1.1\\play-services-basement-11.8.0.aar\\b0e8a5874481ea38051cd2d8a9724518\\res\\values-zh-rCN\\values.xml",
                    "from": {
                        "startLines": "4",
                        "startColumns": "0",
                        "startOffsets": "287",
                        "endColumns": "157",
                        "endOffsets": "444"
                    },
                    "to": {
                        "startLines": "29",
                        "startColumns": "4",
                        "startOffsets": "2944",
                        "endColumns": "157",
                        "endOffsets": "3097"
                    }
                }
            ]
        }
    ]
}