{
    "logs": [
        {
            "outputFile": "C:\\Users\\rache\\AndroidStudioProjects\\SoftwareSpecifications\\app\\build\\intermediates\\incremental\\mergeDebugResources\\merged.dir\\values-ne\\values-ne.xml",
            "map": [
                {
                    "source": "C:\\Users\\rache\\.gradle\\caches\\transforms-1\\files-1.1\\play-services-basement-11.8.0.aar\\4156095f54a5b056d692bcb2b851cc07\\res\\values-ne\\values.xml",
                    "from": {
                        "startLines": "4",
                        "startColumns": "0",
                        "startOffsets": "283",
                        "endColumns": "222",
                        "endOffsets": "505"
                    },
                    "to": {
                        "startLines": "29",
                        "startColumns": "4",
                        "startOffsets": "3358",
                        "endColumns": "222",
                        "endOffsets": "3576"
                    }
                },
                {
                    "source": "C:\\Users\\rache\\.gradle\\caches\\transforms-1\\files-1.1\\appcompat-v7-26.1.0.aar\\090f1e383135fa7a576715b6cc6d265b\\res\\values-ne\\values-ne.xml",
                    "from": {
                        "startLines": "2,3,4,5,6,7,8,9,10,11,12,13,14,15,16,17,18,19,20,21,22",
                        "startColumns": "4,4,4,4,4,4,4,4,4,4,4,4,4,4,4,4,4,4,4,4,4",
                        "startOffsets": "55,160,268,391,495,603,694,801,928,1022,1112,1200,1310,1426,1529,1644,1746,1861,1992,2104,2190",
                        "endColumns": "104,107,122,103,107,90,106,126,93,89,87,109,115,102,114,101,114,130,111,85,100",
                        "endOffsets": "155,263,386,490,598,689,796,923,1017,1107,1195,1305,1421,1524,1639,1741,1856,1987,2099,2185,2286"
                    },
                    "to": {
                        "startLines": "2,3,4,5,6,7,8,9,10,11,12,13,14,15,16,17,18,19,20,39,40",
                        "startColumns": "4,4,4,4,4,4,4,4,4,4,4,4,4,4,4,4,4,4,4,4,4",
                        "startOffsets": "105,210,318,441,545,653,744,851,978,1072,1162,1250,1360,1476,1579,1694,1796,1911,2042,4982,5068",
                        "endColumns": "104,107,122,103,107,90,106,126,93,89,87,109,115,102,114,101,114,130,111,85,100",
                        "endOffsets": "205,313,436,540,648,739,846,973,1067,1157,1245,1355,1471,1574,1689,1791,1906,2037,2149,5063,5164"
                    }
                },
                {
                    "source": "C:\\Users\\rache\\.gradle\\caches\\transforms-1\\files-1.1\\play-services-base-11.8.0.aar\\f2632959cf334c052a45ac2e6c89af48\\res\\values-ne\\values.xml",
                    "from": {
                        "startLines": "4,5,6,7,8,9,10,11,12,13,14,15,16,17,18,19,20",
                        "startColumns": "0,0,0,0,0,0,0,0,0,0,0,0,0,0,0,0,0",
                        "startOffsets": "281,394,584,716,831,1061,1195,1331,1461,1700,1816,2011,2146,2353,2531,2623,2721",
                        "endColumns": "112,189,131,114,229,133,135,129,238,115,194,134,206,177,91,97,116",
                        "endOffsets": "393,583,715,830,1060,1194,1330,1460,1699,1815,2010,2145,2352,2530,2622,2720,2837"
                    },
                    "to": {
                        "startLines": "21,22,23,24,25,26,27,28,30,31,32,33,34,35,36,37,38",
                        "startColumns": "4,4,4,4,4,4,4,4,4,4,4,4,4,4,4,4,4",
                        "startOffsets": "2154,2271,2461,2597,2716,2946,3084,3224,3581,3820,3940,4135,4274,4481,4663,4759,4861",
                        "endColumns": "116,189,135,118,229,137,139,133,238,119,194,138,206,181,95,101,120",
                        "endOffsets": "2266,2456,2592,2711,2941,3079,3219,3353,3815,3935,4130,4269,4476,4658,4754,4856,4977"
                    }
                }
            ]
        },
        {
            "outputFile": "C:\\Users\\Daniel\\AndroidStudioProjects\\SoftwareSpecifications\\app\\build\\intermediates\\incremental\\mergeDebugResources\\merged.dir\\values-ne\\values-ne.xml",
            "map": [
                {
                    "source": "C:\\Users\\Daniel\\.gradle\\caches\\transforms-1\\files-1.1\\appcompat-v7-26.1.0.aar\\1f600b1218903c988bc8afd8c35bad62\\res\\values-ne\\values-ne.xml",
                    "from": {
                        "startLines": "2,3,4,5,6,7,8,9,10,11,12,13,14,15,16,17,18,19,20,21,22",
                        "startColumns": "4,4,4,4,4,4,4,4,4,4,4,4,4,4,4,4,4,4,4,4,4",
                        "startOffsets": "55,160,268,391,495,603,694,801,928,1022,1112,1200,1310,1426,1529,1644,1746,1861,1992,2104,2190",
                        "endColumns": "104,107,122,103,107,90,106,126,93,89,87,109,115,102,114,101,114,130,111,85,100",
                        "endOffsets": "155,263,386,490,598,689,796,923,1017,1107,1195,1305,1421,1524,1639,1741,1856,1987,2099,2185,2286"
                    },
                    "to": {
                        "startLines": "2,3,4,5,6,7,8,9,10,11,12,13,14,15,16,17,18,19,20,39,40",
                        "startColumns": "4,4,4,4,4,4,4,4,4,4,4,4,4,4,4,4,4,4,4,4,4",
                        "startOffsets": "105,210,318,441,545,653,744,851,978,1072,1162,1250,1360,1476,1579,1694,1796,1911,2042,4982,5068",
                        "endColumns": "104,107,122,103,107,90,106,126,93,89,87,109,115,102,114,101,114,130,111,85,100",
                        "endOffsets": "205,313,436,540,648,739,846,973,1067,1157,1245,1355,1471,1574,1689,1791,1906,2037,2149,5063,5164"
                    }
                },
                {
                    "source": "C:\\Users\\Daniel\\.gradle\\caches\\transforms-1\\files-1.1\\play-services-basement-11.8.0.aar\\b0e8a5874481ea38051cd2d8a9724518\\res\\values-ne\\values.xml",
                    "from": {
                        "startLines": "4",
                        "startColumns": "0",
                        "startOffsets": "283",
                        "endColumns": "222",
                        "endOffsets": "505"
                    },
                    "to": {
                        "startLines": "29",
                        "startColumns": "4",
                        "startOffsets": "3358",
                        "endColumns": "222",
                        "endOffsets": "3576"
                    }
                },
                {
                    "source": "C:\\Users\\Daniel\\.gradle\\caches\\transforms-1\\files-1.1\\play-services-base-11.8.0.aar\\aee9d84feeba86acb0e68eb689ed1b20\\res\\values-ne\\values.xml",
                    "from": {
                        "startLines": "4,5,6,7,8,9,10,11,12,13,14,15,16,17,18,19,20",
                        "startColumns": "0,0,0,0,0,0,0,0,0,0,0,0,0,0,0,0,0",
                        "startOffsets": "281,394,584,716,831,1061,1195,1331,1461,1700,1816,2011,2146,2353,2531,2623,2721",
                        "endColumns": "112,189,131,114,229,133,135,129,238,115,194,134,206,177,91,97,116",
                        "endOffsets": "393,583,715,830,1060,1194,1330,1460,1699,1815,2010,2145,2352,2530,2622,2720,2837"
                    },
                    "to": {
                        "startLines": "21,22,23,24,25,26,27,28,30,31,32,33,34,35,36,37,38",
                        "startColumns": "4,4,4,4,4,4,4,4,4,4,4,4,4,4,4,4,4",
                        "startOffsets": "2154,2271,2461,2597,2716,2946,3084,3224,3581,3820,3940,4135,4274,4481,4663,4759,4861",
                        "endColumns": "116,189,135,118,229,137,139,133,238,119,194,138,206,181,95,101,120",
                        "endOffsets": "2266,2456,2592,2711,2941,3079,3219,3353,3815,3935,4130,4269,4476,4658,4754,4856,4977"
                    }
                }
            ]
        }
    ]
}