{
    "logs": [
        {
            "outputFile": "C:\\Users\\Daniel\\AndroidStudioProjects\\SoftwareSpecifications\\app\\build\\intermediates\\incremental\\mergeDebugResources\\merged.dir\\values-mr\\values-mr.xml",
            "map": [
                {
                    "source": "C:\\Users\\Daniel\\.gradle\\caches\\transforms-1\\files-1.1\\play-services-base-11.8.0.aar\\aee9d84feeba86acb0e68eb689ed1b20\\res\\values-mr\\values.xml",
                    "from": {
                        "startLines": "4,5,6,7,8,9,10,11,12,13,14,15,16,17,18,19,20",
                        "startColumns": "0,0,0,0,0,0,0,0,0,0,0,0,0,0,0,0,0",
                        "startOffsets": "281,387,583,705,815,1019,1138,1272,1394,1603,1709,1891,2013,2211,2390,2476,2568",
                        "endColumns": "105,195,121,109,203,118,133,121,208,105,181,121,197,178,85,91,105",
                        "endOffsets": "386,582,704,814,1018,1137,1271,1393,1602,1708,1890,2012,2210,2389,2475,2567,2673"
                    },
                    "to": {
                        "startLines": "21,22,23,24,25,26,27,28,30,31,32,33,34,35,36,37,38",
                        "startColumns": "4,4,4,4,4,4,4,4,4,4,4,4,4,4,4,4,4",
                        "startOffsets": "2071,2181,2377,2503,2617,2821,2944,3082,3410,3619,3729,3911,4037,4235,4418,4508,4604",
                        "endColumns": "109,195,125,113,203,122,137,125,208,109,181,125,197,182,89,95,109",
                        "endOffsets": "2176,2372,2498,2612,2816,2939,3077,3203,3614,3724,3906,4032,4230,4413,4503,4599,4709"
                    }
                },
                {
                    "source": "C:\\Users\\Daniel\\.gradle\\caches\\transforms-1\\files-1.1\\appcompat-v7-26.1.0.aar\\1f600b1218903c988bc8afd8c35bad62\\res\\values-mr\\values-mr.xml",
                    "from": {
                        "startLines": "2,3,4,5,6,7,8,9,10,11,12,13,14,15,16,17,18,19,20,21,22",
                        "startColumns": "4,4,4,4,4,4,4,4,4,4,4,4,4,4,4,4,4,4,4,4,4",
                        "startOffsets": "55,173,281,404,510,617,707,808,923,1000,1078,1158,1270,1372,1468,1577,1678,1793,1916,2021,2101",
                        "endColumns": "117,107,122,105,106,89,100,114,76,77,79,111,101,95,108,100,114,122,104,79,100",
                        "endOffsets": "168,276,399,505,612,702,803,918,995,1073,1153,1265,1367,1463,1572,1673,1788,1911,2016,2096,2197"
                    },
                    "to": {
                        "startLines": "2,3,4,5,6,7,8,9,10,11,12,13,14,15,16,17,18,19,20,39,40",
                        "startColumns": "4,4,4,4,4,4,4,4,4,4,4,4,4,4,4,4,4,4,4,4,4",
                        "startOffsets": "105,223,331,454,560,667,757,858,973,1050,1128,1208,1320,1422,1518,1627,1728,1843,1966,4714,4794",
                        "endColumns": "117,107,122,105,106,89,100,114,76,77,79,111,101,95,108,100,114,122,104,79,100",
                        "endOffsets": "218,326,449,555,662,752,853,968,1045,1123,1203,1315,1417,1513,1622,1723,1838,1961,2066,4789,4890"
                    }
                },
                {
                    "source": "C:\\Users\\Daniel\\.gradle\\caches\\transforms-1\\files-1.1\\play-services-basement-11.8.0.aar\\b0e8a5874481ea38051cd2d8a9724518\\res\\values-mr\\values.xml",
                    "from": {
                        "startLines": "4",
                        "startColumns": "0",
                        "startOffsets": "283",
                        "endColumns": "201",
                        "endOffsets": "484"
                    },
                    "to": {
                        "startLines": "29",
                        "startColumns": "4",
                        "startOffsets": "3208",
                        "endColumns": "201",
                        "endOffsets": "3405"
                    }
                }
            ]
        },
        {
            "outputFile": "C:\\Users\\rache\\AndroidStudioProjects\\SoftwareSpecifications\\app\\build\\intermediates\\incremental\\mergeDebugResources\\merged.dir\\values-mr\\values-mr.xml",
            "map": [
                {
                    "source": "C:\\Users\\rache\\.gradle\\caches\\transforms-1\\files-1.1\\play-services-base-11.8.0.aar\\f2632959cf334c052a45ac2e6c89af48\\res\\values-mr\\values.xml",
                    "from": {
                        "startLines": "4,5,6,7,8,9,10,11,12,13,14,15,16,17,18,19,20",
                        "startColumns": "0,0,0,0,0,0,0,0,0,0,0,0,0,0,0,0,0",
                        "startOffsets": "281,387,583,705,815,1019,1138,1272,1394,1603,1709,1891,2013,2211,2390,2476,2568",
                        "endColumns": "105,195,121,109,203,118,133,121,208,105,181,121,197,178,85,91,105",
                        "endOffsets": "386,582,704,814,1018,1137,1271,1393,1602,1708,1890,2012,2210,2389,2475,2567,2673"
                    },
                    "to": {
                        "startLines": "21,22,23,24,25,26,27,28,30,31,32,33,34,35,36,37,38",
                        "startColumns": "4,4,4,4,4,4,4,4,4,4,4,4,4,4,4,4,4",
                        "startOffsets": "2071,2181,2377,2503,2617,2821,2944,3082,3410,3619,3729,3911,4037,4235,4418,4508,4604",
                        "endColumns": "109,195,125,113,203,122,137,125,208,109,181,125,197,182,89,95,109",
                        "endOffsets": "2176,2372,2498,2612,2816,2939,3077,3203,3614,3724,3906,4032,4230,4413,4503,4599,4709"
                    }
                },
                {
                    "source": "C:\\Users\\rache\\.gradle\\caches\\transforms-1\\files-1.1\\play-services-basement-11.8.0.aar\\4156095f54a5b056d692bcb2b851cc07\\res\\values-mr\\values.xml",
                    "from": {
                        "startLines": "4",
                        "startColumns": "0",
                        "startOffsets": "283",
                        "endColumns": "201",
                        "endOffsets": "484"
                    },
                    "to": {
                        "startLines": "29",
                        "startColumns": "4",
                        "startOffsets": "3208",
                        "endColumns": "201",
                        "endOffsets": "3405"
                    }
                },
                {
                    "source": "C:\\Users\\rache\\.gradle\\caches\\transforms-1\\files-1.1\\appcompat-v7-26.1.0.aar\\090f1e383135fa7a576715b6cc6d265b\\res\\values-mr\\values-mr.xml",
                    "from": {
                        "startLines": "2,3,4,5,6,7,8,9,10,11,12,13,14,15,16,17,18,19,20,21,22",
                        "startColumns": "4,4,4,4,4,4,4,4,4,4,4,4,4,4,4,4,4,4,4,4,4",
                        "startOffsets": "55,173,281,404,510,617,707,808,923,1000,1078,1158,1270,1372,1468,1577,1678,1793,1916,2021,2101",
                        "endColumns": "117,107,122,105,106,89,100,114,76,77,79,111,101,95,108,100,114,122,104,79,100",
                        "endOffsets": "168,276,399,505,612,702,803,918,995,1073,1153,1265,1367,1463,1572,1673,1788,1911,2016,2096,2197"
                    },
                    "to": {
                        "startLines": "2,3,4,5,6,7,8,9,10,11,12,13,14,15,16,17,18,19,20,39,40",
                        "startColumns": "4,4,4,4,4,4,4,4,4,4,4,4,4,4,4,4,4,4,4,4,4",
                        "startOffsets": "105,223,331,454,560,667,757,858,973,1050,1128,1208,1320,1422,1518,1627,1728,1843,1966,4714,4794",
                        "endColumns": "117,107,122,105,106,89,100,114,76,77,79,111,101,95,108,100,114,122,104,79,100",
                        "endOffsets": "218,326,449,555,662,752,853,968,1045,1123,1203,1315,1417,1513,1622,1723,1838,1961,2066,4789,4890"
                    }
                }
            ]
        }
    ]
}