{
    "logs": [
        {
            "outputFile": "C:\\Users\\Daniel\\AndroidStudioProjects\\SoftwareSpecifications\\app\\build\\intermediates\\incremental\\mergeDebugResources\\merged.dir\\values-sv\\values-sv.xml",
            "map": [
                {
                    "source": "C:\\Users\\Daniel\\.gradle\\caches\\transforms-1\\files-1.1\\play-services-base-11.8.0.aar\\aee9d84feeba86acb0e68eb689ed1b20\\res\\values-sv\\values.xml",
                    "from": {
                        "startLines": "4,5,6,7,8,9,10,11,12,13,14,15,16,17,18,19,20",
                        "startColumns": "0,0,0,0,0,0,0,0,0,0,0,0,0,0,0,0,0",
                        "startOffsets": "281,386,575,700,808,1008,1131,1280,1409,1616,1722,1915,2041,2254,2436,2528,2617",
                        "endColumns": "104,188,124,107,199,122,148,128,206,105,192,125,212,181,91,88,103",
                        "endOffsets": "385,574,699,807,1007,1130,1279,1408,1615,1721,1914,2040,2253,2435,2527,2616,2720"
                    },
                    "to": {
                        "startLines": "21,22,23,24,25,26,27,28,30,31,32,33,34,35,36,37,38",
                        "startColumns": "4,4,4,4,4,4,4,4,4,4,4,4,4,4,4,4,4",
                        "startOffsets": "2018,2127,2316,2445,2557,2757,2884,3037,3377,3584,3694,3887,4017,4230,4416,4512,4605",
                        "endColumns": "108,188,128,111,199,126,152,132,206,109,192,129,212,185,95,92,107",
                        "endOffsets": "2122,2311,2440,2552,2752,2879,3032,3165,3579,3689,3882,4012,4225,4411,4507,4600,4708"
                    }
                },
                {
                    "source": "C:\\Users\\Daniel\\.gradle\\caches\\transforms-1\\files-1.1\\appcompat-v7-26.1.0.aar\\1f600b1218903c988bc8afd8c35bad62\\res\\values-sv\\values-sv.xml",
                    "from": {
                        "startLines": "2,3,4,5,6,7,8,9,10,11,12,13,14,15,16,17,18,19,20,21,22",
                        "startColumns": "4,4,4,4,4,4,4,4,4,4,4,4,4,4,4,4,4,4,4,4,4",
                        "startOffsets": "55,161,269,392,495,606,691,793,906,982,1058,1138,1244,1344,1440,1545,1647,1749,1866,1968,2047",
                        "endColumns": "105,107,122,102,110,84,101,112,75,75,79,105,99,95,104,101,101,116,101,78,100",
                        "endOffsets": "156,264,387,490,601,686,788,901,977,1053,1133,1239,1339,1435,1540,1642,1744,1861,1963,2042,2143"
                    },
                    "to": {
                        "startLines": "2,3,4,5,6,7,8,9,10,11,12,13,14,15,16,17,18,19,20,39,40",
                        "startColumns": "4,4,4,4,4,4,4,4,4,4,4,4,4,4,4,4,4,4,4,4,4",
                        "startOffsets": "105,211,319,442,545,656,741,843,956,1032,1108,1188,1294,1394,1490,1595,1697,1799,1916,4713,4792",
                        "endColumns": "105,107,122,102,110,84,101,112,75,75,79,105,99,95,104,101,101,116,101,78,100",
                        "endOffsets": "206,314,437,540,651,736,838,951,1027,1103,1183,1289,1389,1485,1590,1692,1794,1911,2013,4787,4888"
                    }
                },
                {
                    "source": "C:\\Users\\Daniel\\.gradle\\caches\\transforms-1\\files-1.1\\play-services-basement-11.8.0.aar\\b0e8a5874481ea38051cd2d8a9724518\\res\\values-sv\\values.xml",
                    "from": {
                        "startLines": "4",
                        "startColumns": "0",
                        "startOffsets": "283",
                        "endColumns": "206",
                        "endOffsets": "489"
                    },
                    "to": {
                        "startLines": "29",
                        "startColumns": "4",
                        "startOffsets": "3170",
                        "endColumns": "206",
                        "endOffsets": "3372"
                    }
                }
            ]
        },
        {
            "outputFile": "C:\\Users\\rache\\AndroidStudioProjects\\SoftwareSpecifications\\app\\build\\intermediates\\incremental\\mergeDebugResources\\merged.dir\\values-sv\\values-sv.xml",
            "map": [
                {
                    "source": "C:\\Users\\rache\\.gradle\\caches\\transforms-1\\files-1.1\\play-services-base-11.8.0.aar\\f2632959cf334c052a45ac2e6c89af48\\res\\values-sv\\values.xml",
                    "from": {
                        "startLines": "4,5,6,7,8,9,10,11,12,13,14,15,16,17,18,19,20",
                        "startColumns": "0,0,0,0,0,0,0,0,0,0,0,0,0,0,0,0,0",
                        "startOffsets": "281,386,575,700,808,1008,1131,1280,1409,1616,1722,1915,2041,2254,2436,2528,2617",
                        "endColumns": "104,188,124,107,199,122,148,128,206,105,192,125,212,181,91,88,103",
                        "endOffsets": "385,574,699,807,1007,1130,1279,1408,1615,1721,1914,2040,2253,2435,2527,2616,2720"
                    },
                    "to": {
                        "startLines": "21,22,23,24,25,26,27,28,30,31,32,33,34,35,36,37,38",
                        "startColumns": "4,4,4,4,4,4,4,4,4,4,4,4,4,4,4,4,4",
                        "startOffsets": "2018,2127,2316,2445,2557,2757,2884,3037,3377,3584,3694,3887,4017,4230,4416,4512,4605",
                        "endColumns": "108,188,128,111,199,126,152,132,206,109,192,129,212,185,95,92,107",
                        "endOffsets": "2122,2311,2440,2552,2752,2879,3032,3165,3579,3689,3882,4012,4225,4411,4507,4600,4708"
                    }
                },
                {
                    "source": "C:\\Users\\rache\\.gradle\\caches\\transforms-1\\files-1.1\\appcompat-v7-26.1.0.aar\\090f1e383135fa7a576715b6cc6d265b\\res\\values-sv\\values-sv.xml",
                    "from": {
                        "startLines": "2,3,4,5,6,7,8,9,10,11,12,13,14,15,16,17,18,19,20,21,22",
                        "startColumns": "4,4,4,4,4,4,4,4,4,4,4,4,4,4,4,4,4,4,4,4,4",
                        "startOffsets": "55,161,269,392,495,606,691,793,906,982,1058,1138,1244,1344,1440,1545,1647,1749,1866,1968,2047",
                        "endColumns": "105,107,122,102,110,84,101,112,75,75,79,105,99,95,104,101,101,116,101,78,100",
                        "endOffsets": "156,264,387,490,601,686,788,901,977,1053,1133,1239,1339,1435,1540,1642,1744,1861,1963,2042,2143"
                    },
                    "to": {
                        "startLines": "2,3,4,5,6,7,8,9,10,11,12,13,14,15,16,17,18,19,20,39,40",
                        "startColumns": "4,4,4,4,4,4,4,4,4,4,4,4,4,4,4,4,4,4,4,4,4",
                        "startOffsets": "105,211,319,442,545,656,741,843,956,1032,1108,1188,1294,1394,1490,1595,1697,1799,1916,4713,4792",
                        "endColumns": "105,107,122,102,110,84,101,112,75,75,79,105,99,95,104,101,101,116,101,78,100",
                        "endOffsets": "206,314,437,540,651,736,838,951,1027,1103,1183,1289,1389,1485,1590,1692,1794,1911,2013,4787,4888"
                    }
                },
                {
                    "source": "C:\\Users\\rache\\.gradle\\caches\\transforms-1\\files-1.1\\play-services-basement-11.8.0.aar\\4156095f54a5b056d692bcb2b851cc07\\res\\values-sv\\values.xml",
                    "from": {
                        "startLines": "4",
                        "startColumns": "0",
                        "startOffsets": "283",
                        "endColumns": "206",
                        "endOffsets": "489"
                    },
                    "to": {
                        "startLines": "29",
                        "startColumns": "4",
                        "startOffsets": "3170",
                        "endColumns": "206",
                        "endOffsets": "3372"
                    }
                }
            ]
        }
    ]
}