{
    "logs": [
        {
            "outputFile": "C:\\Users\\rache\\AndroidStudioProjects\\SoftwareSpecifications\\app\\build\\intermediates\\incremental\\mergeDebugResources\\merged.dir\\values-hi\\values-hi.xml",
            "map": [
                {
                    "source": "C:\\Users\\rache\\.gradle\\caches\\transforms-1\\files-1.1\\play-services-base-11.8.0.aar\\f2632959cf334c052a45ac2e6c89af48\\res\\values-hi\\values.xml",
                    "from": {
                        "startLines": "4,5,6,7,8,9,10,11,12,13,14,15,16,17,18,19,20",
                        "startColumns": "0,0,0,0,0,0,0,0,0,0,0,0,0,0,0,0,0",
                        "startOffsets": "281,387,590,715,825,1035,1163,1301,1429,1648,1755,1952,2080,2288,2468,2557,2650",
                        "endColumns": "105,202,124,109,209,127,137,127,218,106,196,127,207,179,88,92,110",
                        "endOffsets": "386,589,714,824,1034,1162,1300,1428,1647,1754,1951,2079,2287,2467,2556,2649,2760"
                    },
                    "to": {
                        "startLines": "21,22,23,24,25,26,27,28,30,31,32,33,34,35,36,37,38",
                        "startColumns": "4,4,4,4,4,4,4,4,4,4,4,4,4,4,4,4,4",
                        "startOffsets": "2084,2194,2397,2526,2640,2850,2982,3124,3462,3681,3792,3989,4121,4329,4513,4606,4703",
                        "endColumns": "109,202,128,113,209,131,141,131,218,110,196,131,207,183,92,96,114",
                        "endOffsets": "2189,2392,2521,2635,2845,2977,3119,3251,3676,3787,3984,4116,4324,4508,4601,4698,4813"
                    }
                },
                {
                    "source": "C:\\Users\\rache\\.gradle\\caches\\transforms-1\\files-1.1\\appcompat-v7-26.1.0.aar\\090f1e383135fa7a576715b6cc6d265b\\res\\values-hi\\values-hi.xml",
                    "from": {
                        "startLines": "2,3,4,5,6,7,8,9,10,11,12,13,14,15,16,17,18,19,20,21,22",
                        "startColumns": "4,4,4,4,4,4,4,4,4,4,4,4,4,4,4,4,4,4,4,4,4",
                        "startOffsets": "55,172,280,403,508,615,700,802,924,1001,1079,1169,1278,1380,1478,1588,1688,1803,1928,2034,2113",
                        "endColumns": "116,107,122,104,106,84,101,121,76,77,89,108,101,97,109,99,114,124,105,78,100",
                        "endOffsets": "167,275,398,503,610,695,797,919,996,1074,1164,1273,1375,1473,1583,1683,1798,1923,2029,2108,2209"
                    },
                    "to": {
                        "startLines": "2,3,4,5,6,7,8,9,10,11,12,13,14,15,16,17,18,19,20,39,40",
                        "startColumns": "4,4,4,4,4,4,4,4,4,4,4,4,4,4,4,4,4,4,4,4,4",
                        "startOffsets": "105,222,330,453,558,665,750,852,974,1051,1129,1219,1328,1430,1528,1638,1738,1853,1978,4818,4897",
                        "endColumns": "116,107,122,104,106,84,101,121,76,77,89,108,101,97,109,99,114,124,105,78,100",
                        "endOffsets": "217,325,448,553,660,745,847,969,1046,1124,1214,1323,1425,1523,1633,1733,1848,1973,2079,4892,4993"
                    }
                },
                {
                    "source": "C:\\Users\\rache\\.gradle\\caches\\transforms-1\\files-1.1\\play-services-basement-11.8.0.aar\\4156095f54a5b056d692bcb2b851cc07\\res\\values-hi\\values.xml",
                    "from": {
                        "startLines": "4",
                        "startColumns": "0",
                        "startOffsets": "283",
                        "endColumns": "205",
                        "endOffsets": "488"
                    },
                    "to": {
                        "startLines": "29",
                        "startColumns": "4",
                        "startOffsets": "3256",
                        "endColumns": "205",
                        "endOffsets": "3457"
                    }
                }
            ]
        },
        {
            "outputFile": "C:\\Users\\Daniel\\AndroidStudioProjects\\SoftwareSpecifications\\app\\build\\intermediates\\incremental\\mergeDebugResources\\merged.dir\\values-hi\\values-hi.xml",
            "map": [
                {
                    "source": "C:\\Users\\Daniel\\.gradle\\caches\\transforms-1\\files-1.1\\appcompat-v7-26.1.0.aar\\1f600b1218903c988bc8afd8c35bad62\\res\\values-hi\\values-hi.xml",
                    "from": {
                        "startLines": "2,3,4,5,6,7,8,9,10,11,12,13,14,15,16,17,18,19,20,21,22",
                        "startColumns": "4,4,4,4,4,4,4,4,4,4,4,4,4,4,4,4,4,4,4,4,4",
                        "startOffsets": "55,172,280,403,508,615,700,802,924,1001,1079,1169,1278,1380,1478,1588,1688,1803,1928,2034,2113",
                        "endColumns": "116,107,122,104,106,84,101,121,76,77,89,108,101,97,109,99,114,124,105,78,100",
                        "endOffsets": "167,275,398,503,610,695,797,919,996,1074,1164,1273,1375,1473,1583,1683,1798,1923,2029,2108,2209"
                    },
                    "to": {
                        "startLines": "2,3,4,5,6,7,8,9,10,11,12,13,14,15,16,17,18,19,20,39,40",
                        "startColumns": "4,4,4,4,4,4,4,4,4,4,4,4,4,4,4,4,4,4,4,4,4",
                        "startOffsets": "105,222,330,453,558,665,750,852,974,1051,1129,1219,1328,1430,1528,1638,1738,1853,1978,4818,4897",
                        "endColumns": "116,107,122,104,106,84,101,121,76,77,89,108,101,97,109,99,114,124,105,78,100",
                        "endOffsets": "217,325,448,553,660,745,847,969,1046,1124,1214,1323,1425,1523,1633,1733,1848,1973,2079,4892,4993"
                    }
                },
                {
                    "source": "C:\\Users\\Daniel\\.gradle\\caches\\transforms-1\\files-1.1\\play-services-basement-11.8.0.aar\\b0e8a5874481ea38051cd2d8a9724518\\res\\values-hi\\values.xml",
                    "from": {
                        "startLines": "4",
                        "startColumns": "0",
                        "startOffsets": "283",
                        "endColumns": "205",
                        "endOffsets": "488"
                    },
                    "to": {
                        "startLines": "29",
                        "startColumns": "4",
                        "startOffsets": "3256",
                        "endColumns": "205",
                        "endOffsets": "3457"
                    }
                },
                {
                    "source": "C:\\Users\\Daniel\\.gradle\\caches\\transforms-1\\files-1.1\\play-services-base-11.8.0.aar\\aee9d84feeba86acb0e68eb689ed1b20\\res\\values-hi\\values.xml",
                    "from": {
                        "startLines": "4,5,6,7,8,9,10,11,12,13,14,15,16,17,18,19,20",
                        "startColumns": "0,0,0,0,0,0,0,0,0,0,0,0,0,0,0,0,0",
                        "startOffsets": "281,387,590,715,825,1035,1163,1301,1429,1648,1755,1952,2080,2288,2468,2557,2650",
                        "endColumns": "105,202,124,109,209,127,137,127,218,106,196,127,207,179,88,92,110",
                        "endOffsets": "386,589,714,824,1034,1162,1300,1428,1647,1754,1951,2079,2287,2467,2556,2649,2760"
                    },
                    "to": {
                        "startLines": "21,22,23,24,25,26,27,28,30,31,32,33,34,35,36,37,38",
                        "startColumns": "4,4,4,4,4,4,4,4,4,4,4,4,4,4,4,4,4",
                        "startOffsets": "2084,2194,2397,2526,2640,2850,2982,3124,3462,3681,3792,3989,4121,4329,4513,4606,4703",
                        "endColumns": "109,202,128,113,209,131,141,131,218,110,196,131,207,183,92,96,114",
                        "endOffsets": "2189,2392,2521,2635,2845,2977,3119,3251,3676,3787,3984,4116,4324,4508,4601,4698,4813"
                    }
                }
            ]
        }
    ]
}