{
    "logs": [
        {
            "outputFile": "C:\\Users\\Daniel\\AndroidStudioProjects\\SoftwareSpecifications\\app\\build\\intermediates\\incremental\\mergeDebugResources\\merged.dir\\values-ky\\values-ky.xml",
            "map": [
                {
                    "source": "C:\\Users\\Daniel\\.gradle\\caches\\transforms-1\\files-1.1\\appcompat-v7-26.1.0.aar\\1f600b1218903c988bc8afd8c35bad62\\res\\values-ky\\values-ky.xml",
                    "from": {
                        "startLines": "2,3,4,5,6,7,8,9,10,11,12,13,14,15,16,17,18,19,20,21,22",
                        "startColumns": "4,4,4,4,4,4,4,4,4,4,4,4,4,4,4,4,4,4,4,4,4",
                        "startOffsets": "55,159,267,390,485,604,688,795,912,990,1069,1150,1260,1367,1465,1571,1678,1779,1903,2006,2087",
                        "endColumns": "103,107,122,94,118,83,106,116,77,78,80,109,106,97,105,106,100,123,102,80,100",
                        "endOffsets": "154,262,385,480,599,683,790,907,985,1064,1145,1255,1362,1460,1566,1673,1774,1898,2001,2082,2183"
                    },
                    "to": {
                        "startLines": "2,3,4,5,6,7,8,9,10,11,12,13,14,15,16,17,18,19,20,39,40",
                        "startColumns": "4,4,4,4,4,4,4,4,4,4,4,4,4,4,4,4,4,4,4,4,4",
                        "startOffsets": "105,209,317,440,535,654,738,845,962,1040,1119,1200,1310,1417,1515,1621,1728,1829,1953,4756,4837",
                        "endColumns": "103,107,122,94,118,83,106,116,77,78,80,109,106,97,105,106,100,123,102,80,100",
                        "endOffsets": "204,312,435,530,649,733,840,957,1035,1114,1195,1305,1412,1510,1616,1723,1824,1948,2051,4832,4933"
                    }
                },
                {
                    "source": "C:\\Users\\Daniel\\.gradle\\caches\\transforms-1\\files-1.1\\play-services-basement-11.8.0.aar\\b0e8a5874481ea38051cd2d8a9724518\\res\\values-ky\\values.xml",
                    "from": {
                        "startLines": "4",
                        "startColumns": "0",
                        "startOffsets": "283",
                        "endColumns": "220",
                        "endOffsets": "503"
                    },
                    "to": {
                        "startLines": "29",
                        "startColumns": "4",
                        "startOffsets": "3201",
                        "endColumns": "220",
                        "endOffsets": "3417"
                    }
                },
                {
                    "source": "C:\\Users\\Daniel\\.gradle\\caches\\transforms-1\\files-1.1\\play-services-base-11.8.0.aar\\aee9d84feeba86acb0e68eb689ed1b20\\res\\values-ky\\values.xml",
                    "from": {
                        "startLines": "4,5,6,7,8,9,10,11,12,13,14,15,16,17,18,19,20",
                        "startColumns": "0,0,0,0,0,0,0,0,0,0,0,0,0,0,0,0,0",
                        "startOffsets": "281,385,566,693,798,1002,1127,1268,1402,1630,1735,1916,2044,2240,2433,2523,2609",
                        "endColumns": "103,180,126,104,203,124,140,133,227,104,180,127,195,192,89,85,102",
                        "endOffsets": "384,565,692,797,1001,1126,1267,1401,1629,1734,1915,2043,2239,2432,2522,2608,2711"
                    },
                    "to": {
                        "startLines": "21,22,23,24,25,26,27,28,30,31,32,33,34,35,36,37,38",
                        "startColumns": "4,4,4,4,4,4,4,4,4,4,4,4,4,4,4,4,4",
                        "startOffsets": "2056,2164,2345,2476,2585,2789,2918,3063,3422,3650,3759,3940,4072,4268,4465,4559,4649",
                        "endColumns": "107,180,130,108,203,128,144,137,227,108,180,131,195,196,93,89,106",
                        "endOffsets": "2159,2340,2471,2580,2784,2913,3058,3196,3645,3754,3935,4067,4263,4460,4554,4644,4751"
                    }
                }
            ]
        },
        {
            "outputFile": "C:\\Users\\rache\\AndroidStudioProjects\\SoftwareSpecifications\\app\\build\\intermediates\\incremental\\mergeDebugResources\\merged.dir\\values-ky\\values-ky.xml",
            "map": [
                {
                    "source": "C:\\Users\\rache\\.gradle\\caches\\transforms-1\\files-1.1\\appcompat-v7-26.1.0.aar\\090f1e383135fa7a576715b6cc6d265b\\res\\values-ky\\values-ky.xml",
                    "from": {
                        "startLines": "2,3,4,5,6,7,8,9,10,11,12,13,14,15,16,17,18,19,20,21,22",
                        "startColumns": "4,4,4,4,4,4,4,4,4,4,4,4,4,4,4,4,4,4,4,4,4",
                        "startOffsets": "55,159,267,390,485,604,688,795,912,990,1069,1150,1260,1367,1465,1571,1678,1779,1903,2006,2087",
                        "endColumns": "103,107,122,94,118,83,106,116,77,78,80,109,106,97,105,106,100,123,102,80,100",
                        "endOffsets": "154,262,385,480,599,683,790,907,985,1064,1145,1255,1362,1460,1566,1673,1774,1898,2001,2082,2183"
                    },
                    "to": {
                        "startLines": "2,3,4,5,6,7,8,9,10,11,12,13,14,15,16,17,18,19,20,39,40",
                        "startColumns": "4,4,4,4,4,4,4,4,4,4,4,4,4,4,4,4,4,4,4,4,4",
                        "startOffsets": "105,209,317,440,535,654,738,845,962,1040,1119,1200,1310,1417,1515,1621,1728,1829,1953,4756,4837",
                        "endColumns": "103,107,122,94,118,83,106,116,77,78,80,109,106,97,105,106,100,123,102,80,100",
                        "endOffsets": "204,312,435,530,649,733,840,957,1035,1114,1195,1305,1412,1510,1616,1723,1824,1948,2051,4832,4933"
                    }
                },
                {
                    "source": "C:\\Users\\rache\\.gradle\\caches\\transforms-1\\files-1.1\\play-services-base-11.8.0.aar\\f2632959cf334c052a45ac2e6c89af48\\res\\values-ky\\values.xml",
                    "from": {
                        "startLines": "4,5,6,7,8,9,10,11,12,13,14,15,16,17,18,19,20",
                        "startColumns": "0,0,0,0,0,0,0,0,0,0,0,0,0,0,0,0,0",
                        "startOffsets": "281,385,566,693,798,1002,1127,1268,1402,1630,1735,1916,2044,2240,2433,2523,2609",
                        "endColumns": "103,180,126,104,203,124,140,133,227,104,180,127,195,192,89,85,102",
                        "endOffsets": "384,565,692,797,1001,1126,1267,1401,1629,1734,1915,2043,2239,2432,2522,2608,2711"
                    },
                    "to": {
                        "startLines": "21,22,23,24,25,26,27,28,30,31,32,33,34,35,36,37,38",
                        "startColumns": "4,4,4,4,4,4,4,4,4,4,4,4,4,4,4,4,4",
                        "startOffsets": "2056,2164,2345,2476,2585,2789,2918,3063,3422,3650,3759,3940,4072,4268,4465,4559,4649",
                        "endColumns": "107,180,130,108,203,128,144,137,227,108,180,131,195,196,93,89,106",
                        "endOffsets": "2159,2340,2471,2580,2784,2913,3058,3196,3645,3754,3935,4067,4263,4460,4554,4644,4751"
                    }
                },
                {
                    "source": "C:\\Users\\rache\\.gradle\\caches\\transforms-1\\files-1.1\\play-services-basement-11.8.0.aar\\4156095f54a5b056d692bcb2b851cc07\\res\\values-ky\\values.xml",
                    "from": {
                        "startLines": "4",
                        "startColumns": "0",
                        "startOffsets": "283",
                        "endColumns": "220",
                        "endOffsets": "503"
                    },
                    "to": {
                        "startLines": "29",
                        "startColumns": "4",
                        "startOffsets": "3201",
                        "endColumns": "220",
                        "endOffsets": "3417"
                    }
                }
            ]
        }
    ]
}