{
    "logs": [
        {
            "outputFile": "C:\\Users\\Daniel\\AndroidStudioProjects\\SoftwareSpecifications\\app\\build\\intermediates\\incremental\\mergeDebugResources\\merged.dir\\values-ka\\values-ka.xml",
            "map": [
                {
                    "source": "C:\\Users\\Daniel\\.gradle\\caches\\transforms-1\\files-1.1\\play-services-basement-11.8.0.aar\\b0e8a5874481ea38051cd2d8a9724518\\res\\values-ka\\values.xml",
                    "from": {
                        "startLines": "4",
                        "startColumns": "0",
                        "startOffsets": "283",
                        "endColumns": "201",
                        "endOffsets": "484"
                    },
                    "to": {
                        "startLines": "29",
                        "startColumns": "4",
                        "startOffsets": "3242",
                        "endColumns": "201",
                        "endOffsets": "3439"
                    }
                },
                {
                    "source": "C:\\Users\\Daniel\\.gradle\\caches\\transforms-1\\files-1.1\\appcompat-v7-26.1.0.aar\\1f600b1218903c988bc8afd8c35bad62\\res\\values-ka\\values-ka.xml",
                    "from": {
                        "startLines": "2,3,4,5,6,7,8,9,10,11,12,13,14,15,16,17,18,19,20,21,22",
                        "startColumns": "4,4,4,4,4,4,4,4,4,4,4,4,4,4,4,4,4,4,4,4,4",
                        "startOffsets": "55,164,272,395,499,610,698,803,916,1000,1082,1165,1278,1385,1483,1596,1700,1804,1926,2024,2105",
                        "endColumns": "108,107,122,103,110,87,104,112,83,81,82,112,106,97,112,103,103,121,97,80,100",
                        "endOffsets": "159,267,390,494,605,693,798,911,995,1077,1160,1273,1380,1478,1591,1695,1799,1921,2019,2100,2201"
                    },
                    "to": {
                        "startLines": "2,3,4,5,6,7,8,9,10,11,12,13,14,15,16,17,18,19,20,39,40",
                        "startColumns": "4,4,4,4,4,4,4,4,4,4,4,4,4,4,4,4,4,4,4,4,4",
                        "startOffsets": "105,214,322,445,549,660,748,853,966,1050,1132,1215,1328,1435,1533,1646,1750,1854,1976,4783,4864",
                        "endColumns": "108,107,122,103,110,87,104,112,83,81,82,112,106,97,112,103,103,121,97,80,100",
                        "endOffsets": "209,317,440,544,655,743,848,961,1045,1127,1210,1323,1430,1528,1641,1745,1849,1971,2069,4859,4960"
                    }
                },
                {
                    "source": "C:\\Users\\Daniel\\.gradle\\caches\\transforms-1\\files-1.1\\play-services-base-11.8.0.aar\\aee9d84feeba86acb0e68eb689ed1b20\\res\\values-ka\\values.xml",
                    "from": {
                        "startLines": "4,5,6,7,8,9,10,11,12,13,14,15,16,17,18,19,20",
                        "startColumns": "0,0,0,0,0,0,0,0,0,0,0,0,0,0,0,0,0",
                        "startOffsets": "281,384,565,691,799,1012,1144,1292,1425,1657,1763,1949,2075,2295,2460,2552,2639",
                        "endColumns": "102,180,125,107,212,131,147,132,231,105,185,125,219,164,91,86,100",
                        "endOffsets": "383,564,690,798,1011,1143,1291,1424,1656,1762,1948,2074,2294,2459,2551,2638,2739"
                    },
                    "to": {
                        "startLines": "21,22,23,24,25,26,27,28,30,31,32,33,34,35,36,37,38",
                        "startColumns": "4,4,4,4,4,4,4,4,4,4,4,4,4,4,4,4,4",
                        "startOffsets": "2074,2181,2362,2492,2604,2817,2953,3105,3444,3676,3786,3972,4102,4322,4491,4587,4678",
                        "endColumns": "106,180,129,111,212,135,151,136,231,109,185,129,219,168,95,90,104",
                        "endOffsets": "2176,2357,2487,2599,2812,2948,3100,3237,3671,3781,3967,4097,4317,4486,4582,4673,4778"
                    }
                }
            ]
        },
        {
            "outputFile": "C:\\Users\\rache\\AndroidStudioProjects\\SoftwareSpecifications\\app\\build\\intermediates\\incremental\\mergeDebugResources\\merged.dir\\values-ka\\values-ka.xml",
            "map": [
                {
                    "source": "C:\\Users\\rache\\.gradle\\caches\\transforms-1\\files-1.1\\appcompat-v7-26.1.0.aar\\090f1e383135fa7a576715b6cc6d265b\\res\\values-ka\\values-ka.xml",
                    "from": {
                        "startLines": "2,3,4,5,6,7,8,9,10,11,12,13,14,15,16,17,18,19,20,21,22",
                        "startColumns": "4,4,4,4,4,4,4,4,4,4,4,4,4,4,4,4,4,4,4,4,4",
                        "startOffsets": "55,164,272,395,499,610,698,803,916,1000,1082,1165,1278,1385,1483,1596,1700,1804,1926,2024,2105",
                        "endColumns": "108,107,122,103,110,87,104,112,83,81,82,112,106,97,112,103,103,121,97,80,100",
                        "endOffsets": "159,267,390,494,605,693,798,911,995,1077,1160,1273,1380,1478,1591,1695,1799,1921,2019,2100,2201"
                    },
                    "to": {
                        "startLines": "2,3,4,5,6,7,8,9,10,11,12,13,14,15,16,17,18,19,20,39,40",
                        "startColumns": "4,4,4,4,4,4,4,4,4,4,4,4,4,4,4,4,4,4,4,4,4",
                        "startOffsets": "105,214,322,445,549,660,748,853,966,1050,1132,1215,1328,1435,1533,1646,1750,1854,1976,4783,4864",
                        "endColumns": "108,107,122,103,110,87,104,112,83,81,82,112,106,97,112,103,103,121,97,80,100",
                        "endOffsets": "209,317,440,544,655,743,848,961,1045,1127,1210,1323,1430,1528,1641,1745,1849,1971,2069,4859,4960"
                    }
                },
                {
                    "source": "C:\\Users\\rache\\.gradle\\caches\\transforms-1\\files-1.1\\play-services-base-11.8.0.aar\\f2632959cf334c052a45ac2e6c89af48\\res\\values-ka\\values.xml",
                    "from": {
                        "startLines": "4,5,6,7,8,9,10,11,12,13,14,15,16,17,18,19,20",
                        "startColumns": "0,0,0,0,0,0,0,0,0,0,0,0,0,0,0,0,0",
                        "startOffsets": "281,384,565,691,799,1012,1144,1292,1425,1657,1763,1949,2075,2295,2460,2552,2639",
                        "endColumns": "102,180,125,107,212,131,147,132,231,105,185,125,219,164,91,86,100",
                        "endOffsets": "383,564,690,798,1011,1143,1291,1424,1656,1762,1948,2074,2294,2459,2551,2638,2739"
                    },
                    "to": {
                        "startLines": "21,22,23,24,25,26,27,28,30,31,32,33,34,35,36,37,38",
                        "startColumns": "4,4,4,4,4,4,4,4,4,4,4,4,4,4,4,4,4",
                        "startOffsets": "2074,2181,2362,2492,2604,2817,2953,3105,3444,3676,3786,3972,4102,4322,4491,4587,4678",
                        "endColumns": "106,180,129,111,212,135,151,136,231,109,185,129,219,168,95,90,104",
                        "endOffsets": "2176,2357,2487,2599,2812,2948,3100,3237,3671,3781,3967,4097,4317,4486,4582,4673,4778"
                    }
                },
                {
                    "source": "C:\\Users\\rache\\.gradle\\caches\\transforms-1\\files-1.1\\play-services-basement-11.8.0.aar\\4156095f54a5b056d692bcb2b851cc07\\res\\values-ka\\values.xml",
                    "from": {
                        "startLines": "4",
                        "startColumns": "0",
                        "startOffsets": "283",
                        "endColumns": "201",
                        "endOffsets": "484"
                    },
                    "to": {
                        "startLines": "29",
                        "startColumns": "4",
                        "startOffsets": "3242",
                        "endColumns": "201",
                        "endOffsets": "3439"
                    }
                }
            ]
        }
    ]
}