{
    "logs": [
        {
            "outputFile": "C:\\Users\\Daniel\\AndroidStudioProjects\\SoftwareSpecifications\\app\\build\\intermediates\\incremental\\mergeDebugResources\\merged.dir\\values-uk\\values-uk.xml",
            "map": [
                {
                    "source": "C:\\Users\\Daniel\\.gradle\\caches\\transforms-1\\files-1.1\\appcompat-v7-26.1.0.aar\\1f600b1218903c988bc8afd8c35bad62\\res\\values-uk\\values-uk.xml",
                    "from": {
                        "startLines": "2,3,4,5,6,7,8,9,10,11,12,13,14,15,16,17,18,19,20,21,22",
                        "startColumns": "4,4,4,4,4,4,4,4,4,4,4,4,4,4,4,4,4,4,4,4,4",
                        "startOffsets": "55,165,273,396,498,604,690,798,916,995,1075,1156,1262,1369,1467,1575,1681,1790,1914,2014,2095",
                        "endColumns": "109,107,122,101,105,85,107,117,78,79,80,105,106,97,107,105,108,123,99,80,100",
                        "endOffsets": "160,268,391,493,599,685,793,911,990,1070,1151,1257,1364,1462,1570,1676,1785,1909,2009,2090,2191"
                    },
                    "to": {
                        "startLines": "2,3,4,5,6,7,8,9,10,11,12,13,14,15,16,17,18,19,20,39,40",
                        "startColumns": "4,4,4,4,4,4,4,4,4,4,4,4,4,4,4,4,4,4,4,4,4",
                        "startOffsets": "105,215,323,446,548,654,740,848,966,1045,1125,1206,1312,1419,1517,1625,1731,1840,1964,4779,4860",
                        "endColumns": "109,107,122,101,105,85,107,117,78,79,80,105,106,97,107,105,108,123,99,80,100",
                        "endOffsets": "210,318,441,543,649,735,843,961,1040,1120,1201,1307,1414,1512,1620,1726,1835,1959,2059,4855,4956"
                    }
                },
                {
                    "source": "C:\\Users\\Daniel\\.gradle\\caches\\transforms-1\\files-1.1\\play-services-basement-11.8.0.aar\\b0e8a5874481ea38051cd2d8a9724518\\res\\values-uk\\values.xml",
                    "from": {
                        "startLines": "4",
                        "startColumns": "0",
                        "startOffsets": "283",
                        "endColumns": "204",
                        "endOffsets": "487"
                    },
                    "to": {
                        "startLines": "29",
                        "startColumns": "4",
                        "startOffsets": "3233",
                        "endColumns": "204",
                        "endOffsets": "3433"
                    }
                },
                {
                    "source": "C:\\Users\\Daniel\\.gradle\\caches\\transforms-1\\files-1.1\\play-services-base-11.8.0.aar\\aee9d84feeba86acb0e68eb689ed1b20\\res\\values-uk\\values.xml",
                    "from": {
                        "startLines": "4,5,6,7,8,9,10,11,12,13,14,15,16,17,18,19,20",
                        "startColumns": "0,0,0,0,0,0,0,0,0,0,0,0,0,0,0,0,0",
                        "startOffsets": "281,387,582,707,815,1028,1155,1296,1426,1653,1757,1950,2073,2279,2447,2543,2630",
                        "endColumns": "105,194,124,107,212,126,140,129,226,103,192,122,205,167,95,86,112",
                        "endOffsets": "386,581,706,814,1027,1154,1295,1425,1652,1756,1949,2072,2278,2446,2542,2629,2742"
                    },
                    "to": {
                        "startLines": "21,22,23,24,25,26,27,28,30,31,32,33,34,35,36,37,38",
                        "startColumns": "4,4,4,4,4,4,4,4,4,4,4,4,4,4,4,4,4",
                        "startOffsets": "2064,2174,2369,2498,2610,2823,2954,3099,3438,3665,3773,3966,4093,4299,4471,4571,4662",
                        "endColumns": "109,194,128,111,212,130,144,133,226,107,192,126,205,171,99,90,116",
                        "endOffsets": "2169,2364,2493,2605,2818,2949,3094,3228,3660,3768,3961,4088,4294,4466,4566,4657,4774"
                    }
                }
            ]
        },
        {
            "outputFile": "C:\\Users\\rache\\AndroidStudioProjects\\SoftwareSpecifications\\app\\build\\intermediates\\incremental\\mergeDebugResources\\merged.dir\\values-uk\\values-uk.xml",
            "map": [
                {
                    "source": "C:\\Users\\rache\\.gradle\\caches\\transforms-1\\files-1.1\\appcompat-v7-26.1.0.aar\\090f1e383135fa7a576715b6cc6d265b\\res\\values-uk\\values-uk.xml",
                    "from": {
                        "startLines": "2,3,4,5,6,7,8,9,10,11,12,13,14,15,16,17,18,19,20,21,22",
                        "startColumns": "4,4,4,4,4,4,4,4,4,4,4,4,4,4,4,4,4,4,4,4,4",
                        "startOffsets": "55,165,273,396,498,604,690,798,916,995,1075,1156,1262,1369,1467,1575,1681,1790,1914,2014,2095",
                        "endColumns": "109,107,122,101,105,85,107,117,78,79,80,105,106,97,107,105,108,123,99,80,100",
                        "endOffsets": "160,268,391,493,599,685,793,911,990,1070,1151,1257,1364,1462,1570,1676,1785,1909,2009,2090,2191"
                    },
                    "to": {
                        "startLines": "2,3,4,5,6,7,8,9,10,11,12,13,14,15,16,17,18,19,20,39,40",
                        "startColumns": "4,4,4,4,4,4,4,4,4,4,4,4,4,4,4,4,4,4,4,4,4",
                        "startOffsets": "105,215,323,446,548,654,740,848,966,1045,1125,1206,1312,1419,1517,1625,1731,1840,1964,4779,4860",
                        "endColumns": "109,107,122,101,105,85,107,117,78,79,80,105,106,97,107,105,108,123,99,80,100",
                        "endOffsets": "210,318,441,543,649,735,843,961,1040,1120,1201,1307,1414,1512,1620,1726,1835,1959,2059,4855,4956"
                    }
                },
                {
                    "source": "C:\\Users\\rache\\.gradle\\caches\\transforms-1\\files-1.1\\play-services-basement-11.8.0.aar\\4156095f54a5b056d692bcb2b851cc07\\res\\values-uk\\values.xml",
                    "from": {
                        "startLines": "4",
                        "startColumns": "0",
                        "startOffsets": "283",
                        "endColumns": "204",
                        "endOffsets": "487"
                    },
                    "to": {
                        "startLines": "29",
                        "startColumns": "4",
                        "startOffsets": "3233",
                        "endColumns": "204",
                        "endOffsets": "3433"
                    }
                },
                {
                    "source": "C:\\Users\\rache\\.gradle\\caches\\transforms-1\\files-1.1\\play-services-base-11.8.0.aar\\f2632959cf334c052a45ac2e6c89af48\\res\\values-uk\\values.xml",
                    "from": {
                        "startLines": "4,5,6,7,8,9,10,11,12,13,14,15,16,17,18,19,20",
                        "startColumns": "0,0,0,0,0,0,0,0,0,0,0,0,0,0,0,0,0",
                        "startOffsets": "281,387,582,707,815,1028,1155,1296,1426,1653,1757,1950,2073,2279,2447,2543,2630",
                        "endColumns": "105,194,124,107,212,126,140,129,226,103,192,122,205,167,95,86,112",
                        "endOffsets": "386,581,706,814,1027,1154,1295,1425,1652,1756,1949,2072,2278,2446,2542,2629,2742"
                    },
                    "to": {
                        "startLines": "21,22,23,24,25,26,27,28,30,31,32,33,34,35,36,37,38",
                        "startColumns": "4,4,4,4,4,4,4,4,4,4,4,4,4,4,4,4,4",
                        "startOffsets": "2064,2174,2369,2498,2610,2823,2954,3099,3438,3665,3773,3966,4093,4299,4471,4571,4662",
                        "endColumns": "109,194,128,111,212,130,144,133,226,107,192,126,205,171,99,90,116",
                        "endOffsets": "2169,2364,2493,2605,2818,2949,3094,3228,3660,3768,3961,4088,4294,4466,4566,4657,4774"
                    }
                }
            ]
        }
    ]
}