{
    "logs": [
        {
            "outputFile": "C:\\Users\\Daniel\\AndroidStudioProjects\\SoftwareSpecifications\\app\\build\\intermediates\\incremental\\mergeDebugResources\\merged.dir\\values-am\\values-am.xml",
            "map": [
                {
                    "source": "C:\\Users\\Daniel\\.gradle\\caches\\transforms-1\\files-1.1\\appcompat-v7-26.1.0.aar\\1f600b1218903c988bc8afd8c35bad62\\res\\values-am\\values-am.xml",
                    "from": {
                        "startLines": "2,3,4,5,6,7,8,9,10,11,12,13,14,15,16,17,18,19,20,21,22",
                        "startColumns": "4,4,4,4,4,4,4,4,4,4,4,4,4,4,4,4,4,4,4,4,4",
                        "startOffsets": "55,157,265,388,487,593,679,782,895,973,1051,1130,1230,1330,1426,1529,1628,1735,1851,1947,2026",
                        "endColumns": "101,107,122,98,105,85,102,112,77,77,78,99,99,95,102,98,106,115,95,78,100",
                        "endOffsets": "152,260,383,482,588,674,777,890,968,1046,1125,1225,1325,1421,1524,1623,1730,1846,1942,2021,2122"
                    },
                    "to": {
                        "startLines": "2,3,4,5,6,7,8,9,10,11,12,13,14,15,16,17,18,19,20,39,40",
                        "startColumns": "4,4,4,4,4,4,4,4,4,4,4,4,4,4,4,4,4,4,4,4,4",
                        "startOffsets": "105,207,315,438,537,643,729,832,945,1023,1101,1180,1280,1380,1476,1579,1678,1785,1901,4492,4571",
                        "endColumns": "101,107,122,98,105,85,102,112,77,77,78,99,99,95,102,98,106,115,95,78,100",
                        "endOffsets": "202,310,433,532,638,724,827,940,1018,1096,1175,1275,1375,1471,1574,1673,1780,1896,1992,4566,4667"
                    }
                },
                {
                    "source": "C:\\Users\\Daniel\\.gradle\\caches\\transforms-1\\files-1.1\\play-services-base-11.8.0.aar\\aee9d84feeba86acb0e68eb689ed1b20\\res\\values-am\\values.xml",
                    "from": {
                        "startLines": "4,5,6,7,8,9,10,11,12,13,14,15,16,17,18,19,20",
                        "startColumns": "0,0,0,0,0,0,0,0,0,0,0,0,0,0,0,0,0",
                        "startOffsets": "281,381,552,672,772,958,1079,1213,1340,1527,1628,1804,1925,2119,2272,2358,2441",
                        "endColumns": "99,170,119,99,185,120,133,126,186,100,175,120,193,152,85,82,95",
                        "endOffsets": "380,551,671,771,957,1078,1212,1339,1526,1627,1803,1924,2118,2271,2357,2440,2536"
                    },
                    "to": {
                        "startLines": "21,22,23,24,25,26,27,28,30,31,32,33,34,35,36,37,38",
                        "startColumns": "4,4,4,4,4,4,4,4,4,4,4,4,4,4,4,4,4",
                        "startOffsets": "1997,2101,2272,2396,2500,2686,2811,2949,3271,3458,3563,3739,3864,4058,4215,4305,4392",
                        "endColumns": "103,170,123,103,185,124,137,130,186,104,175,124,193,156,89,86,99",
                        "endOffsets": "2096,2267,2391,2495,2681,2806,2944,3075,3453,3558,3734,3859,4053,4210,4300,4387,4487"
                    }
                },
                {
                    "source": "C:\\Users\\Daniel\\.gradle\\caches\\transforms-1\\files-1.1\\play-services-basement-11.8.0.aar\\b0e8a5874481ea38051cd2d8a9724518\\res\\values-am\\values.xml",
                    "from": {
                        "startLines": "4",
                        "startColumns": "0",
                        "startOffsets": "283",
                        "endColumns": "190",
                        "endOffsets": "473"
                    },
                    "to": {
                        "startLines": "29",
                        "startColumns": "4",
                        "startOffsets": "3080",
                        "endColumns": "190",
                        "endOffsets": "3266"
                    }
                }
            ]
        },
        {
            "outputFile": "C:\\Users\\rache\\AndroidStudioProjects\\SoftwareSpecifications\\app\\build\\intermediates\\incremental\\mergeDebugResources\\merged.dir\\values-am\\values-am.xml",
            "map": [
                {
                    "source": "C:\\Users\\rache\\.gradle\\caches\\transforms-1\\files-1.1\\play-services-basement-11.8.0.aar\\4156095f54a5b056d692bcb2b851cc07\\res\\values-am\\values.xml",
                    "from": {
                        "startLines": "4",
                        "startColumns": "0",
                        "startOffsets": "283",
                        "endColumns": "190",
                        "endOffsets": "473"
                    },
                    "to": {
                        "startLines": "29",
                        "startColumns": "4",
                        "startOffsets": "3080",
                        "endColumns": "190",
                        "endOffsets": "3266"
                    }
                },
                {
                    "source": "C:\\Users\\rache\\.gradle\\caches\\transforms-1\\files-1.1\\play-services-base-11.8.0.aar\\f2632959cf334c052a45ac2e6c89af48\\res\\values-am\\values.xml",
                    "from": {
                        "startLines": "4,5,6,7,8,9,10,11,12,13,14,15,16,17,18,19,20",
                        "startColumns": "0,0,0,0,0,0,0,0,0,0,0,0,0,0,0,0,0",
                        "startOffsets": "281,381,552,672,772,958,1079,1213,1340,1527,1628,1804,1925,2119,2272,2358,2441",
                        "endColumns": "99,170,119,99,185,120,133,126,186,100,175,120,193,152,85,82,95",
                        "endOffsets": "380,551,671,771,957,1078,1212,1339,1526,1627,1803,1924,2118,2271,2357,2440,2536"
                    },
                    "to": {
                        "startLines": "21,22,23,24,25,26,27,28,30,31,32,33,34,35,36,37,38",
                        "startColumns": "4,4,4,4,4,4,4,4,4,4,4,4,4,4,4,4,4",
                        "startOffsets": "1997,2101,2272,2396,2500,2686,2811,2949,3271,3458,3563,3739,3864,4058,4215,4305,4392",
                        "endColumns": "103,170,123,103,185,124,137,130,186,104,175,124,193,156,89,86,99",
                        "endOffsets": "2096,2267,2391,2495,2681,2806,2944,3075,3453,3558,3734,3859,4053,4210,4300,4387,4487"
                    }
                },
                {
                    "source": "C:\\Users\\rache\\.gradle\\caches\\transforms-1\\files-1.1\\appcompat-v7-26.1.0.aar\\090f1e383135fa7a576715b6cc6d265b\\res\\values-am\\values-am.xml",
                    "from": {
                        "startLines": "2,3,4,5,6,7,8,9,10,11,12,13,14,15,16,17,18,19,20,21,22",
                        "startColumns": "4,4,4,4,4,4,4,4,4,4,4,4,4,4,4,4,4,4,4,4,4",
                        "startOffsets": "55,157,265,388,487,593,679,782,895,973,1051,1130,1230,1330,1426,1529,1628,1735,1851,1947,2026",
                        "endColumns": "101,107,122,98,105,85,102,112,77,77,78,99,99,95,102,98,106,115,95,78,100",
                        "endOffsets": "152,260,383,482,588,674,777,890,968,1046,1125,1225,1325,1421,1524,1623,1730,1846,1942,2021,2122"
                    },
                    "to": {
                        "startLines": "2,3,4,5,6,7,8,9,10,11,12,13,14,15,16,17,18,19,20,39,40",
                        "startColumns": "4,4,4,4,4,4,4,4,4,4,4,4,4,4,4,4,4,4,4,4,4",
                        "startOffsets": "105,207,315,438,537,643,729,832,945,1023,1101,1180,1280,1380,1476,1579,1678,1785,1901,4492,4571",
                        "endColumns": "101,107,122,98,105,85,102,112,77,77,78,99,99,95,102,98,106,115,95,78,100",
                        "endOffsets": "202,310,433,532,638,724,827,940,1018,1096,1175,1275,1375,1471,1574,1673,1780,1896,1992,4566,4667"
                    }
                }
            ]
        }
    ]
}