{
    "logs": [
        {
            "outputFile": "C:\\Users\\Daniel\\AndroidStudioProjects\\SoftwareSpecifications\\app\\build\\intermediates\\incremental\\mergeDebugResources\\merged.dir\\values-ur\\values-ur.xml",
            "map": [
                {
                    "source": "C:\\Users\\Daniel\\.gradle\\caches\\transforms-1\\files-1.1\\play-services-basement-11.8.0.aar\\b0e8a5874481ea38051cd2d8a9724518\\res\\values-ur\\values.xml",
                    "from": {
                        "startLines": "4",
                        "startColumns": "0",
                        "startOffsets": "283",
                        "endColumns": "210",
                        "endOffsets": "493"
                    },
                    "to": {
                        "startLines": "29",
                        "startColumns": "4",
                        "startOffsets": "3223",
                        "endColumns": "210",
                        "endOffsets": "3429"
                    }
                },
                {
                    "source": "C:\\Users\\Daniel\\.gradle\\caches\\transforms-1\\files-1.1\\play-services-base-11.8.0.aar\\aee9d84feeba86acb0e68eb689ed1b20\\res\\values-ur\\values.xml",
                    "from": {
                        "startLines": "4,5,6,7,8,9,10,11,12,13,14,15,16,17,18,19,20",
                        "startColumns": "0,0,0,0,0,0,0,0,0,0,0,0,0,0,0,0,0",
                        "startOffsets": "281,387,583,707,816,1015,1140,1278,1407,1618,1726,1929,2055,2260,2455,2544,2637",
                        "endColumns": "105,195,123,108,198,124,137,128,210,107,202,125,204,194,88,92,112",
                        "endOffsets": "386,582,706,815,1014,1139,1277,1406,1617,1725,1928,2054,2259,2454,2543,2636,2749"
                    },
                    "to": {
                        "startLines": "21,22,23,24,25,26,27,28,30,31,32,33,34,35,36,37,38",
                        "startColumns": "4,4,4,4,4,4,4,4,4,4,4,4,4,4,4,4,4",
                        "startOffsets": "2073,2183,2379,2507,2620,2819,2948,3090,3434,3645,3757,3960,4090,4295,4494,4587,4684",
                        "endColumns": "109,195,127,112,198,128,141,132,210,111,202,129,204,198,92,96,116",
                        "endOffsets": "2178,2374,2502,2615,2814,2943,3085,3218,3640,3752,3955,4085,4290,4489,4582,4679,4796"
                    }
                },
                {
                    "source": "C:\\Users\\Daniel\\.gradle\\caches\\transforms-1\\files-1.1\\appcompat-v7-26.1.0.aar\\1f600b1218903c988bc8afd8c35bad62\\res\\values-ur\\values-ur.xml",
                    "from": {
                        "startLines": "2,3,4,5,6,7,8,9,10,11,12,13,14,15,16,17,18,19,20,21,22",
                        "startColumns": "4,4,4,4,4,4,4,4,4,4,4,4,4,4,4,4,4,4,4,4,4",
                        "startOffsets": "55,165,273,396,502,611,697,801,921,997,1073,1158,1266,1375,1477,1588,1688,1796,1925,2023,2103",
                        "endColumns": "109,107,122,105,108,85,103,119,75,75,84,107,108,101,110,99,107,128,97,79,102",
                        "endOffsets": "160,268,391,497,606,692,796,916,992,1068,1153,1261,1370,1472,1583,1683,1791,1920,2018,2098,2201"
                    },
                    "to": {
                        "startLines": "2,3,4,5,6,7,8,9,10,11,12,13,14,15,16,17,18,19,20,39,40",
                        "startColumns": "4,4,4,4,4,4,4,4,4,4,4,4,4,4,4,4,4,4,4,4,4",
                        "startOffsets": "105,215,323,446,552,661,747,851,971,1047,1123,1208,1316,1425,1527,1638,1738,1846,1975,4801,4881",
                        "endColumns": "109,107,122,105,108,85,103,119,75,75,84,107,108,101,110,99,107,128,97,79,102",
                        "endOffsets": "210,318,441,547,656,742,846,966,1042,1118,1203,1311,1420,1522,1633,1733,1841,1970,2068,4876,4979"
                    }
                }
            ]
        },
        {
            "outputFile": "C:\\Users\\rache\\AndroidStudioProjects\\SoftwareSpecifications\\app\\build\\intermediates\\incremental\\mergeDebugResources\\merged.dir\\values-ur\\values-ur.xml",
            "map": [
                {
                    "source": "C:\\Users\\rache\\.gradle\\caches\\transforms-1\\files-1.1\\play-services-base-11.8.0.aar\\f2632959cf334c052a45ac2e6c89af48\\res\\values-ur\\values.xml",
                    "from": {
                        "startLines": "4,5,6,7,8,9,10,11,12,13,14,15,16,17,18,19,20",
                        "startColumns": "0,0,0,0,0,0,0,0,0,0,0,0,0,0,0,0,0",
                        "startOffsets": "281,387,583,707,816,1015,1140,1278,1407,1618,1726,1929,2055,2260,2455,2544,2637",
                        "endColumns": "105,195,123,108,198,124,137,128,210,107,202,125,204,194,88,92,112",
                        "endOffsets": "386,582,706,815,1014,1139,1277,1406,1617,1725,1928,2054,2259,2454,2543,2636,2749"
                    },
                    "to": {
                        "startLines": "21,22,23,24,25,26,27,28,30,31,32,33,34,35,36,37,38",
                        "startColumns": "4,4,4,4,4,4,4,4,4,4,4,4,4,4,4,4,4",
                        "startOffsets": "2073,2183,2379,2507,2620,2819,2948,3090,3434,3645,3757,3960,4090,4295,4494,4587,4684",
                        "endColumns": "109,195,127,112,198,128,141,132,210,111,202,129,204,198,92,96,116",
                        "endOffsets": "2178,2374,2502,2615,2814,2943,3085,3218,3640,3752,3955,4085,4290,4489,4582,4679,4796"
                    }
                },
                {
                    "source": "C:\\Users\\rache\\.gradle\\caches\\transforms-1\\files-1.1\\play-services-basement-11.8.0.aar\\4156095f54a5b056d692bcb2b851cc07\\res\\values-ur\\values.xml",
                    "from": {
                        "startLines": "4",
                        "startColumns": "0",
                        "startOffsets": "283",
                        "endColumns": "210",
                        "endOffsets": "493"
                    },
                    "to": {
                        "startLines": "29",
                        "startColumns": "4",
                        "startOffsets": "3223",
                        "endColumns": "210",
                        "endOffsets": "3429"
                    }
                },
                {
                    "source": "C:\\Users\\rache\\.gradle\\caches\\transforms-1\\files-1.1\\appcompat-v7-26.1.0.aar\\090f1e383135fa7a576715b6cc6d265b\\res\\values-ur\\values-ur.xml",
                    "from": {
                        "startLines": "2,3,4,5,6,7,8,9,10,11,12,13,14,15,16,17,18,19,20,21,22",
                        "startColumns": "4,4,4,4,4,4,4,4,4,4,4,4,4,4,4,4,4,4,4,4,4",
                        "startOffsets": "55,165,273,396,502,611,697,801,921,997,1073,1158,1266,1375,1477,1588,1688,1796,1925,2023,2103",
                        "endColumns": "109,107,122,105,108,85,103,119,75,75,84,107,108,101,110,99,107,128,97,79,102",
                        "endOffsets": "160,268,391,497,606,692,796,916,992,1068,1153,1261,1370,1472,1583,1683,1791,1920,2018,2098,2201"
                    },
                    "to": {
                        "startLines": "2,3,4,5,6,7,8,9,10,11,12,13,14,15,16,17,18,19,20,39,40",
                        "startColumns": "4,4,4,4,4,4,4,4,4,4,4,4,4,4,4,4,4,4,4,4,4",
                        "startOffsets": "105,215,323,446,552,661,747,851,971,1047,1123,1208,1316,1425,1527,1638,1738,1846,1975,4801,4881",
                        "endColumns": "109,107,122,105,108,85,103,119,75,75,84,107,108,101,110,99,107,128,97,79,102",
                        "endOffsets": "210,318,441,547,656,742,846,966,1042,1118,1203,1311,1420,1522,1633,1733,1841,1970,2068,4876,4979"
                    }
                }
            ]
        }
    ]
}