{
    "logs": [
        {
            "outputFile": "C:\\Users\\Daniel\\AndroidStudioProjects\\SoftwareSpecifications\\app\\build\\intermediates\\incremental\\mergeDebugResources\\merged.dir\\values-ms\\values-ms.xml",
            "map": [
                {
                    "source": "C:\\Users\\Daniel\\.gradle\\caches\\transforms-1\\files-1.1\\play-services-base-11.8.0.aar\\aee9d84feeba86acb0e68eb689ed1b20\\res\\values-ms\\values.xml",
                    "from": {
                        "startLines": "4,5,6,7,8,9,10,11,12,13,14,15,16,17,18,19,20",
                        "startColumns": "0,0,0,0,0,0,0,0,0,0,0,0,0,0,0,0,0",
                        "startOffsets": "281,385,590,718,822,1053,1183,1329,1461,1705,1812,2018,2151,2381,2582,2675,2765",
                        "endColumns": "103,204,127,103,230,129,145,131,243,106,205,132,229,200,92,89,107",
                        "endOffsets": "384,589,717,821,1052,1182,1328,1460,1704,1811,2017,2150,2380,2581,2674,2764,2872"
                    },
                    "to": {
                        "startLines": "21,22,23,24,25,26,27,28,30,31,32,33,34,35,36,37,38",
                        "startColumns": "4,4,4,4,4,4,4,4,4,4,4,4,4,4,4,4,4",
                        "startOffsets": "2059,2167,2372,2504,2612,2843,2977,3127,3468,3712,3823,4029,4166,4396,4601,4698,4792",
                        "endColumns": "107,204,131,107,230,133,149,135,243,110,205,136,229,204,96,93,111",
                        "endOffsets": "2162,2367,2499,2607,2838,2972,3122,3258,3707,3818,4024,4161,4391,4596,4693,4787,4899"
                    }
                },
                {
                    "source": "C:\\Users\\Daniel\\.gradle\\caches\\transforms-1\\files-1.1\\play-services-basement-11.8.0.aar\\b0e8a5874481ea38051cd2d8a9724518\\res\\values-ms\\values.xml",
                    "from": {
                        "startLines": "4",
                        "startColumns": "0",
                        "startOffsets": "283",
                        "endColumns": "204",
                        "endOffsets": "487"
                    },
                    "to": {
                        "startLines": "29",
                        "startColumns": "4",
                        "startOffsets": "3263",
                        "endColumns": "204",
                        "endOffsets": "3463"
                    }
                },
                {
                    "source": "C:\\Users\\Daniel\\.gradle\\caches\\transforms-1\\files-1.1\\appcompat-v7-26.1.0.aar\\1f600b1218903c988bc8afd8c35bad62\\res\\values-ms\\values-ms.xml",
                    "from": {
                        "startLines": "2,3,4,5,6,7,8,9,10,11,12,13,14,15,16,17,18,19,20,21,22",
                        "startColumns": "4,4,4,4,4,4,4,4,4,4,4,4,4,4,4,4,4,4,4,4,4",
                        "startOffsets": "55,166,274,397,502,610,697,801,912,990,1069,1149,1261,1370,1467,1576,1679,1786,1908,2009,2089",
                        "endColumns": "110,107,122,104,107,86,103,110,77,78,79,111,108,96,108,102,106,121,100,79,100",
                        "endOffsets": "161,269,392,497,605,692,796,907,985,1064,1144,1256,1365,1462,1571,1674,1781,1903,2004,2084,2185"
                    },
                    "to": {
                        "startLines": "2,3,4,5,6,7,8,9,10,11,12,13,14,15,16,17,18,19,20,39,40",
                        "startColumns": "4,4,4,4,4,4,4,4,4,4,4,4,4,4,4,4,4,4,4,4,4",
                        "startOffsets": "105,216,324,447,552,660,747,851,962,1040,1119,1199,1311,1420,1517,1626,1729,1836,1958,4904,4984",
                        "endColumns": "110,107,122,104,107,86,103,110,77,78,79,111,108,96,108,102,106,121,100,79,100",
                        "endOffsets": "211,319,442,547,655,742,846,957,1035,1114,1194,1306,1415,1512,1621,1724,1831,1953,2054,4979,5080"
                    }
                }
            ]
        },
        {
            "outputFile": "C:\\Users\\rache\\AndroidStudioProjects\\SoftwareSpecifications\\app\\build\\intermediates\\incremental\\mergeDebugResources\\merged.dir\\values-ms\\values-ms.xml",
            "map": [
                {
                    "source": "C:\\Users\\rache\\.gradle\\caches\\transforms-1\\files-1.1\\play-services-base-11.8.0.aar\\f2632959cf334c052a45ac2e6c89af48\\res\\values-ms\\values.xml",
                    "from": {
                        "startLines": "4,5,6,7,8,9,10,11,12,13,14,15,16,17,18,19,20",
                        "startColumns": "0,0,0,0,0,0,0,0,0,0,0,0,0,0,0,0,0",
                        "startOffsets": "281,385,590,718,822,1053,1183,1329,1461,1705,1812,2018,2151,2381,2582,2675,2765",
                        "endColumns": "103,204,127,103,230,129,145,131,243,106,205,132,229,200,92,89,107",
                        "endOffsets": "384,589,717,821,1052,1182,1328,1460,1704,1811,2017,2150,2380,2581,2674,2764,2872"
                    },
                    "to": {
                        "startLines": "21,22,23,24,25,26,27,28,30,31,32,33,34,35,36,37,38",
                        "startColumns": "4,4,4,4,4,4,4,4,4,4,4,4,4,4,4,4,4",
                        "startOffsets": "2059,2167,2372,2504,2612,2843,2977,3127,3468,3712,3823,4029,4166,4396,4601,4698,4792",
                        "endColumns": "107,204,131,107,230,133,149,135,243,110,205,136,229,204,96,93,111",
                        "endOffsets": "2162,2367,2499,2607,2838,2972,3122,3258,3707,3818,4024,4161,4391,4596,4693,4787,4899"
                    }
                },
                {
                    "source": "C:\\Users\\rache\\.gradle\\caches\\transforms-1\\files-1.1\\play-services-basement-11.8.0.aar\\4156095f54a5b056d692bcb2b851cc07\\res\\values-ms\\values.xml",
                    "from": {
                        "startLines": "4",
                        "startColumns": "0",
                        "startOffsets": "283",
                        "endColumns": "204",
                        "endOffsets": "487"
                    },
                    "to": {
                        "startLines": "29",
                        "startColumns": "4",
                        "startOffsets": "3263",
                        "endColumns": "204",
                        "endOffsets": "3463"
                    }
                },
                {
                    "source": "C:\\Users\\rache\\.gradle\\caches\\transforms-1\\files-1.1\\appcompat-v7-26.1.0.aar\\090f1e383135fa7a576715b6cc6d265b\\res\\values-ms\\values-ms.xml",
                    "from": {
                        "startLines": "2,3,4,5,6,7,8,9,10,11,12,13,14,15,16,17,18,19,20,21,22",
                        "startColumns": "4,4,4,4,4,4,4,4,4,4,4,4,4,4,4,4,4,4,4,4,4",
                        "startOffsets": "55,166,274,397,502,610,697,801,912,990,1069,1149,1261,1370,1467,1576,1679,1786,1908,2009,2089",
                        "endColumns": "110,107,122,104,107,86,103,110,77,78,79,111,108,96,108,102,106,121,100,79,100",
                        "endOffsets": "161,269,392,497,605,692,796,907,985,1064,1144,1256,1365,1462,1571,1674,1781,1903,2004,2084,2185"
                    },
                    "to": {
                        "startLines": "2,3,4,5,6,7,8,9,10,11,12,13,14,15,16,17,18,19,20,39,40",
                        "startColumns": "4,4,4,4,4,4,4,4,4,4,4,4,4,4,4,4,4,4,4,4,4",
                        "startOffsets": "105,216,324,447,552,660,747,851,962,1040,1119,1199,1311,1420,1517,1626,1729,1836,1958,4904,4984",
                        "endColumns": "110,107,122,104,107,86,103,110,77,78,79,111,108,96,108,102,106,121,100,79,100",
                        "endOffsets": "211,319,442,547,655,742,846,957,1035,1114,1194,1306,1415,1512,1621,1724,1831,1953,2054,4979,5080"
                    }
                }
            ]
        }
    ]
}