{
    "logs": [
        {
            "outputFile": "C:\\Users\\rache\\AndroidStudioProjects\\SoftwareSpecifications\\app\\build\\intermediates\\incremental\\mergeDebugResources\\merged.dir\\values-b+sr+Latn\\values-b+sr+Latn.xml",
            "map": [
                {
                    "source": "C:\\Users\\rache\\.gradle\\caches\\transforms-1\\files-1.1\\play-services-basement-11.8.0.aar\\4156095f54a5b056d692bcb2b851cc07\\res\\values-b+sr+Latn\\values.xml",
                    "from": {
                        "startLines": "4",
                        "startColumns": "0",
                        "startOffsets": "290",
                        "endColumns": "188",
                        "endOffsets": "478"
                    },
                    "to": {
                        "startLines": "29",
                        "startColumns": "4",
                        "startOffsets": "3219",
                        "endColumns": "188",
                        "endOffsets": "3403"
                    }
                },
                {
                    "source": "C:\\Users\\rache\\.gradle\\caches\\transforms-1\\files-1.1\\appcompat-v7-26.1.0.aar\\090f1e383135fa7a576715b6cc6d265b\\res\\values-b+sr+Latn\\values-b+sr+Latn.xml",
                    "from": {
                        "startLines": "2,3,4,5,6,7,8,9,10,11,12,13,14,15,16,17,18,19,20,21,22",
                        "startColumns": "4,4,4,4,4,4,4,4,4,4,4,4,4,4,4,4,4,4,4,4,4",
                        "startOffsets": "55,164,272,395,499,605,691,795,913,995,1076,1164,1270,1378,1479,1584,1692,1793,1921,2018,2102",
                        "endColumns": "108,107,122,103,105,85,103,117,81,80,87,105,107,100,104,107,100,127,96,83,100",
                        "endOffsets": "159,267,390,494,600,686,790,908,990,1071,1159,1265,1373,1474,1579,1687,1788,1916,2013,2097,2198"
                    },
                    "to": {
                        "startLines": "2,3,4,5,6,7,8,9,10,11,12,13,14,15,16,17,18,19,20,39,40",
                        "startColumns": "4,4,4,4,4,4,4,4,4,4,4,4,4,4,4,4,4,4,4,4,4",
                        "startOffsets": "105,214,322,445,549,655,741,845,963,1045,1126,1214,1320,1428,1529,1634,1742,1843,1971,4727,4811",
                        "endColumns": "108,107,122,103,105,85,103,117,81,80,87,105,107,100,104,107,100,127,96,83,100",
                        "endOffsets": "209,317,440,544,650,736,840,958,1040,1121,1209,1315,1423,1524,1629,1737,1838,1966,2063,4806,4907"
                    }
                },
                {
                    "source": "C:\\Users\\rache\\.gradle\\caches\\transforms-1\\files-1.1\\play-services-base-11.8.0.aar\\f2632959cf334c052a45ac2e6c89af48\\res\\values-b+sr+Latn\\values.xml",
                    "from": {
                        "startLines": "4,5,6,7,8,9,10,11,12,13,14,15,16,17,18,19,20",
                        "startColumns": "0,0,0,0,0,0,0,0,0,0,0,0,0,0,0,0,0",
                        "startOffsets": "288,392,580,704,812,1025,1150,1288,1415,1623,1728,1919,2044,2252,2420,2514,2605",
                        "endColumns": "103,187,123,107,212,124,137,126,207,104,190,124,207,167,93,90,104",
                        "endOffsets": "391,579,703,811,1024,1149,1287,1414,1622,1727,1918,2043,2251,2419,2513,2604,2709"
                    },
                    "to": {
                        "startLines": "21,22,23,24,25,26,27,28,30,31,32,33,34,35,36,37,38",
                        "startColumns": "4,4,4,4,4,4,4,4,4,4,4,4,4,4,4,4,4",
                        "startOffsets": "2068,2176,2364,2492,2604,2817,2946,3088,3408,3616,3725,3916,4045,4253,4425,4523,4618",
                        "endColumns": "107,187,127,111,212,128,141,130,207,108,190,128,207,171,97,94,108",
                        "endOffsets": "2171,2359,2487,2599,2812,2941,3083,3214,3611,3720,3911,4040,4248,4420,4518,4613,4722"
                    }
                }
            ]
        },
        {
            "outputFile": "C:\\Users\\Daniel\\AndroidStudioProjects\\SoftwareSpecifications\\app\\build\\intermediates\\incremental\\mergeDebugResources\\merged.dir\\values-b+sr+Latn\\values-b+sr+Latn.xml",
            "map": [
                {
                    "source": "C:\\Users\\Daniel\\.gradle\\caches\\transforms-1\\files-1.1\\play-services-base-11.8.0.aar\\aee9d84feeba86acb0e68eb689ed1b20\\res\\values-b+sr+Latn\\values.xml",
                    "from": {
                        "startLines": "4,5,6,7,8,9,10,11,12,13,14,15,16,17,18,19,20",
                        "startColumns": "0,0,0,0,0,0,0,0,0,0,0,0,0,0,0,0,0",
                        "startOffsets": "288,392,580,704,812,1025,1150,1288,1415,1623,1728,1919,2044,2252,2420,2514,2605",
                        "endColumns": "103,187,123,107,212,124,137,126,207,104,190,124,207,167,93,90,104",
                        "endOffsets": "391,579,703,811,1024,1149,1287,1414,1622,1727,1918,2043,2251,2419,2513,2604,2709"
                    },
                    "to": {
                        "startLines": "21,22,23,24,25,26,27,28,30,31,32,33,34,35,36,37,38",
                        "startColumns": "4,4,4,4,4,4,4,4,4,4,4,4,4,4,4,4,4",
                        "startOffsets": "2068,2176,2364,2492,2604,2817,2946,3088,3408,3616,3725,3916,4045,4253,4425,4523,4618",
                        "endColumns": "107,187,127,111,212,128,141,130,207,108,190,128,207,171,97,94,108",
                        "endOffsets": "2171,2359,2487,2599,2812,2941,3083,3214,3611,3720,3911,4040,4248,4420,4518,4613,4722"
                    }
                },
                {
                    "source": "C:\\Users\\Daniel\\.gradle\\caches\\transforms-1\\files-1.1\\appcompat-v7-26.1.0.aar\\1f600b1218903c988bc8afd8c35bad62\\res\\values-b+sr+Latn\\values-b+sr+Latn.xml",
                    "from": {
                        "startLines": "2,3,4,5,6,7,8,9,10,11,12,13,14,15,16,17,18,19,20,21,22",
                        "startColumns": "4,4,4,4,4,4,4,4,4,4,4,4,4,4,4,4,4,4,4,4,4",
                        "startOffsets": "55,164,272,395,499,605,691,795,913,995,1076,1164,1270,1378,1479,1584,1692,1793,1921,2018,2102",
                        "endColumns": "108,107,122,103,105,85,103,117,81,80,87,105,107,100,104,107,100,127,96,83,100",
                        "endOffsets": "159,267,390,494,600,686,790,908,990,1071,1159,1265,1373,1474,1579,1687,1788,1916,2013,2097,2198"
                    },
                    "to": {
                        "startLines": "2,3,4,5,6,7,8,9,10,11,12,13,14,15,16,17,18,19,20,39,40",
                        "startColumns": "4,4,4,4,4,4,4,4,4,4,4,4,4,4,4,4,4,4,4,4,4",
                        "startOffsets": "105,214,322,445,549,655,741,845,963,1045,1126,1214,1320,1428,1529,1634,1742,1843,1971,4727,4811",
                        "endColumns": "108,107,122,103,105,85,103,117,81,80,87,105,107,100,104,107,100,127,96,83,100",
                        "endOffsets": "209,317,440,544,650,736,840,958,1040,1121,1209,1315,1423,1524,1629,1737,1838,1966,2063,4806,4907"
                    }
                },
                {
                    "source": "C:\\Users\\Daniel\\.gradle\\caches\\transforms-1\\files-1.1\\play-services-basement-11.8.0.aar\\b0e8a5874481ea38051cd2d8a9724518\\res\\values-b+sr+Latn\\values.xml",
                    "from": {
                        "startLines": "4",
                        "startColumns": "0",
                        "startOffsets": "290",
                        "endColumns": "188",
                        "endOffsets": "478"
                    },
                    "to": {
                        "startLines": "29",
                        "startColumns": "4",
                        "startOffsets": "3219",
                        "endColumns": "188",
                        "endOffsets": "3403"
                    }
                }
            ]
        }
    ]
}