{
    "logs": [
        {
            "outputFile": "C:\\Users\\Daniel\\AndroidStudioProjects\\SoftwareSpecifications\\app\\build\\intermediates\\incremental\\mergeDebugResources\\merged.dir\\values-ru\\values-ru.xml",
            "map": [
                {
                    "source": "C:\\Users\\Daniel\\.gradle\\caches\\transforms-1\\files-1.1\\play-services-base-11.8.0.aar\\aee9d84feeba86acb0e68eb689ed1b20\\res\\values-ru\\values.xml",
                    "from": {
                        "startLines": "4,5,6,7,8,9,10,11,12,13,14,15,16,17,18,19,20",
                        "startColumns": "0,0,0,0,0,0,0,0,0,0,0,0,0,0,0,0,0",
                        "startOffsets": "281,386,584,708,816,1017,1144,1285,1414,1654,1759,1953,2077,2303,2487,2582,2668",
                        "endColumns": "104,197,123,107,200,126,140,128,239,104,193,123,225,183,94,85,110",
                        "endOffsets": "385,583,707,815,1016,1143,1284,1413,1653,1758,1952,2076,2302,2486,2581,2667,2778"
                    },
                    "to": {
                        "startLines": "21,22,23,24,25,26,27,28,30,31,32,33,34,35,36,37,38",
                        "startColumns": "4,4,4,4,4,4,4,4,4,4,4,4,4,4,4,4,4",
                        "startOffsets": "2084,2193,2391,2519,2631,2832,2963,3108,3457,3697,3806,4000,4128,4354,4542,4641,4731",
                        "endColumns": "108,197,127,111,200,130,144,132,239,108,193,127,225,187,98,89,114",
                        "endOffsets": "2188,2386,2514,2626,2827,2958,3103,3236,3692,3801,3995,4123,4349,4537,4636,4726,4841"
                    }
                },
                {
                    "source": "C:\\Users\\Daniel\\.gradle\\caches\\transforms-1\\files-1.1\\appcompat-v7-26.1.0.aar\\1f600b1218903c988bc8afd8c35bad62\\res\\values-ru\\values-ru.xml",
                    "from": {
                        "startLines": "2,3,4,5,6,7,8,9,10,11,12,13,14,15,16,17,18,19,20,21,22",
                        "startColumns": "4,4,4,4,4,4,4,4,4,4,4,4,4,4,4,4,4,4,4,4,4",
                        "startOffsets": "55,170,278,401,503,615,701,806,926,1005,1083,1163,1269,1377,1475,1584,1690,1798,1934,2034,2115",
                        "endColumns": "114,107,122,101,111,85,104,119,78,77,79,105,107,97,108,105,107,135,99,80,100",
                        "endOffsets": "165,273,396,498,610,696,801,921,1000,1078,1158,1264,1372,1470,1579,1685,1793,1929,2029,2110,2211"
                    },
                    "to": {
                        "startLines": "2,3,4,5,6,7,8,9,10,11,12,13,14,15,16,17,18,19,20,39,40",
                        "startColumns": "4,4,4,4,4,4,4,4,4,4,4,4,4,4,4,4,4,4,4,4,4",
                        "startOffsets": "105,220,328,451,553,665,751,856,976,1055,1133,1213,1319,1427,1525,1634,1740,1848,1984,4846,4927",
                        "endColumns": "114,107,122,101,111,85,104,119,78,77,79,105,107,97,108,105,107,135,99,80,100",
                        "endOffsets": "215,323,446,548,660,746,851,971,1050,1128,1208,1314,1422,1520,1629,1735,1843,1979,2079,4922,5023"
                    }
                },
                {
                    "source": "C:\\Users\\Daniel\\.gradle\\caches\\transforms-1\\files-1.1\\play-services-basement-11.8.0.aar\\b0e8a5874481ea38051cd2d8a9724518\\res\\values-ru\\values.xml",
                    "from": {
                        "startLines": "4",
                        "startColumns": "0",
                        "startOffsets": "283",
                        "endColumns": "215",
                        "endOffsets": "498"
                    },
                    "to": {
                        "startLines": "29",
                        "startColumns": "4",
                        "startOffsets": "3241",
                        "endColumns": "215",
                        "endOffsets": "3452"
                    }
                }
            ]
        },
        {
            "outputFile": "C:\\Users\\rache\\AndroidStudioProjects\\SoftwareSpecifications\\app\\build\\intermediates\\incremental\\mergeDebugResources\\merged.dir\\values-ru\\values-ru.xml",
            "map": [
                {
                    "source": "C:\\Users\\rache\\.gradle\\caches\\transforms-1\\files-1.1\\appcompat-v7-26.1.0.aar\\090f1e383135fa7a576715b6cc6d265b\\res\\values-ru\\values-ru.xml",
                    "from": {
                        "startLines": "2,3,4,5,6,7,8,9,10,11,12,13,14,15,16,17,18,19,20,21,22",
                        "startColumns": "4,4,4,4,4,4,4,4,4,4,4,4,4,4,4,4,4,4,4,4,4",
                        "startOffsets": "55,170,278,401,503,615,701,806,926,1005,1083,1163,1269,1377,1475,1584,1690,1798,1934,2034,2115",
                        "endColumns": "114,107,122,101,111,85,104,119,78,77,79,105,107,97,108,105,107,135,99,80,100",
                        "endOffsets": "165,273,396,498,610,696,801,921,1000,1078,1158,1264,1372,1470,1579,1685,1793,1929,2029,2110,2211"
                    },
                    "to": {
                        "startLines": "2,3,4,5,6,7,8,9,10,11,12,13,14,15,16,17,18,19,20,39,40",
                        "startColumns": "4,4,4,4,4,4,4,4,4,4,4,4,4,4,4,4,4,4,4,4,4",
                        "startOffsets": "105,220,328,451,553,665,751,856,976,1055,1133,1213,1319,1427,1525,1634,1740,1848,1984,4846,4927",
                        "endColumns": "114,107,122,101,111,85,104,119,78,77,79,105,107,97,108,105,107,135,99,80,100",
                        "endOffsets": "215,323,446,548,660,746,851,971,1050,1128,1208,1314,1422,1520,1629,1735,1843,1979,2079,4922,5023"
                    }
                },
                {
                    "source": "C:\\Users\\rache\\.gradle\\caches\\transforms-1\\files-1.1\\play-services-basement-11.8.0.aar\\4156095f54a5b056d692bcb2b851cc07\\res\\values-ru\\values.xml",
                    "from": {
                        "startLines": "4",
                        "startColumns": "0",
                        "startOffsets": "283",
                        "endColumns": "215",
                        "endOffsets": "498"
                    },
                    "to": {
                        "startLines": "29",
                        "startColumns": "4",
                        "startOffsets": "3241",
                        "endColumns": "215",
                        "endOffsets": "3452"
                    }
                },
                {
                    "source": "C:\\Users\\rache\\.gradle\\caches\\transforms-1\\files-1.1\\play-services-base-11.8.0.aar\\f2632959cf334c052a45ac2e6c89af48\\res\\values-ru\\values.xml",
                    "from": {
                        "startLines": "4,5,6,7,8,9,10,11,12,13,14,15,16,17,18,19,20",
                        "startColumns": "0,0,0,0,0,0,0,0,0,0,0,0,0,0,0,0,0",
                        "startOffsets": "281,386,584,708,816,1017,1144,1285,1414,1654,1759,1953,2077,2303,2487,2582,2668",
                        "endColumns": "104,197,123,107,200,126,140,128,239,104,193,123,225,183,94,85,110",
                        "endOffsets": "385,583,707,815,1016,1143,1284,1413,1653,1758,1952,2076,2302,2486,2581,2667,2778"
                    },
                    "to": {
                        "startLines": "21,22,23,24,25,26,27,28,30,31,32,33,34,35,36,37,38",
                        "startColumns": "4,4,4,4,4,4,4,4,4,4,4,4,4,4,4,4,4",
                        "startOffsets": "2084,2193,2391,2519,2631,2832,2963,3108,3457,3697,3806,4000,4128,4354,4542,4641,4731",
                        "endColumns": "108,197,127,111,200,130,144,132,239,108,193,127,225,187,98,89,114",
                        "endOffsets": "2188,2386,2514,2626,2827,2958,3103,3236,3692,3801,3995,4123,4349,4537,4636,4726,4841"
                    }
                }
            ]
        }
    ]
}