{
    "logs": [
        {
            "outputFile": "C:\\Users\\Daniel\\AndroidStudioProjects\\SoftwareSpecifications\\app\\build\\intermediates\\incremental\\mergeDebugResources\\merged.dir\\values-da\\values-da.xml",
            "map": [
                {
                    "source": "C:\\Users\\Daniel\\.gradle\\caches\\transforms-1\\files-1.1\\appcompat-v7-26.1.0.aar\\1f600b1218903c988bc8afd8c35bad62\\res\\values-da\\values-da.xml",
                    "from": {
                        "startLines": "2,3,4,5,6,7,8,9,10,11,12,13,14,15,16,17,18,19,20,21,22",
                        "startColumns": "4,4,4,4,4,4,4,4,4,4,4,4,4,4,4,4,4,4,4,4,4",
                        "startOffsets": "55,158,266,389,488,600,683,783,896,973,1050,1129,1238,1346,1442,1556,1658,1759,1875,1972,2051",
                        "endColumns": "102,107,122,98,111,82,99,112,76,76,78,108,107,95,113,101,100,115,96,78,100",
                        "endOffsets": "153,261,384,483,595,678,778,891,968,1045,1124,1233,1341,1437,1551,1653,1754,1870,1967,2046,2147"
                    },
                    "to": {
                        "startLines": "2,3,4,5,6,7,8,9,10,11,12,13,14,15,16,17,18,19,20,39,40",
                        "startColumns": "4,4,4,4,4,4,4,4,4,4,4,4,4,4,4,4,4,4,4,4,4",
                        "startOffsets": "105,208,316,439,538,650,733,833,946,1023,1100,1179,1288,1396,1492,1606,1708,1809,1925,4713,4792",
                        "endColumns": "102,107,122,98,111,82,99,112,76,76,78,108,107,95,113,101,100,115,96,78,100",
                        "endOffsets": "203,311,434,533,645,728,828,941,1018,1095,1174,1283,1391,1487,1601,1703,1804,1920,2017,4787,4888"
                    }
                },
                {
                    "source": "C:\\Users\\Daniel\\.gradle\\caches\\transforms-1\\files-1.1\\play-services-basement-11.8.0.aar\\b0e8a5874481ea38051cd2d8a9724518\\res\\values-da\\values.xml",
                    "from": {
                        "startLines": "4",
                        "startColumns": "0",
                        "startOffsets": "283",
                        "endColumns": "185",
                        "endOffsets": "468"
                    },
                    "to": {
                        "startLines": "29",
                        "startColumns": "4",
                        "startOffsets": "3175",
                        "endColumns": "185",
                        "endOffsets": "3356"
                    }
                },
                {
                    "source": "C:\\Users\\Daniel\\.gradle\\caches\\transforms-1\\files-1.1\\play-services-base-11.8.0.aar\\aee9d84feeba86acb0e68eb689ed1b20\\res\\values-da\\values.xml",
                    "from": {
                        "startLines": "4,5,6,7,8,9,10,11,12,13,14,15,16,17,18,19,20",
                        "startColumns": "0,0,0,0,0,0,0,0,0,0,0,0,0,0,0,0,0",
                        "startOffsets": "281,385,577,702,809,1011,1134,1280,1410,1625,1729,1922,2047,2251,2455,2547,2635",
                        "endColumns": "103,191,124,106,201,122,145,129,214,103,192,124,203,203,91,87,102",
                        "endOffsets": "384,576,701,808,1010,1133,1279,1409,1624,1728,1921,2046,2250,2454,2546,2634,2737"
                    },
                    "to": {
                        "startLines": "21,22,23,24,25,26,27,28,30,31,32,33,34,35,36,37,38",
                        "startColumns": "4,4,4,4,4,4,4,4,4,4,4,4,4,4,4,4,4",
                        "startOffsets": "2022,2130,2322,2451,2562,2764,2891,3041,3361,3576,3684,3877,4006,4210,4418,4514,4606",
                        "endColumns": "107,191,128,110,201,126,149,133,214,107,192,128,203,207,95,91,106",
                        "endOffsets": "2125,2317,2446,2557,2759,2886,3036,3170,3571,3679,3872,4001,4205,4413,4509,4601,4708"
                    }
                }
            ]
        },
        {
            "outputFile": "C:\\Users\\rache\\AndroidStudioProjects\\SoftwareSpecifications\\app\\build\\intermediates\\incremental\\mergeDebugResources\\merged.dir\\values-da\\values-da.xml",
            "map": [
                {
                    "source": "C:\\Users\\rache\\.gradle\\caches\\transforms-1\\files-1.1\\play-services-basement-11.8.0.aar\\4156095f54a5b056d692bcb2b851cc07\\res\\values-da\\values.xml",
                    "from": {
                        "startLines": "4",
                        "startColumns": "0",
                        "startOffsets": "283",
                        "endColumns": "185",
                        "endOffsets": "468"
                    },
                    "to": {
                        "startLines": "29",
                        "startColumns": "4",
                        "startOffsets": "3175",
                        "endColumns": "185",
                        "endOffsets": "3356"
                    }
                },
                {
                    "source": "C:\\Users\\rache\\.gradle\\caches\\transforms-1\\files-1.1\\appcompat-v7-26.1.0.aar\\090f1e383135fa7a576715b6cc6d265b\\res\\values-da\\values-da.xml",
                    "from": {
                        "startLines": "2,3,4,5,6,7,8,9,10,11,12,13,14,15,16,17,18,19,20,21,22",
                        "startColumns": "4,4,4,4,4,4,4,4,4,4,4,4,4,4,4,4,4,4,4,4,4",
                        "startOffsets": "55,158,266,389,488,600,683,783,896,973,1050,1129,1238,1346,1442,1556,1658,1759,1875,1972,2051",
                        "endColumns": "102,107,122,98,111,82,99,112,76,76,78,108,107,95,113,101,100,115,96,78,100",
                        "endOffsets": "153,261,384,483,595,678,778,891,968,1045,1124,1233,1341,1437,1551,1653,1754,1870,1967,2046,2147"
                    },
                    "to": {
                        "startLines": "2,3,4,5,6,7,8,9,10,11,12,13,14,15,16,17,18,19,20,39,40",
                        "startColumns": "4,4,4,4,4,4,4,4,4,4,4,4,4,4,4,4,4,4,4,4,4",
                        "startOffsets": "105,208,316,439,538,650,733,833,946,1023,1100,1179,1288,1396,1492,1606,1708,1809,1925,4713,4792",
                        "endColumns": "102,107,122,98,111,82,99,112,76,76,78,108,107,95,113,101,100,115,96,78,100",
                        "endOffsets": "203,311,434,533,645,728,828,941,1018,1095,1174,1283,1391,1487,1601,1703,1804,1920,2017,4787,4888"
                    }
                },
                {
                    "source": "C:\\Users\\rache\\.gradle\\caches\\transforms-1\\files-1.1\\play-services-base-11.8.0.aar\\f2632959cf334c052a45ac2e6c89af48\\res\\values-da\\values.xml",
                    "from": {
                        "startLines": "4,5,6,7,8,9,10,11,12,13,14,15,16,17,18,19,20",
                        "startColumns": "0,0,0,0,0,0,0,0,0,0,0,0,0,0,0,0,0",
                        "startOffsets": "281,385,577,702,809,1011,1134,1280,1410,1625,1729,1922,2047,2251,2455,2547,2635",
                        "endColumns": "103,191,124,106,201,122,145,129,214,103,192,124,203,203,91,87,102",
                        "endOffsets": "384,576,701,808,1010,1133,1279,1409,1624,1728,1921,2046,2250,2454,2546,2634,2737"
                    },
                    "to": {
                        "startLines": "21,22,23,24,25,26,27,28,30,31,32,33,34,35,36,37,38",
                        "startColumns": "4,4,4,4,4,4,4,4,4,4,4,4,4,4,4,4,4",
                        "startOffsets": "2022,2130,2322,2451,2562,2764,2891,3041,3361,3576,3684,3877,4006,4210,4418,4514,4606",
                        "endColumns": "107,191,128,110,201,126,149,133,214,107,192,128,203,207,95,91,106",
                        "endOffsets": "2125,2317,2446,2557,2759,2886,3036,3170,3571,3679,3872,4001,4205,4413,4509,4601,4708"
                    }
                }
            ]
        }
    ]
}