{
    "logs": [
        {
            "outputFile": "C:\\Users\\Daniel\\AndroidStudioProjects\\SoftwareSpecifications\\app\\build\\intermediates\\incremental\\mergeDebugResources\\merged.dir\\values-te\\values-te.xml",
            "map": [
                {
                    "source": "C:\\Users\\Daniel\\.gradle\\caches\\transforms-1\\files-1.1\\play-services-base-11.8.0.aar\\aee9d84feeba86acb0e68eb689ed1b20\\res\\values-te\\values.xml",
                    "from": {
                        "startLines": "4,5,6,7,8,9,10,11,12,13,14,15,16,17,18,19,20",
                        "startColumns": "0,0,0,0,0,0,0,0,0,0,0,0,0,0,0,0,0",
                        "startOffsets": "281,389,575,703,816,1012,1135,1266,1391,1599,1709,1893,2019,2229,2418,2508,2602",
                        "endColumns": "107,185,127,112,195,122,130,124,207,109,183,125,209,188,89,93,106",
                        "endOffsets": "388,574,702,815,1011,1134,1265,1390,1598,1708,1892,2018,2228,2417,2507,2601,2708"
                    },
                    "to": {
                        "startLines": "21,22,23,24,25,26,27,28,30,31,32,33,34,35,36,37,38",
                        "startColumns": "4,4,4,4,4,4,4,4,4,4,4,4,4,4,4,4,4",
                        "startOffsets": "2118,2230,2416,2548,2665,2861,2988,3123,3451,3659,3773,3957,4087,4297,4490,4584,4682",
                        "endColumns": "111,185,131,116,195,126,134,128,207,113,183,129,209,192,93,97,110",
                        "endOffsets": "2225,2411,2543,2660,2856,2983,3118,3247,3654,3768,3952,4082,4292,4485,4579,4677,4788"
                    }
                },
                {
                    "source": "C:\\Users\\Daniel\\.gradle\\caches\\transforms-1\\files-1.1\\play-services-basement-11.8.0.aar\\b0e8a5874481ea38051cd2d8a9724518\\res\\values-te\\values.xml",
                    "from": {
                        "startLines": "4",
                        "startColumns": "0",
                        "startOffsets": "283",
                        "endColumns": "198",
                        "endOffsets": "481"
                    },
                    "to": {
                        "startLines": "29",
                        "startColumns": "4",
                        "startOffsets": "3252",
                        "endColumns": "198",
                        "endOffsets": "3446"
                    }
                },
                {
                    "source": "C:\\Users\\Daniel\\.gradle\\caches\\transforms-1\\files-1.1\\appcompat-v7-26.1.0.aar\\1f600b1218903c988bc8afd8c35bad62\\res\\values-te\\values-te.xml",
                    "from": {
                        "startLines": "2,3,4,5,6,7,8,9,10,11,12,13,14,15,16,17,18,19,20,21,22",
                        "startColumns": "4,4,4,4,4,4,4,4,4,4,4,4,4,4,4,4,4,4,4,4,4",
                        "startOffsets": "55,169,277,400,509,620,710,815,940,1022,1104,1189,1302,1410,1510,1621,1723,1840,1967,2068,2151",
                        "endColumns": "113,107,122,108,110,89,104,124,81,81,84,112,107,99,110,101,116,126,100,82,100",
                        "endOffsets": "164,272,395,504,615,705,810,935,1017,1099,1184,1297,1405,1505,1616,1718,1835,1962,2063,2146,2247"
                    },
                    "to": {
                        "startLines": "2,3,4,5,6,7,8,9,10,11,12,13,14,15,16,17,18,19,20,39,40",
                        "startColumns": "4,4,4,4,4,4,4,4,4,4,4,4,4,4,4,4,4,4,4,4,4",
                        "startOffsets": "105,219,327,450,559,670,760,865,990,1072,1154,1239,1352,1460,1560,1671,1773,1890,2017,4793,4876",
                        "endColumns": "113,107,122,108,110,89,104,124,81,81,84,112,107,99,110,101,116,126,100,82,100",
                        "endOffsets": "214,322,445,554,665,755,860,985,1067,1149,1234,1347,1455,1555,1666,1768,1885,2012,2113,4871,4972"
                    }
                }
            ]
        },
        {
            "outputFile": "C:\\Users\\rache\\AndroidStudioProjects\\SoftwareSpecifications\\app\\build\\intermediates\\incremental\\mergeDebugResources\\merged.dir\\values-te\\values-te.xml",
            "map": [
                {
                    "source": "C:\\Users\\rache\\.gradle\\caches\\transforms-1\\files-1.1\\play-services-basement-11.8.0.aar\\4156095f54a5b056d692bcb2b851cc07\\res\\values-te\\values.xml",
                    "from": {
                        "startLines": "4",
                        "startColumns": "0",
                        "startOffsets": "283",
                        "endColumns": "198",
                        "endOffsets": "481"
                    },
                    "to": {
                        "startLines": "29",
                        "startColumns": "4",
                        "startOffsets": "3252",
                        "endColumns": "198",
                        "endOffsets": "3446"
                    }
                },
                {
                    "source": "C:\\Users\\rache\\.gradle\\caches\\transforms-1\\files-1.1\\play-services-base-11.8.0.aar\\f2632959cf334c052a45ac2e6c89af48\\res\\values-te\\values.xml",
                    "from": {
                        "startLines": "4,5,6,7,8,9,10,11,12,13,14,15,16,17,18,19,20",
                        "startColumns": "0,0,0,0,0,0,0,0,0,0,0,0,0,0,0,0,0",
                        "startOffsets": "281,389,575,703,816,1012,1135,1266,1391,1599,1709,1893,2019,2229,2418,2508,2602",
                        "endColumns": "107,185,127,112,195,122,130,124,207,109,183,125,209,188,89,93,106",
                        "endOffsets": "388,574,702,815,1011,1134,1265,1390,1598,1708,1892,2018,2228,2417,2507,2601,2708"
                    },
                    "to": {
                        "startLines": "21,22,23,24,25,26,27,28,30,31,32,33,34,35,36,37,38",
                        "startColumns": "4,4,4,4,4,4,4,4,4,4,4,4,4,4,4,4,4",
                        "startOffsets": "2118,2230,2416,2548,2665,2861,2988,3123,3451,3659,3773,3957,4087,4297,4490,4584,4682",
                        "endColumns": "111,185,131,116,195,126,134,128,207,113,183,129,209,192,93,97,110",
                        "endOffsets": "2225,2411,2543,2660,2856,2983,3118,3247,3654,3768,3952,4082,4292,4485,4579,4677,4788"
                    }
                },
                {
                    "source": "C:\\Users\\rache\\.gradle\\caches\\transforms-1\\files-1.1\\appcompat-v7-26.1.0.aar\\090f1e383135fa7a576715b6cc6d265b\\res\\values-te\\values-te.xml",
                    "from": {
                        "startLines": "2,3,4,5,6,7,8,9,10,11,12,13,14,15,16,17,18,19,20,21,22",
                        "startColumns": "4,4,4,4,4,4,4,4,4,4,4,4,4,4,4,4,4,4,4,4,4",
                        "startOffsets": "55,169,277,400,509,620,710,815,940,1022,1104,1189,1302,1410,1510,1621,1723,1840,1967,2068,2151",
                        "endColumns": "113,107,122,108,110,89,104,124,81,81,84,112,107,99,110,101,116,126,100,82,100",
                        "endOffsets": "164,272,395,504,615,705,810,935,1017,1099,1184,1297,1405,1505,1616,1718,1835,1962,2063,2146,2247"
                    },
                    "to": {
                        "startLines": "2,3,4,5,6,7,8,9,10,11,12,13,14,15,16,17,18,19,20,39,40",
                        "startColumns": "4,4,4,4,4,4,4,4,4,4,4,4,4,4,4,4,4,4,4,4,4",
                        "startOffsets": "105,219,327,450,559,670,760,865,990,1072,1154,1239,1352,1460,1560,1671,1773,1890,2017,4793,4876",
                        "endColumns": "113,107,122,108,110,89,104,124,81,81,84,112,107,99,110,101,116,126,100,82,100",
                        "endOffsets": "214,322,445,554,665,755,860,985,1067,1149,1234,1347,1455,1555,1666,1768,1885,2012,2113,4871,4972"
                    }
                }
            ]
        }
    ]
}