{
    "logs": [
        {
            "outputFile": "C:\\Users\\rache\\AndroidStudioProjects\\SoftwareSpecifications\\app\\build\\intermediates\\incremental\\mergeDebugResources\\merged.dir\\values-lv\\values-lv.xml",
            "map": [
                {
                    "source": "C:\\Users\\rache\\.gradle\\caches\\transforms-1\\files-1.1\\play-services-basement-11.8.0.aar\\4156095f54a5b056d692bcb2b851cc07\\res\\values-lv\\values.xml",
                    "from": {
                        "startLines": "4",
                        "startColumns": "0",
                        "startOffsets": "283",
                        "endColumns": "224",
                        "endOffsets": "507"
                    },
                    "to": {
                        "startLines": "29",
                        "startColumns": "4",
                        "startOffsets": "3260",
                        "endColumns": "224",
                        "endOffsets": "3480"
                    }
                },
                {
                    "source": "C:\\Users\\rache\\.gradle\\caches\\transforms-1\\files-1.1\\play-services-base-11.8.0.aar\\f2632959cf334c052a45ac2e6c89af48\\res\\values-lv\\values.xml",
                    "from": {
                        "startLines": "4,5,6,7,8,9,10,11,12,13,14,15,16,17,18,19,20",
                        "startColumns": "0,0,0,0,0,0,0,0,0,0,0,0,0,0,0,0,0",
                        "startOffsets": "281,386,579,710,816,1017,1146,1289,1420,1654,1761,1961,2094,2322,2503,2593,2687",
                        "endColumns": "104,192,130,105,200,128,142,130,233,106,199,132,227,180,89,93,113",
                        "endOffsets": "385,578,709,815,1016,1145,1288,1419,1653,1760,1960,2093,2321,2502,2592,2686,2800"
                    },
                    "to": {
                        "startLines": "21,22,23,24,25,26,27,28,30,31,32,33,34,35,36,37,38",
                        "startColumns": "4,4,4,4,4,4,4,4,4,4,4,4,4,4,4,4,4",
                        "startOffsets": "2097,2206,2399,2534,2644,2845,2978,3125,3485,3719,3830,4030,4167,4395,4580,4674,4772",
                        "endColumns": "108,192,134,109,200,132,146,134,233,110,199,136,227,184,93,97,117",
                        "endOffsets": "2201,2394,2529,2639,2840,2973,3120,3255,3714,3825,4025,4162,4390,4575,4669,4767,4885"
                    }
                },
                {
                    "source": "C:\\Users\\rache\\.gradle\\caches\\transforms-1\\files-1.1\\appcompat-v7-26.1.0.aar\\090f1e383135fa7a576715b6cc6d265b\\res\\values-lv\\values-lv.xml",
                    "from": {
                        "startLines": "2,3,4,5,6,7,8,9,10,11,12,13,14,15,16,17,18,19,20,21,22",
                        "startColumns": "4,4,4,4,4,4,4,4,4,4,4,4,4,4,4,4,4,4,4,4,4",
                        "startOffsets": "55,175,283,406,514,623,709,813,935,1017,1099,1184,1293,1405,1504,1615,1724,1829,1948,2047,2129",
                        "endColumns": "119,107,122,107,108,85,103,121,81,81,84,108,111,98,110,108,104,118,98,81,100",
                        "endOffsets": "170,278,401,509,618,704,808,930,1012,1094,1179,1288,1400,1499,1610,1719,1824,1943,2042,2124,2225"
                    },
                    "to": {
                        "startLines": "2,3,4,5,6,7,8,9,10,11,12,13,14,15,16,17,18,19,20,39,40",
                        "startColumns": "4,4,4,4,4,4,4,4,4,4,4,4,4,4,4,4,4,4,4,4,4",
                        "startOffsets": "105,225,333,456,564,673,759,863,985,1067,1149,1234,1343,1455,1554,1665,1774,1879,1998,4890,4972",
                        "endColumns": "119,107,122,107,108,85,103,121,81,81,84,108,111,98,110,108,104,118,98,81,100",
                        "endOffsets": "220,328,451,559,668,754,858,980,1062,1144,1229,1338,1450,1549,1660,1769,1874,1993,2092,4967,5068"
                    }
                }
            ]
        },
        {
            "outputFile": "C:\\Users\\Daniel\\AndroidStudioProjects\\SoftwareSpecifications\\app\\build\\intermediates\\incremental\\mergeDebugResources\\merged.dir\\values-lv\\values-lv.xml",
            "map": [
                {
                    "source": "C:\\Users\\Daniel\\.gradle\\caches\\transforms-1\\files-1.1\\play-services-basement-11.8.0.aar\\b0e8a5874481ea38051cd2d8a9724518\\res\\values-lv\\values.xml",
                    "from": {
                        "startLines": "4",
                        "startColumns": "0",
                        "startOffsets": "283",
                        "endColumns": "224",
                        "endOffsets": "507"
                    },
                    "to": {
                        "startLines": "29",
                        "startColumns": "4",
                        "startOffsets": "3260",
                        "endColumns": "224",
                        "endOffsets": "3480"
                    }
                },
                {
                    "source": "C:\\Users\\Daniel\\.gradle\\caches\\transforms-1\\files-1.1\\play-services-base-11.8.0.aar\\aee9d84feeba86acb0e68eb689ed1b20\\res\\values-lv\\values.xml",
                    "from": {
                        "startLines": "4,5,6,7,8,9,10,11,12,13,14,15,16,17,18,19,20",
                        "startColumns": "0,0,0,0,0,0,0,0,0,0,0,0,0,0,0,0,0",
                        "startOffsets": "281,386,579,710,816,1017,1146,1289,1420,1654,1761,1961,2094,2322,2503,2593,2687",
                        "endColumns": "104,192,130,105,200,128,142,130,233,106,199,132,227,180,89,93,113",
                        "endOffsets": "385,578,709,815,1016,1145,1288,1419,1653,1760,1960,2093,2321,2502,2592,2686,2800"
                    },
                    "to": {
                        "startLines": "21,22,23,24,25,26,27,28,30,31,32,33,34,35,36,37,38",
                        "startColumns": "4,4,4,4,4,4,4,4,4,4,4,4,4,4,4,4,4",
                        "startOffsets": "2097,2206,2399,2534,2644,2845,2978,3125,3485,3719,3830,4030,4167,4395,4580,4674,4772",
                        "endColumns": "108,192,134,109,200,132,146,134,233,110,199,136,227,184,93,97,117",
                        "endOffsets": "2201,2394,2529,2639,2840,2973,3120,3255,3714,3825,4025,4162,4390,4575,4669,4767,4885"
                    }
                },
                {
                    "source": "C:\\Users\\Daniel\\.gradle\\caches\\transforms-1\\files-1.1\\appcompat-v7-26.1.0.aar\\1f600b1218903c988bc8afd8c35bad62\\res\\values-lv\\values-lv.xml",
                    "from": {
                        "startLines": "2,3,4,5,6,7,8,9,10,11,12,13,14,15,16,17,18,19,20,21,22",
                        "startColumns": "4,4,4,4,4,4,4,4,4,4,4,4,4,4,4,4,4,4,4,4,4",
                        "startOffsets": "55,175,283,406,514,623,709,813,935,1017,1099,1184,1293,1405,1504,1615,1724,1829,1948,2047,2129",
                        "endColumns": "119,107,122,107,108,85,103,121,81,81,84,108,111,98,110,108,104,118,98,81,100",
                        "endOffsets": "170,278,401,509,618,704,808,930,1012,1094,1179,1288,1400,1499,1610,1719,1824,1943,2042,2124,2225"
                    },
                    "to": {
                        "startLines": "2,3,4,5,6,7,8,9,10,11,12,13,14,15,16,17,18,19,20,39,40",
                        "startColumns": "4,4,4,4,4,4,4,4,4,4,4,4,4,4,4,4,4,4,4,4,4",
                        "startOffsets": "105,225,333,456,564,673,759,863,985,1067,1149,1234,1343,1455,1554,1665,1774,1879,1998,4890,4972",
                        "endColumns": "119,107,122,107,108,85,103,121,81,81,84,108,111,98,110,108,104,118,98,81,100",
                        "endOffsets": "220,328,451,559,668,754,858,980,1062,1144,1229,1338,1450,1549,1660,1769,1874,1993,2092,4967,5068"
                    }
                }
            ]
        }
    ]
}