{
    "logs": [
        {
            "outputFile": "C:\\Users\\Daniel\\AndroidStudioProjects\\SoftwareSpecifications\\app\\build\\intermediates\\incremental\\mergeDebugResources\\merged.dir\\values-es-rUS\\values-es-rUS.xml",
            "map": [
                {
                    "source": "C:\\Users\\Daniel\\.gradle\\caches\\transforms-1\\files-1.1\\play-services-base-11.8.0.aar\\aee9d84feeba86acb0e68eb689ed1b20\\res\\values-es-rUS\\values.xml",
                    "from": {
                        "startLines": "4,5,6,7,8,9,10,11,12,13,14,15,16,17,18,19,20",
                        "startColumns": "0,0,0,0,0,0,0,0,0,0,0,0,0,0,0,0,0",
                        "startOffsets": "285,391,589,719,825,1045,1174,1323,1454,1684,1791,1992,2123,2359,2563,2659,2747",
                        "endColumns": "105,197,129,105,219,128,148,130,229,106,200,130,235,203,95,87,102",
                        "endOffsets": "390,588,718,824,1044,1173,1322,1453,1683,1790,1991,2122,2358,2562,2658,2746,2849"
                    },
                    "to": {
                        "startLines": "21,22,23,24,25,26,27,28,30,31,32,33,34,35,36,37,38",
                        "startColumns": "4,4,4,4,4,4,4,4,4,4,4,4,4,4,4,4,4",
                        "startOffsets": "2088,2198,2396,2530,2640,2860,2993,3146,3486,3716,3827,4028,4163,4399,4607,4707,4799",
                        "endColumns": "109,197,133,109,219,132,152,134,229,110,200,134,235,207,99,91,106",
                        "endOffsets": "2193,2391,2525,2635,2855,2988,3141,3276,3711,3822,4023,4158,4394,4602,4702,4794,4901"
                    }
                },
                {
                    "source": "C:\\Users\\Daniel\\.gradle\\caches\\transforms-1\\files-1.1\\play-services-basement-11.8.0.aar\\b0e8a5874481ea38051cd2d8a9724518\\res\\values-es-rUS\\values.xml",
                    "from": {
                        "startLines": "4",
                        "startColumns": "0",
                        "startOffsets": "287",
                        "endColumns": "204",
                        "endOffsets": "491"
                    },
                    "to": {
                        "startLines": "29",
                        "startColumns": "4",
                        "startOffsets": "3281",
                        "endColumns": "204",
                        "endOffsets": "3481"
                    }
                },
                {
                    "source": "C:\\Users\\Daniel\\.gradle\\caches\\transforms-1\\files-1.1\\appcompat-v7-26.1.0.aar\\1f600b1218903c988bc8afd8c35bad62\\res\\values-es-rUS\\values-es-rUS.xml",
                    "from": {
                        "startLines": "2,3,4,5,6,7,8,9,10,11,12,13,14,15,16,17,18,19,20,21,22",
                        "startColumns": "4,4,4,4,4,4,4,4,4,4,4,4,4,4,4,4,4,4,4,4,4",
                        "startOffsets": "55,175,283,406,515,623,708,809,932,1017,1099,1181,1293,1393,1494,1602,1709,1816,1938,2038,2120",
                        "endColumns": "119,107,122,108,107,84,100,122,84,81,81,111,99,100,107,106,106,121,99,81,100",
                        "endOffsets": "170,278,401,510,618,703,804,927,1012,1094,1176,1288,1388,1489,1597,1704,1811,1933,2033,2115,2216"
                    },
                    "to": {
                        "startLines": "2,3,4,5,6,7,8,9,10,11,12,13,14,15,16,17,18,19,20,39,40",
                        "startColumns": "4,4,4,4,4,4,4,4,4,4,4,4,4,4,4,4,4,4,4,4,4",
                        "startOffsets": "105,225,333,456,565,673,758,859,982,1067,1149,1231,1343,1443,1544,1652,1759,1866,1988,4906,4988",
                        "endColumns": "119,107,122,108,107,84,100,122,84,81,81,111,99,100,107,106,106,121,99,81,100",
                        "endOffsets": "220,328,451,560,668,753,854,977,1062,1144,1226,1338,1438,1539,1647,1754,1861,1983,2083,4983,5084"
                    }
                }
            ]
        },
        {
            "outputFile": "C:\\Users\\rache\\AndroidStudioProjects\\SoftwareSpecifications\\app\\build\\intermediates\\incremental\\mergeDebugResources\\merged.dir\\values-es-rUS\\values-es-rUS.xml",
            "map": [
                {
                    "source": "C:\\Users\\rache\\.gradle\\caches\\transforms-1\\files-1.1\\appcompat-v7-26.1.0.aar\\090f1e383135fa7a576715b6cc6d265b\\res\\values-es-rUS\\values-es-rUS.xml",
                    "from": {
                        "startLines": "2,3,4,5,6,7,8,9,10,11,12,13,14,15,16,17,18,19,20,21,22",
                        "startColumns": "4,4,4,4,4,4,4,4,4,4,4,4,4,4,4,4,4,4,4,4,4",
                        "startOffsets": "55,175,283,406,515,623,708,809,932,1017,1099,1181,1293,1393,1494,1602,1709,1816,1938,2038,2120",
                        "endColumns": "119,107,122,108,107,84,100,122,84,81,81,111,99,100,107,106,106,121,99,81,100",
                        "endOffsets": "170,278,401,510,618,703,804,927,1012,1094,1176,1288,1388,1489,1597,1704,1811,1933,2033,2115,2216"
                    },
                    "to": {
                        "startLines": "2,3,4,5,6,7,8,9,10,11,12,13,14,15,16,17,18,19,20,39,40",
                        "startColumns": "4,4,4,4,4,4,4,4,4,4,4,4,4,4,4,4,4,4,4,4,4",
                        "startOffsets": "105,225,333,456,565,673,758,859,982,1067,1149,1231,1343,1443,1544,1652,1759,1866,1988,4906,4988",
                        "endColumns": "119,107,122,108,107,84,100,122,84,81,81,111,99,100,107,106,106,121,99,81,100",
                        "endOffsets": "220,328,451,560,668,753,854,977,1062,1144,1226,1338,1438,1539,1647,1754,1861,1983,2083,4983,5084"
                    }
                },
                {
                    "source": "C:\\Users\\rache\\.gradle\\caches\\transforms-1\\files-1.1\\play-services-basement-11.8.0.aar\\4156095f54a5b056d692bcb2b851cc07\\res\\values-es-rUS\\values.xml",
                    "from": {
                        "startLines": "4",
                        "startColumns": "0",
                        "startOffsets": "287",
                        "endColumns": "204",
                        "endOffsets": "491"
                    },
                    "to": {
                        "startLines": "29",
                        "startColumns": "4",
                        "startOffsets": "3281",
                        "endColumns": "204",
                        "endOffsets": "3481"
                    }
                },
                {
                    "source": "C:\\Users\\rache\\.gradle\\caches\\transforms-1\\files-1.1\\play-services-base-11.8.0.aar\\f2632959cf334c052a45ac2e6c89af48\\res\\values-es-rUS\\values.xml",
                    "from": {
                        "startLines": "4,5,6,7,8,9,10,11,12,13,14,15,16,17,18,19,20",
                        "startColumns": "0,0,0,0,0,0,0,0,0,0,0,0,0,0,0,0,0",
                        "startOffsets": "285,391,589,719,825,1045,1174,1323,1454,1684,1791,1992,2123,2359,2563,2659,2747",
                        "endColumns": "105,197,129,105,219,128,148,130,229,106,200,130,235,203,95,87,102",
                        "endOffsets": "390,588,718,824,1044,1173,1322,1453,1683,1790,1991,2122,2358,2562,2658,2746,2849"
                    },
                    "to": {
                        "startLines": "21,22,23,24,25,26,27,28,30,31,32,33,34,35,36,37,38",
                        "startColumns": "4,4,4,4,4,4,4,4,4,4,4,4,4,4,4,4,4",
                        "startOffsets": "2088,2198,2396,2530,2640,2860,2993,3146,3486,3716,3827,4028,4163,4399,4607,4707,4799",
                        "endColumns": "109,197,133,109,219,132,152,134,229,110,200,134,235,207,99,91,106",
                        "endOffsets": "2193,2391,2525,2635,2855,2988,3141,3276,3711,3822,4023,4158,4394,4602,4702,4794,4901"
                    }
                }
            ]
        }
    ]
}