{
    "logs": [
        {
            "outputFile": "C:\\Users\\Daniel\\AndroidStudioProjects\\SoftwareSpecifications\\app\\build\\intermediates\\incremental\\mergeDebugResources\\merged.dir\\values-it\\values-it.xml",
            "map": [
                {
                    "source": "C:\\Users\\Daniel\\.gradle\\caches\\transforms-1\\files-1.1\\play-services-basement-11.8.0.aar\\b0e8a5874481ea38051cd2d8a9724518\\res\\values-it\\values.xml",
                    "from": {
                        "startLines": "4",
                        "startColumns": "0",
                        "startOffsets": "283",
                        "endColumns": "194",
                        "endOffsets": "477"
                    },
                    "to": {
                        "startLines": "29",
                        "startColumns": "4",
                        "startOffsets": "3213",
                        "endColumns": "194",
                        "endOffsets": "3403"
                    }
                },
                {
                    "source": "C:\\Users\\Daniel\\.gradle\\caches\\transforms-1\\files-1.1\\play-services-base-11.8.0.aar\\aee9d84feeba86acb0e68eb689ed1b20\\res\\values-it\\values.xml",
                    "from": {
                        "startLines": "4,5,6,7,8,9,10,11,12,13,14,15,16,17,18,19,20",
                        "startColumns": "0,0,0,0,0,0,0,0,0,0,0,0,0,0,0,0,0",
                        "startOffsets": "281,384,567,690,796,1013,1139,1285,1414,1630,1735,1920,2045,2260,2467,2560,2647",
                        "endColumns": "102,182,122,105,216,125,145,128,215,104,184,124,214,206,92,86,101",
                        "endOffsets": "383,566,689,795,1012,1138,1284,1413,1629,1734,1919,2044,2259,2466,2559,2646,2748"
                    },
                    "to": {
                        "startLines": "21,22,23,24,25,26,27,28,30,31,32,33,34,35,36,37,38",
                        "startColumns": "4,4,4,4,4,4,4,4,4,4,4,4,4,4,4,4,4",
                        "startOffsets": "2056,2163,2346,2473,2583,2800,2930,3080,3408,3624,3733,3918,4047,4262,4473,4570,4661",
                        "endColumns": "106,182,126,109,216,129,149,132,215,108,184,128,214,210,96,90,105",
                        "endOffsets": "2158,2341,2468,2578,2795,2925,3075,3208,3619,3728,3913,4042,4257,4468,4565,4656,4762"
                    }
                },
                {
                    "source": "C:\\Users\\Daniel\\.gradle\\caches\\transforms-1\\files-1.1\\appcompat-v7-26.1.0.aar\\1f600b1218903c988bc8afd8c35bad62\\res\\values-it\\values-it.xml",
                    "from": {
                        "startLines": "2,3,4,5,6,7,8,9,10,11,12,13,14,15,16,17,18,19,20,21,22",
                        "startColumns": "4,4,4,4,4,4,4,4,4,4,4,4,4,4,4,4,4,4,4,4,4",
                        "startOffsets": "55,164,272,395,495,604,688,797,922,999,1075,1156,1262,1370,1468,1572,1677,1784,1906,2006,2089",
                        "endColumns": "108,107,122,99,108,83,108,124,76,75,80,105,107,97,103,104,106,121,99,82,100",
                        "endOffsets": "159,267,390,490,599,683,792,917,994,1070,1151,1257,1365,1463,1567,1672,1779,1901,2001,2084,2185"
                    },
                    "to": {
                        "startLines": "2,3,4,5,6,7,8,9,10,11,12,13,14,15,16,17,18,19,20,39,40",
                        "startColumns": "4,4,4,4,4,4,4,4,4,4,4,4,4,4,4,4,4,4,4,4,4",
                        "startOffsets": "105,214,322,445,545,654,738,847,972,1049,1125,1206,1312,1420,1518,1622,1727,1834,1956,4767,4850",
                        "endColumns": "108,107,122,99,108,83,108,124,76,75,80,105,107,97,103,104,106,121,99,82,100",
                        "endOffsets": "209,317,440,540,649,733,842,967,1044,1120,1201,1307,1415,1513,1617,1722,1829,1951,2051,4845,4946"
                    }
                }
            ]
        },
        {
            "outputFile": "C:\\Users\\rache\\AndroidStudioProjects\\SoftwareSpecifications\\app\\build\\intermediates\\incremental\\mergeDebugResources\\merged.dir\\values-it\\values-it.xml",
            "map": [
                {
                    "source": "C:\\Users\\rache\\.gradle\\caches\\transforms-1\\files-1.1\\play-services-base-11.8.0.aar\\f2632959cf334c052a45ac2e6c89af48\\res\\values-it\\values.xml",
                    "from": {
                        "startLines": "4,5,6,7,8,9,10,11,12,13,14,15,16,17,18,19,20",
                        "startColumns": "0,0,0,0,0,0,0,0,0,0,0,0,0,0,0,0,0",
                        "startOffsets": "281,384,567,690,796,1013,1139,1285,1414,1630,1735,1920,2045,2260,2467,2560,2647",
                        "endColumns": "102,182,122,105,216,125,145,128,215,104,184,124,214,206,92,86,101",
                        "endOffsets": "383,566,689,795,1012,1138,1284,1413,1629,1734,1919,2044,2259,2466,2559,2646,2748"
                    },
                    "to": {
                        "startLines": "21,22,23,24,25,26,27,28,30,31,32,33,34,35,36,37,38",
                        "startColumns": "4,4,4,4,4,4,4,4,4,4,4,4,4,4,4,4,4",
                        "startOffsets": "2056,2163,2346,2473,2583,2800,2930,3080,3408,3624,3733,3918,4047,4262,4473,4570,4661",
                        "endColumns": "106,182,126,109,216,129,149,132,215,108,184,128,214,210,96,90,105",
                        "endOffsets": "2158,2341,2468,2578,2795,2925,3075,3208,3619,3728,3913,4042,4257,4468,4565,4656,4762"
                    }
                },
                {
                    "source": "C:\\Users\\rache\\.gradle\\caches\\transforms-1\\files-1.1\\play-services-basement-11.8.0.aar\\4156095f54a5b056d692bcb2b851cc07\\res\\values-it\\values.xml",
                    "from": {
                        "startLines": "4",
                        "startColumns": "0",
                        "startOffsets": "283",
                        "endColumns": "194",
                        "endOffsets": "477"
                    },
                    "to": {
                        "startLines": "29",
                        "startColumns": "4",
                        "startOffsets": "3213",
                        "endColumns": "194",
                        "endOffsets": "3403"
                    }
                },
                {
                    "source": "C:\\Users\\rache\\.gradle\\caches\\transforms-1\\files-1.1\\appcompat-v7-26.1.0.aar\\090f1e383135fa7a576715b6cc6d265b\\res\\values-it\\values-it.xml",
                    "from": {
                        "startLines": "2,3,4,5,6,7,8,9,10,11,12,13,14,15,16,17,18,19,20,21,22",
                        "startColumns": "4,4,4,4,4,4,4,4,4,4,4,4,4,4,4,4,4,4,4,4,4",
                        "startOffsets": "55,164,272,395,495,604,688,797,922,999,1075,1156,1262,1370,1468,1572,1677,1784,1906,2006,2089",
                        "endColumns": "108,107,122,99,108,83,108,124,76,75,80,105,107,97,103,104,106,121,99,82,100",
                        "endOffsets": "159,267,390,490,599,683,792,917,994,1070,1151,1257,1365,1463,1567,1672,1779,1901,2001,2084,2185"
                    },
                    "to": {
                        "startLines": "2,3,4,5,6,7,8,9,10,11,12,13,14,15,16,17,18,19,20,39,40",
                        "startColumns": "4,4,4,4,4,4,4,4,4,4,4,4,4,4,4,4,4,4,4,4,4",
                        "startOffsets": "105,214,322,445,545,654,738,847,972,1049,1125,1206,1312,1420,1518,1622,1727,1834,1956,4767,4850",
                        "endColumns": "108,107,122,99,108,83,108,124,76,75,80,105,107,97,103,104,106,121,99,82,100",
                        "endOffsets": "209,317,440,540,649,733,842,967,1044,1120,1201,1307,1415,1513,1617,1722,1829,1951,2051,4845,4946"
                    }
                }
            ]
        }
    ]
}