{
    "logs": [
        {
            "outputFile": "C:\\Users\\Daniel\\AndroidStudioProjects\\SoftwareSpecifications\\app\\build\\intermediates\\incremental\\mergeDebugResources\\merged.dir\\values-bn\\values-bn.xml",
            "map": [
                {
                    "source": "C:\\Users\\Daniel\\.gradle\\caches\\transforms-1\\files-1.1\\play-services-base-11.8.0.aar\\aee9d84feeba86acb0e68eb689ed1b20\\res\\values-bn\\values.xml",
                    "from": {
                        "startLines": "4,5,6,7,8,9,10,11,12,13,14,15,16,17,18,19,20",
                        "startColumns": "0,0,0,0,0,0,0,0,0,0,0,0,0,0,0,0,0",
                        "startOffsets": "281,388,579,705,814,1010,1130,1268,1397,1601,1708,1895,2021,2214,2388,2474,2567",
                        "endColumns": "106,190,125,108,195,119,137,128,203,106,186,125,192,173,85,92,114",
                        "endOffsets": "387,578,704,813,1009,1129,1267,1396,1600,1707,1894,2020,2213,2387,2473,2566,2681"
                    },
                    "to": {
                        "startLines": "21,22,23,24,25,26,27,28,30,31,32,33,34,35,36,37,38",
                        "startColumns": "4,4,4,4,4,4,4,4,4,4,4,4,4,4,4,4,4",
                        "startOffsets": "2129,2240,2431,2561,2674,2870,2994,3136,3480,3684,3795,3982,4112,4305,4483,4573,4670",
                        "endColumns": "110,190,129,112,195,123,141,132,203,110,186,129,192,177,89,96,118",
                        "endOffsets": "2235,2426,2556,2669,2865,2989,3131,3264,3679,3790,3977,4107,4300,4478,4568,4665,4784"
                    }
                },
                {
                    "source": "C:\\Users\\Daniel\\.gradle\\caches\\transforms-1\\files-1.1\\play-services-basement-11.8.0.aar\\b0e8a5874481ea38051cd2d8a9724518\\res\\values-bn\\values.xml",
                    "from": {
                        "startLines": "4",
                        "startColumns": "0",
                        "startOffsets": "283",
                        "endColumns": "210",
                        "endOffsets": "493"
                    },
                    "to": {
                        "startLines": "29",
                        "startColumns": "4",
                        "startOffsets": "3269",
                        "endColumns": "210",
                        "endOffsets": "3475"
                    }
                },
                {
                    "source": "C:\\Users\\Daniel\\.gradle\\caches\\transforms-1\\files-1.1\\appcompat-v7-26.1.0.aar\\1f600b1218903c988bc8afd8c35bad62\\res\\values-bn\\values-bn.xml",
                    "from": {
                        "startLines": "2,3,4,5,6,7,8,9,10,11,12,13,14,15,16,17,18,19,20,21,22",
                        "startColumns": "4,4,4,4,4,4,4,4,4,4,4,4,4,4,4,4,4,4,4,4,4",
                        "startOffsets": "55,164,272,395,507,613,707,812,941,1019,1097,1184,1294,1410,1517,1627,1733,1846,1974,2079,2169",
                        "endColumns": "108,107,122,111,105,93,104,128,77,77,86,109,115,106,109,105,112,127,104,89,100",
                        "endOffsets": "159,267,390,502,608,702,807,936,1014,1092,1179,1289,1405,1512,1622,1728,1841,1969,2074,2164,2265"
                    },
                    "to": {
                        "startLines": "2,3,4,5,6,7,8,9,10,11,12,13,14,15,16,17,18,19,20,39,40",
                        "startColumns": "4,4,4,4,4,4,4,4,4,4,4,4,4,4,4,4,4,4,4,4,4",
                        "startOffsets": "105,214,322,445,557,663,757,862,991,1069,1147,1234,1344,1460,1567,1677,1783,1896,2024,4789,4879",
                        "endColumns": "108,107,122,111,105,93,104,128,77,77,86,109,115,106,109,105,112,127,104,89,100",
                        "endOffsets": "209,317,440,552,658,752,857,986,1064,1142,1229,1339,1455,1562,1672,1778,1891,2019,2124,4874,4975"
                    }
                }
            ]
        },
        {
            "outputFile": "C:\\Users\\rache\\AndroidStudioProjects\\SoftwareSpecifications\\app\\build\\intermediates\\incremental\\mergeDebugResources\\merged.dir\\values-bn\\values-bn.xml",
            "map": [
                {
                    "source": "C:\\Users\\rache\\.gradle\\caches\\transforms-1\\files-1.1\\play-services-base-11.8.0.aar\\f2632959cf334c052a45ac2e6c89af48\\res\\values-bn\\values.xml",
                    "from": {
                        "startLines": "4,5,6,7,8,9,10,11,12,13,14,15,16,17,18,19,20",
                        "startColumns": "0,0,0,0,0,0,0,0,0,0,0,0,0,0,0,0,0",
                        "startOffsets": "281,388,579,705,814,1010,1130,1268,1397,1601,1708,1895,2021,2214,2388,2474,2567",
                        "endColumns": "106,190,125,108,195,119,137,128,203,106,186,125,192,173,85,92,114",
                        "endOffsets": "387,578,704,813,1009,1129,1267,1396,1600,1707,1894,2020,2213,2387,2473,2566,2681"
                    },
                    "to": {
                        "startLines": "21,22,23,24,25,26,27,28,30,31,32,33,34,35,36,37,38",
                        "startColumns": "4,4,4,4,4,4,4,4,4,4,4,4,4,4,4,4,4",
                        "startOffsets": "2129,2240,2431,2561,2674,2870,2994,3136,3480,3684,3795,3982,4112,4305,4483,4573,4670",
                        "endColumns": "110,190,129,112,195,123,141,132,203,110,186,129,192,177,89,96,118",
                        "endOffsets": "2235,2426,2556,2669,2865,2989,3131,3264,3679,3790,3977,4107,4300,4478,4568,4665,4784"
                    }
                },
                {
                    "source": "C:\\Users\\rache\\.gradle\\caches\\transforms-1\\files-1.1\\appcompat-v7-26.1.0.aar\\090f1e383135fa7a576715b6cc6d265b\\res\\values-bn\\values-bn.xml",
                    "from": {
                        "startLines": "2,3,4,5,6,7,8,9,10,11,12,13,14,15,16,17,18,19,20,21,22",
                        "startColumns": "4,4,4,4,4,4,4,4,4,4,4,4,4,4,4,4,4,4,4,4,4",
                        "startOffsets": "55,164,272,395,507,613,707,812,941,1019,1097,1184,1294,1410,1517,1627,1733,1846,1974,2079,2169",
                        "endColumns": "108,107,122,111,105,93,104,128,77,77,86,109,115,106,109,105,112,127,104,89,100",
                        "endOffsets": "159,267,390,502,608,702,807,936,1014,1092,1179,1289,1405,1512,1622,1728,1841,1969,2074,2164,2265"
                    },
                    "to": {
                        "startLines": "2,3,4,5,6,7,8,9,10,11,12,13,14,15,16,17,18,19,20,39,40",
                        "startColumns": "4,4,4,4,4,4,4,4,4,4,4,4,4,4,4,4,4,4,4,4,4",
                        "startOffsets": "105,214,322,445,557,663,757,862,991,1069,1147,1234,1344,1460,1567,1677,1783,1896,2024,4789,4879",
                        "endColumns": "108,107,122,111,105,93,104,128,77,77,86,109,115,106,109,105,112,127,104,89,100",
                        "endOffsets": "209,317,440,552,658,752,857,986,1064,1142,1229,1339,1455,1562,1672,1778,1891,2019,2124,4874,4975"
                    }
                },
                {
                    "source": "C:\\Users\\rache\\.gradle\\caches\\transforms-1\\files-1.1\\play-services-basement-11.8.0.aar\\4156095f54a5b056d692bcb2b851cc07\\res\\values-bn\\values.xml",
                    "from": {
                        "startLines": "4",
                        "startColumns": "0",
                        "startOffsets": "283",
                        "endColumns": "210",
                        "endOffsets": "493"
                    },
                    "to": {
                        "startLines": "29",
                        "startColumns": "4",
                        "startOffsets": "3269",
                        "endColumns": "210",
                        "endOffsets": "3475"
                    }
                }
            ]
        }
    ]
}