{
    "logs": [
        {
            "outputFile": "C:\\Users\\Daniel\\AndroidStudioProjects\\SoftwareSpecifications\\app\\build\\intermediates\\incremental\\mergeDebugResources\\merged.dir\\values-ro\\values-ro.xml",
            "map": [
                {
                    "source": "C:\\Users\\Daniel\\.gradle\\caches\\transforms-1\\files-1.1\\appcompat-v7-26.1.0.aar\\1f600b1218903c988bc8afd8c35bad62\\res\\values-ro\\values-ro.xml",
                    "from": {
                        "startLines": "2,3,4,5,6,7,8,9,10,11,12,13,14,15,16,17,18,19,20,21,22",
                        "startColumns": "4,4,4,4,4,4,4,4,4,4,4,4,4,4,4,4,4,4,4,4,4",
                        "startOffsets": "55,176,284,407,511,624,712,824,945,1030,1111,1194,1306,1419,1519,1633,1738,1844,1965,2068,2151",
                        "endColumns": "120,107,122,103,112,87,111,120,84,80,82,111,112,99,113,104,105,120,102,82,100",
                        "endOffsets": "171,279,402,506,619,707,819,940,1025,1106,1189,1301,1414,1514,1628,1733,1839,1960,2063,2146,2247"
                    },
                    "to": {
                        "startLines": "2,3,4,5,6,7,8,9,10,11,12,13,14,15,16,17,18,19,20,39,40",
                        "startColumns": "4,4,4,4,4,4,4,4,4,4,4,4,4,4,4,4,4,4,4,4,4",
                        "startOffsets": "105,226,334,457,561,674,762,874,995,1080,1161,1244,1356,1469,1569,1683,1788,1894,2015,4867,4950",
                        "endColumns": "120,107,122,103,112,87,111,120,84,80,82,111,112,99,113,104,105,120,102,82,100",
                        "endOffsets": "221,329,452,556,669,757,869,990,1075,1156,1239,1351,1464,1564,1678,1783,1889,2010,2113,4945,5046"
                    }
                },
                {
                    "source": "C:\\Users\\Daniel\\.gradle\\caches\\transforms-1\\files-1.1\\play-services-base-11.8.0.aar\\aee9d84feeba86acb0e68eb689ed1b20\\res\\values-ro\\values.xml",
                    "from": {
                        "startLines": "4,5,6,7,8,9,10,11,12,13,14,15,16,17,18,19,20",
                        "startColumns": "0,0,0,0,0,0,0,0,0,0,0,0,0,0,0,0,0",
                        "startOffsets": "281,386,578,705,812,1022,1152,1301,1435,1656,1764,1954,2084,2289,2481,2578,2671",
                        "endColumns": "104,191,126,106,209,129,148,133,220,107,189,129,204,191,96,92,106",
                        "endOffsets": "385,577,704,811,1021,1151,1300,1434,1655,1763,1953,2083,2288,2480,2577,2670,2777"
                    },
                    "to": {
                        "startLines": "21,22,23,24,25,26,27,28,30,31,32,33,34,35,36,37,38",
                        "startColumns": "4,4,4,4,4,4,4,4,4,4,4,4,4,4,4,4,4",
                        "startOffsets": "2118,2227,2419,2550,2661,2871,3005,3158,3500,3721,3833,4023,4157,4362,4558,4659,4756",
                        "endColumns": "108,191,130,110,209,133,152,137,220,111,189,133,204,195,100,96,110",
                        "endOffsets": "2222,2414,2545,2656,2866,3000,3153,3291,3716,3828,4018,4152,4357,4553,4654,4751,4862"
                    }
                },
                {
                    "source": "C:\\Users\\Daniel\\.gradle\\caches\\transforms-1\\files-1.1\\play-services-basement-11.8.0.aar\\b0e8a5874481ea38051cd2d8a9724518\\res\\values-ro\\values.xml",
                    "from": {
                        "startLines": "4",
                        "startColumns": "0",
                        "startOffsets": "283",
                        "endColumns": "203",
                        "endOffsets": "486"
                    },
                    "to": {
                        "startLines": "29",
                        "startColumns": "4",
                        "startOffsets": "3296",
                        "endColumns": "203",
                        "endOffsets": "3495"
                    }
                }
            ]
        },
        {
            "outputFile": "C:\\Users\\rache\\AndroidStudioProjects\\SoftwareSpecifications\\app\\build\\intermediates\\incremental\\mergeDebugResources\\merged.dir\\values-ro\\values-ro.xml",
            "map": [
                {
                    "source": "C:\\Users\\rache\\.gradle\\caches\\transforms-1\\files-1.1\\play-services-base-11.8.0.aar\\f2632959cf334c052a45ac2e6c89af48\\res\\values-ro\\values.xml",
                    "from": {
                        "startLines": "4,5,6,7,8,9,10,11,12,13,14,15,16,17,18,19,20",
                        "startColumns": "0,0,0,0,0,0,0,0,0,0,0,0,0,0,0,0,0",
                        "startOffsets": "281,386,578,705,812,1022,1152,1301,1435,1656,1764,1954,2084,2289,2481,2578,2671",
                        "endColumns": "104,191,126,106,209,129,148,133,220,107,189,129,204,191,96,92,106",
                        "endOffsets": "385,577,704,811,1021,1151,1300,1434,1655,1763,1953,2083,2288,2480,2577,2670,2777"
                    },
                    "to": {
                        "startLines": "21,22,23,24,25,26,27,28,30,31,32,33,34,35,36,37,38",
                        "startColumns": "4,4,4,4,4,4,4,4,4,4,4,4,4,4,4,4,4",
                        "startOffsets": "2118,2227,2419,2550,2661,2871,3005,3158,3500,3721,3833,4023,4157,4362,4558,4659,4756",
                        "endColumns": "108,191,130,110,209,133,152,137,220,111,189,133,204,195,100,96,110",
                        "endOffsets": "2222,2414,2545,2656,2866,3000,3153,3291,3716,3828,4018,4152,4357,4553,4654,4751,4862"
                    }
                },
                {
                    "source": "C:\\Users\\rache\\.gradle\\caches\\transforms-1\\files-1.1\\play-services-basement-11.8.0.aar\\4156095f54a5b056d692bcb2b851cc07\\res\\values-ro\\values.xml",
                    "from": {
                        "startLines": "4",
                        "startColumns": "0",
                        "startOffsets": "283",
                        "endColumns": "203",
                        "endOffsets": "486"
                    },
                    "to": {
                        "startLines": "29",
                        "startColumns": "4",
                        "startOffsets": "3296",
                        "endColumns": "203",
                        "endOffsets": "3495"
                    }
                },
                {
                    "source": "C:\\Users\\rache\\.gradle\\caches\\transforms-1\\files-1.1\\appcompat-v7-26.1.0.aar\\090f1e383135fa7a576715b6cc6d265b\\res\\values-ro\\values-ro.xml",
                    "from": {
                        "startLines": "2,3,4,5,6,7,8,9,10,11,12,13,14,15,16,17,18,19,20,21,22",
                        "startColumns": "4,4,4,4,4,4,4,4,4,4,4,4,4,4,4,4,4,4,4,4,4",
                        "startOffsets": "55,176,284,407,511,624,712,824,945,1030,1111,1194,1306,1419,1519,1633,1738,1844,1965,2068,2151",
                        "endColumns": "120,107,122,103,112,87,111,120,84,80,82,111,112,99,113,104,105,120,102,82,100",
                        "endOffsets": "171,279,402,506,619,707,819,940,1025,1106,1189,1301,1414,1514,1628,1733,1839,1960,2063,2146,2247"
                    },
                    "to": {
                        "startLines": "2,3,4,5,6,7,8,9,10,11,12,13,14,15,16,17,18,19,20,39,40",
                        "startColumns": "4,4,4,4,4,4,4,4,4,4,4,4,4,4,4,4,4,4,4,4,4",
                        "startOffsets": "105,226,334,457,561,674,762,874,995,1080,1161,1244,1356,1469,1569,1683,1788,1894,2015,4867,4950",
                        "endColumns": "120,107,122,103,112,87,111,120,84,80,82,111,112,99,113,104,105,120,102,82,100",
                        "endOffsets": "221,329,452,556,669,757,869,990,1075,1156,1239,1351,1464,1564,1678,1783,1889,2010,2113,4945,5046"
                    }
                }
            ]
        }
    ]
}