{
    "logs": [
        {
            "outputFile": "C:\\Users\\Daniel\\AndroidStudioProjects\\SoftwareSpecifications\\app\\build\\intermediates\\incremental\\mergeDebugResources\\merged.dir\\values-nb\\values-nb.xml",
            "map": [
                {
                    "source": "C:\\Users\\Daniel\\.gradle\\caches\\transforms-1\\files-1.1\\appcompat-v7-26.1.0.aar\\1f600b1218903c988bc8afd8c35bad62\\res\\values-nb\\values-nb.xml",
                    "from": {
                        "startLines": "2,3,4,5,6,7,8,9,10,11,12,13,14,15,16,17,18,19,20,21,22",
                        "startColumns": "4,4,4,4,4,4,4,4,4,4,4,4,4,4,4,4,4,4,4,4,4",
                        "startOffsets": "55,163,272,397,492,606,692,792,905,981,1057,1137,1240,1339,1435,1539,1637,1738,1854,1951,2030",
                        "endColumns": "107,108,124,94,113,85,99,112,75,75,79,102,98,95,103,97,100,115,96,78,100",
                        "endOffsets": "158,267,392,487,601,687,787,900,976,1052,1132,1235,1334,1430,1534,1632,1733,1849,1946,2025,2126"
                    },
                    "to": {
                        "startLines": "2,3,4,5,6,7,8,9,10,11,12,13,14,15,16,17,18,19,20,39,40",
                        "startColumns": "4,4,4,4,4,4,4,4,4,4,4,4,4,4,4,4,4,4,4,4,4",
                        "startOffsets": "105,213,322,447,542,656,742,842,955,1031,1107,1187,1290,1389,1485,1589,1687,1788,1904,4703,4782",
                        "endColumns": "107,108,124,94,113,85,99,112,75,75,79,102,98,95,103,97,100,115,96,78,100",
                        "endOffsets": "208,317,442,537,651,737,837,950,1026,1102,1182,1285,1384,1480,1584,1682,1783,1899,1996,4777,4878"
                    }
                },
                {
                    "source": "C:\\Users\\Daniel\\.gradle\\caches\\transforms-1\\files-1.1\\play-services-base-11.8.0.aar\\aee9d84feeba86acb0e68eb689ed1b20\\res\\values-nb\\values.xml",
                    "from": {
                        "startLines": "4,5,6,7,8,9,10,11,12,13,14,15,16,17,18,19,20",
                        "startColumns": "0,0,0,0,0,0,0,0,0,0,0,0,0,0,0,0,0",
                        "startOffsets": "281,384,575,699,806,1021,1149,1295,1423,1636,1741,1933,2059,2260,2462,2555,2643",
                        "endColumns": "102,190,123,106,214,127,145,127,212,104,191,125,200,201,92,87,102",
                        "endOffsets": "383,574,698,805,1020,1148,1294,1422,1635,1740,1932,2058,2259,2461,2554,2642,2745"
                    },
                    "to": {
                        "startLines": "21,22,23,24,25,26,27,28,30,31,32,33,34,35,36,37,38",
                        "startColumns": "4,4,4,4,4,4,4,4,4,4,4,4,4,4,4,4,4",
                        "startOffsets": "2001,2108,2299,2427,2538,2753,2885,3035,3356,3569,3678,3870,4000,4201,4407,4504,4596",
                        "endColumns": "106,190,127,110,214,131,149,131,212,108,191,129,200,205,96,91,106",
                        "endOffsets": "2103,2294,2422,2533,2748,2880,3030,3162,3564,3673,3865,3995,4196,4402,4499,4591,4698"
                    }
                },
                {
                    "source": "C:\\Users\\Daniel\\.gradle\\caches\\transforms-1\\files-1.1\\play-services-basement-11.8.0.aar\\b0e8a5874481ea38051cd2d8a9724518\\res\\values-nb\\values.xml",
                    "from": {
                        "startLines": "4",
                        "startColumns": "0",
                        "startOffsets": "283",
                        "endColumns": "188",
                        "endOffsets": "471"
                    },
                    "to": {
                        "startLines": "29",
                        "startColumns": "4",
                        "startOffsets": "3167",
                        "endColumns": "188",
                        "endOffsets": "3351"
                    }
                }
            ]
        },
        {
            "outputFile": "C:\\Users\\rache\\AndroidStudioProjects\\SoftwareSpecifications\\app\\build\\intermediates\\incremental\\mergeDebugResources\\merged.dir\\values-nb\\values-nb.xml",
            "map": [
                {
                    "source": "C:\\Users\\rache\\.gradle\\caches\\transforms-1\\files-1.1\\appcompat-v7-26.1.0.aar\\090f1e383135fa7a576715b6cc6d265b\\res\\values-nb\\values-nb.xml",
                    "from": {
                        "startLines": "2,3,4,5,6,7,8,9,10,11,12,13,14,15,16,17,18,19,20,21,22",
                        "startColumns": "4,4,4,4,4,4,4,4,4,4,4,4,4,4,4,4,4,4,4,4,4",
                        "startOffsets": "55,163,272,397,492,606,692,792,905,981,1057,1137,1240,1339,1435,1539,1637,1738,1854,1951,2030",
                        "endColumns": "107,108,124,94,113,85,99,112,75,75,79,102,98,95,103,97,100,115,96,78,100",
                        "endOffsets": "158,267,392,487,601,687,787,900,976,1052,1132,1235,1334,1430,1534,1632,1733,1849,1946,2025,2126"
                    },
                    "to": {
                        "startLines": "2,3,4,5,6,7,8,9,10,11,12,13,14,15,16,17,18,19,20,39,40",
                        "startColumns": "4,4,4,4,4,4,4,4,4,4,4,4,4,4,4,4,4,4,4,4,4",
                        "startOffsets": "105,213,322,447,542,656,742,842,955,1031,1107,1187,1290,1389,1485,1589,1687,1788,1904,4703,4782",
                        "endColumns": "107,108,124,94,113,85,99,112,75,75,79,102,98,95,103,97,100,115,96,78,100",
                        "endOffsets": "208,317,442,537,651,737,837,950,1026,1102,1182,1285,1384,1480,1584,1682,1783,1899,1996,4777,4878"
                    }
                },
                {
                    "source": "C:\\Users\\rache\\.gradle\\caches\\transforms-1\\files-1.1\\play-services-base-11.8.0.aar\\f2632959cf334c052a45ac2e6c89af48\\res\\values-nb\\values.xml",
                    "from": {
                        "startLines": "4,5,6,7,8,9,10,11,12,13,14,15,16,17,18,19,20",
                        "startColumns": "0,0,0,0,0,0,0,0,0,0,0,0,0,0,0,0,0",
                        "startOffsets": "281,384,575,699,806,1021,1149,1295,1423,1636,1741,1933,2059,2260,2462,2555,2643",
                        "endColumns": "102,190,123,106,214,127,145,127,212,104,191,125,200,201,92,87,102",
                        "endOffsets": "383,574,698,805,1020,1148,1294,1422,1635,1740,1932,2058,2259,2461,2554,2642,2745"
                    },
                    "to": {
                        "startLines": "21,22,23,24,25,26,27,28,30,31,32,33,34,35,36,37,38",
                        "startColumns": "4,4,4,4,4,4,4,4,4,4,4,4,4,4,4,4,4",
                        "startOffsets": "2001,2108,2299,2427,2538,2753,2885,3035,3356,3569,3678,3870,4000,4201,4407,4504,4596",
                        "endColumns": "106,190,127,110,214,131,149,131,212,108,191,129,200,205,96,91,106",
                        "endOffsets": "2103,2294,2422,2533,2748,2880,3030,3162,3564,3673,3865,3995,4196,4402,4499,4591,4698"
                    }
                },
                {
                    "source": "C:\\Users\\rache\\.gradle\\caches\\transforms-1\\files-1.1\\play-services-basement-11.8.0.aar\\4156095f54a5b056d692bcb2b851cc07\\res\\values-nb\\values.xml",
                    "from": {
                        "startLines": "4",
                        "startColumns": "0",
                        "startOffsets": "283",
                        "endColumns": "188",
                        "endOffsets": "471"
                    },
                    "to": {
                        "startLines": "29",
                        "startColumns": "4",
                        "startOffsets": "3167",
                        "endColumns": "188",
                        "endOffsets": "3351"
                    }
                }
            ]
        }
    ]
}