{
    "logs": [
        {
            "outputFile": "C:\\Users\\rache\\AndroidStudioProjects\\SoftwareSpecifications\\app\\build\\intermediates\\incremental\\mergeDebugResources\\merged.dir\\values-zu\\values-zu.xml",
            "map": [
                {
                    "source": "C:\\Users\\rache\\.gradle\\caches\\transforms-1\\files-1.1\\play-services-base-11.8.0.aar\\f2632959cf334c052a45ac2e6c89af48\\res\\values-zu\\values.xml",
                    "from": {
                        "startLines": "4,5,6,7,8,9,10,11,12,13,14,15,16,17,18,19,20",
                        "startColumns": "0,0,0,0,0,0,0,0,0,0,0,0,0,0,0,0,0",
                        "startOffsets": "281,390,598,731,833,1060,1187,1337,1472,1691,1799,1995,2124,2341,2524,2611,2706",
                        "endColumns": "108,207,132,101,226,126,149,134,218,107,195,128,216,182,86,94,109",
                        "endOffsets": "389,597,730,832,1059,1186,1336,1471,1690,1798,1994,2123,2340,2523,2610,2705,2815"
                    },
                    "to": {
                        "startLines": "21,22,23,24,25,26,27,28,30,31,32,33,34,35,36,37,38",
                        "startColumns": "4,4,4,4,4,4,4,4,4,4,4,4,4,4,4,4,4",
                        "startOffsets": "2072,2185,2393,2530,2636,2863,2994,3148,3478,3697,3809,4005,4138,4355,4542,4633,4732",
                        "endColumns": "112,207,136,105,226,130,153,138,218,111,195,132,216,186,90,98,113",
                        "endOffsets": "2180,2388,2525,2631,2858,2989,3143,3282,3692,3804,4000,4133,4350,4537,4628,4727,4841"
                    }
                },
                {
                    "source": "C:\\Users\\rache\\.gradle\\caches\\transforms-1\\files-1.1\\play-services-basement-11.8.0.aar\\4156095f54a5b056d692bcb2b851cc07\\res\\values-zu\\values.xml",
                    "from": {
                        "startLines": "4",
                        "startColumns": "0",
                        "startOffsets": "283",
                        "endColumns": "190",
                        "endOffsets": "473"
                    },
                    "to": {
                        "startLines": "29",
                        "startColumns": "4",
                        "startOffsets": "3287",
                        "endColumns": "190",
                        "endOffsets": "3473"
                    }
                },
                {
                    "source": "C:\\Users\\rache\\.gradle\\caches\\transforms-1\\files-1.1\\appcompat-v7-26.1.0.aar\\090f1e383135fa7a576715b6cc6d265b\\res\\values-zu\\values-zu.xml",
                    "from": {
                        "startLines": "2,3,4,5,6,7,8,9,10,11,12,13,14,15,16,17,18,19,20,21,22",
                        "startColumns": "4,4,4,4,4,4,4,4,4,4,4,4,4,4,4,4,4,4,4,4,4",
                        "startOffsets": "55,163,271,394,501,615,703,806,933,1013,1093,1179,1283,1389,1487,1594,1700,1806,1926,2022,2103",
                        "endColumns": "107,107,122,106,113,87,102,126,79,79,85,103,105,97,106,105,105,119,95,80,100",
                        "endOffsets": "158,266,389,496,610,698,801,928,1008,1088,1174,1278,1384,1482,1589,1695,1801,1921,2017,2098,2199"
                    },
                    "to": {
                        "startLines": "2,3,4,5,6,7,8,9,10,11,12,13,14,15,16,17,18,19,20,39,40",
                        "startColumns": "4,4,4,4,4,4,4,4,4,4,4,4,4,4,4,4,4,4,4,4,4",
                        "startOffsets": "105,213,321,444,551,665,753,856,983,1063,1143,1229,1333,1439,1537,1644,1750,1856,1976,4846,4927",
                        "endColumns": "107,107,122,106,113,87,102,126,79,79,85,103,105,97,106,105,105,119,95,80,100",
                        "endOffsets": "208,316,439,546,660,748,851,978,1058,1138,1224,1328,1434,1532,1639,1745,1851,1971,2067,4922,5023"
                    }
                }
            ]
        },
        {
            "outputFile": "C:\\Users\\Daniel\\AndroidStudioProjects\\SoftwareSpecifications\\app\\build\\intermediates\\incremental\\mergeDebugResources\\merged.dir\\values-zu\\values-zu.xml",
            "map": [
                {
                    "source": "C:\\Users\\Daniel\\.gradle\\caches\\transforms-1\\files-1.1\\appcompat-v7-26.1.0.aar\\1f600b1218903c988bc8afd8c35bad62\\res\\values-zu\\values-zu.xml",
                    "from": {
                        "startLines": "2,3,4,5,6,7,8,9,10,11,12,13,14,15,16,17,18,19,20,21,22",
                        "startColumns": "4,4,4,4,4,4,4,4,4,4,4,4,4,4,4,4,4,4,4,4,4",
                        "startOffsets": "55,163,271,394,501,615,703,806,933,1013,1093,1179,1283,1389,1487,1594,1700,1806,1926,2022,2103",
                        "endColumns": "107,107,122,106,113,87,102,126,79,79,85,103,105,97,106,105,105,119,95,80,100",
                        "endOffsets": "158,266,389,496,610,698,801,928,1008,1088,1174,1278,1384,1482,1589,1695,1801,1921,2017,2098,2199"
                    },
                    "to": {
                        "startLines": "2,3,4,5,6,7,8,9,10,11,12,13,14,15,16,17,18,19,20,39,40",
                        "startColumns": "4,4,4,4,4,4,4,4,4,4,4,4,4,4,4,4,4,4,4,4,4",
                        "startOffsets": "105,213,321,444,551,665,753,856,983,1063,1143,1229,1333,1439,1537,1644,1750,1856,1976,4846,4927",
                        "endColumns": "107,107,122,106,113,87,102,126,79,79,85,103,105,97,106,105,105,119,95,80,100",
                        "endOffsets": "208,316,439,546,660,748,851,978,1058,1138,1224,1328,1434,1532,1639,1745,1851,1971,2067,4922,5023"
                    }
                },
                {
                    "source": "C:\\Users\\Daniel\\.gradle\\caches\\transforms-1\\files-1.1\\play-services-base-11.8.0.aar\\aee9d84feeba86acb0e68eb689ed1b20\\res\\values-zu\\values.xml",
                    "from": {
                        "startLines": "4,5,6,7,8,9,10,11,12,13,14,15,16,17,18,19,20",
                        "startColumns": "0,0,0,0,0,0,0,0,0,0,0,0,0,0,0,0,0",
                        "startOffsets": "281,390,598,731,833,1060,1187,1337,1472,1691,1799,1995,2124,2341,2524,2611,2706",
                        "endColumns": "108,207,132,101,226,126,149,134,218,107,195,128,216,182,86,94,109",
                        "endOffsets": "389,597,730,832,1059,1186,1336,1471,1690,1798,1994,2123,2340,2523,2610,2705,2815"
                    },
                    "to": {
                        "startLines": "21,22,23,24,25,26,27,28,30,31,32,33,34,35,36,37,38",
                        "startColumns": "4,4,4,4,4,4,4,4,4,4,4,4,4,4,4,4,4",
                        "startOffsets": "2072,2185,2393,2530,2636,2863,2994,3148,3478,3697,3809,4005,4138,4355,4542,4633,4732",
                        "endColumns": "112,207,136,105,226,130,153,138,218,111,195,132,216,186,90,98,113",
                        "endOffsets": "2180,2388,2525,2631,2858,2989,3143,3282,3692,3804,4000,4133,4350,4537,4628,4727,4841"
                    }
                },
                {
                    "source": "C:\\Users\\Daniel\\.gradle\\caches\\transforms-1\\files-1.1\\play-services-basement-11.8.0.aar\\b0e8a5874481ea38051cd2d8a9724518\\res\\values-zu\\values.xml",
                    "from": {
                        "startLines": "4",
                        "startColumns": "0",
                        "startOffsets": "283",
                        "endColumns": "190",
                        "endOffsets": "473"
                    },
                    "to": {
                        "startLines": "29",
                        "startColumns": "4",
                        "startOffsets": "3287",
                        "endColumns": "190",
                        "endOffsets": "3473"
                    }
                }
            ]
        }
    ]
}