{
    "logs": [
        {
            "outputFile": "C:\\Users\\rache\\AndroidStudioProjects\\SoftwareSpecifications\\app\\build\\intermediates\\incremental\\mergeDebugResources\\merged.dir\\values-sr\\values-sr.xml",
            "map": [
                {
                    "source": "C:\\Users\\rache\\.gradle\\caches\\transforms-1\\files-1.1\\play-services-base-11.8.0.aar\\f2632959cf334c052a45ac2e6c89af48\\res\\values-sr\\values.xml",
                    "from": {
                        "startLines": "4,5,6,7,8,9,10,11,12,13,14,15,16,17,18,19,20",
                        "startColumns": "0,0,0,0,0,0,0,0,0,0,0,0,0,0,0,0,0",
                        "startOffsets": "281,385,573,697,805,1018,1143,1281,1408,1616,1721,1912,2037,2245,2413,2507,2598",
                        "endColumns": "103,187,123,107,212,124,137,126,207,104,190,124,207,167,93,90,104",
                        "endOffsets": "384,572,696,804,1017,1142,1280,1407,1615,1720,1911,2036,2244,2412,2506,2597,2702"
                    },
                    "to": {
                        "startLines": "21,22,23,24,25,26,27,28,30,31,32,33,34,35,36,37,38",
                        "startColumns": "4,4,4,4,4,4,4,4,4,4,4,4,4,4,4,4,4",
                        "startOffsets": "2063,2171,2359,2487,2599,2812,2941,3083,3403,3611,3720,3911,4040,4248,4420,4518,4613",
                        "endColumns": "107,187,127,111,212,128,141,130,207,108,190,128,207,171,97,94,108",
                        "endOffsets": "2166,2354,2482,2594,2807,2936,3078,3209,3606,3715,3906,4035,4243,4415,4513,4608,4717"
                    }
                },
                {
                    "source": "C:\\Users\\rache\\.gradle\\caches\\transforms-1\\files-1.1\\appcompat-v7-26.1.0.aar\\090f1e383135fa7a576715b6cc6d265b\\res\\values-sr\\values-sr.xml",
                    "from": {
                        "startLines": "2,3,4,5,6,7,8,9,10,11,12,13,14,15,16,17,18,19,20,21,22",
                        "startColumns": "4,4,4,4,4,4,4,4,4,4,4,4,4,4,4,4,4,4,4,4,4",
                        "startOffsets": "55,164,272,395,498,604,690,794,912,993,1073,1161,1266,1374,1475,1579,1687,1788,1916,2013,2097",
                        "endColumns": "108,107,122,102,105,85,103,117,80,79,87,104,107,100,103,107,100,127,96,83,100",
                        "endOffsets": "159,267,390,493,599,685,789,907,988,1068,1156,1261,1369,1470,1574,1682,1783,1911,2008,2092,2193"
                    },
                    "to": {
                        "startLines": "2,3,4,5,6,7,8,9,10,11,12,13,14,15,16,17,18,19,20,39,40",
                        "startColumns": "4,4,4,4,4,4,4,4,4,4,4,4,4,4,4,4,4,4,4,4,4",
                        "startOffsets": "105,214,322,445,548,654,740,844,962,1043,1123,1211,1316,1424,1525,1629,1737,1838,1966,4722,4806",
                        "endColumns": "108,107,122,102,105,85,103,117,80,79,87,104,107,100,103,107,100,127,96,83,100",
                        "endOffsets": "209,317,440,543,649,735,839,957,1038,1118,1206,1311,1419,1520,1624,1732,1833,1961,2058,4801,4902"
                    }
                },
                {
                    "source": "C:\\Users\\rache\\.gradle\\caches\\transforms-1\\files-1.1\\play-services-basement-11.8.0.aar\\4156095f54a5b056d692bcb2b851cc07\\res\\values-sr\\values.xml",
                    "from": {
                        "startLines": "4",
                        "startColumns": "0",
                        "startOffsets": "283",
                        "endColumns": "188",
                        "endOffsets": "471"
                    },
                    "to": {
                        "startLines": "29",
                        "startColumns": "4",
                        "startOffsets": "3214",
                        "endColumns": "188",
                        "endOffsets": "3398"
                    }
                }
            ]
        },
        {
            "outputFile": "C:\\Users\\Daniel\\AndroidStudioProjects\\SoftwareSpecifications\\app\\build\\intermediates\\incremental\\mergeDebugResources\\merged.dir\\values-sr\\values-sr.xml",
            "map": [
                {
                    "source": "C:\\Users\\Daniel\\.gradle\\caches\\transforms-1\\files-1.1\\play-services-base-11.8.0.aar\\aee9d84feeba86acb0e68eb689ed1b20\\res\\values-sr\\values.xml",
                    "from": {
                        "startLines": "4,5,6,7,8,9,10,11,12,13,14,15,16,17,18,19,20",
                        "startColumns": "0,0,0,0,0,0,0,0,0,0,0,0,0,0,0,0,0",
                        "startOffsets": "281,385,573,697,805,1018,1143,1281,1408,1616,1721,1912,2037,2245,2413,2507,2598",
                        "endColumns": "103,187,123,107,212,124,137,126,207,104,190,124,207,167,93,90,104",
                        "endOffsets": "384,572,696,804,1017,1142,1280,1407,1615,1720,1911,2036,2244,2412,2506,2597,2702"
                    },
                    "to": {
                        "startLines": "21,22,23,24,25,26,27,28,30,31,32,33,34,35,36,37,38",
                        "startColumns": "4,4,4,4,4,4,4,4,4,4,4,4,4,4,4,4,4",
                        "startOffsets": "2063,2171,2359,2487,2599,2812,2941,3083,3403,3611,3720,3911,4040,4248,4420,4518,4613",
                        "endColumns": "107,187,127,111,212,128,141,130,207,108,190,128,207,171,97,94,108",
                        "endOffsets": "2166,2354,2482,2594,2807,2936,3078,3209,3606,3715,3906,4035,4243,4415,4513,4608,4717"
                    }
                },
                {
                    "source": "C:\\Users\\Daniel\\.gradle\\caches\\transforms-1\\files-1.1\\appcompat-v7-26.1.0.aar\\1f600b1218903c988bc8afd8c35bad62\\res\\values-sr\\values-sr.xml",
                    "from": {
                        "startLines": "2,3,4,5,6,7,8,9,10,11,12,13,14,15,16,17,18,19,20,21,22",
                        "startColumns": "4,4,4,4,4,4,4,4,4,4,4,4,4,4,4,4,4,4,4,4,4",
                        "startOffsets": "55,164,272,395,498,604,690,794,912,993,1073,1161,1266,1374,1475,1579,1687,1788,1916,2013,2097",
                        "endColumns": "108,107,122,102,105,85,103,117,80,79,87,104,107,100,103,107,100,127,96,83,100",
                        "endOffsets": "159,267,390,493,599,685,789,907,988,1068,1156,1261,1369,1470,1574,1682,1783,1911,2008,2092,2193"
                    },
                    "to": {
                        "startLines": "2,3,4,5,6,7,8,9,10,11,12,13,14,15,16,17,18,19,20,39,40",
                        "startColumns": "4,4,4,4,4,4,4,4,4,4,4,4,4,4,4,4,4,4,4,4,4",
                        "startOffsets": "105,214,322,445,548,654,740,844,962,1043,1123,1211,1316,1424,1525,1629,1737,1838,1966,4722,4806",
                        "endColumns": "108,107,122,102,105,85,103,117,80,79,87,104,107,100,103,107,100,127,96,83,100",
                        "endOffsets": "209,317,440,543,649,735,839,957,1038,1118,1206,1311,1419,1520,1624,1732,1833,1961,2058,4801,4902"
                    }
                },
                {
                    "source": "C:\\Users\\Daniel\\.gradle\\caches\\transforms-1\\files-1.1\\play-services-basement-11.8.0.aar\\b0e8a5874481ea38051cd2d8a9724518\\res\\values-sr\\values.xml",
                    "from": {
                        "startLines": "4",
                        "startColumns": "0",
                        "startOffsets": "283",
                        "endColumns": "188",
                        "endOffsets": "471"
                    },
                    "to": {
                        "startLines": "29",
                        "startColumns": "4",
                        "startOffsets": "3214",
                        "endColumns": "188",
                        "endOffsets": "3398"
                    }
                }
            ]
        }
    ]
}