{
    "logs": [
        {
            "outputFile": "C:\\Users\\Daniel\\AndroidStudioProjects\\SoftwareSpecifications\\app\\build\\intermediates\\incremental\\mergeDebugResources\\merged.dir\\values-sl\\values-sl.xml",
            "map": [
                {
                    "source": "C:\\Users\\Daniel\\.gradle\\caches\\transforms-1\\files-1.1\\play-services-base-11.8.0.aar\\aee9d84feeba86acb0e68eb689ed1b20\\res\\values-sl\\values.xml",
                    "from": {
                        "startLines": "4,5,6,7,8,9,10,11,12,13,14,15,16,17,18,19,20",
                        "startColumns": "0,0,0,0,0,0,0,0,0,0,0,0,0,0,0,0,0",
                        "startOffsets": "281,385,582,709,814,1020,1148,1288,1417,1634,1739,1937,2065,2276,2454,2550,2638",
                        "endColumns": "103,196,126,104,205,127,139,128,216,104,197,127,210,177,95,87,108",
                        "endOffsets": "384,581,708,813,1019,1147,1287,1416,1633,1738,1936,2064,2275,2453,2549,2637,2746"
                    },
                    "to": {
                        "startLines": "21,22,23,24,25,26,27,28,30,31,32,33,34,35,36,37,38",
                        "startColumns": "4,4,4,4,4,4,4,4,4,4,4,4,4,4,4,4,4",
                        "startOffsets": "2075,2183,2380,2511,2620,2826,2958,3102,3434,3651,3760,3958,4090,4301,4483,4583,4675",
                        "endColumns": "107,196,130,108,205,131,143,132,216,108,197,131,210,181,99,91,112",
                        "endOffsets": "2178,2375,2506,2615,2821,2953,3097,3230,3646,3755,3953,4085,4296,4478,4578,4670,4783"
                    }
                },
                {
                    "source": "C:\\Users\\Daniel\\.gradle\\caches\\transforms-1\\files-1.1\\play-services-basement-11.8.0.aar\\b0e8a5874481ea38051cd2d8a9724518\\res\\values-sl\\values.xml",
                    "from": {
                        "startLines": "4",
                        "startColumns": "0",
                        "startOffsets": "283",
                        "endColumns": "198",
                        "endOffsets": "481"
                    },
                    "to": {
                        "startLines": "29",
                        "startColumns": "4",
                        "startOffsets": "3235",
                        "endColumns": "198",
                        "endOffsets": "3429"
                    }
                },
                {
                    "source": "C:\\Users\\Daniel\\.gradle\\caches\\transforms-1\\files-1.1\\appcompat-v7-26.1.0.aar\\1f600b1218903c988bc8afd8c35bad62\\res\\values-sl\\values-sl.xml",
                    "from": {
                        "startLines": "2,3,4,5,6,7,8,9,10,11,12,13,14,15,16,17,18,19,20,21,22",
                        "startColumns": "4,4,4,4,4,4,4,4,4,4,4,4,4,4,4,4,4,4,4,4,4",
                        "startOffsets": "55,162,270,393,500,608,695,798,917,1002,1086,1170,1278,1387,1487,1600,1707,1811,1928,2025,2108",
                        "endColumns": "106,107,122,106,107,86,102,118,84,83,83,107,108,99,112,106,103,116,96,82,100",
                        "endOffsets": "157,265,388,495,603,690,793,912,997,1081,1165,1273,1382,1482,1595,1702,1806,1923,2020,2103,2204"
                    },
                    "to": {
                        "startLines": "2,3,4,5,6,7,8,9,10,11,12,13,14,15,16,17,18,19,20,39,40",
                        "startColumns": "4,4,4,4,4,4,4,4,4,4,4,4,4,4,4,4,4,4,4,4,4",
                        "startOffsets": "105,212,320,443,550,658,745,848,967,1052,1136,1220,1328,1437,1537,1650,1757,1861,1978,4788,4871",
                        "endColumns": "106,107,122,106,107,86,102,118,84,83,83,107,108,99,112,106,103,116,96,82,100",
                        "endOffsets": "207,315,438,545,653,740,843,962,1047,1131,1215,1323,1432,1532,1645,1752,1856,1973,2070,4866,4967"
                    }
                }
            ]
        },
        {
            "outputFile": "C:\\Users\\rache\\AndroidStudioProjects\\SoftwareSpecifications\\app\\build\\intermediates\\incremental\\mergeDebugResources\\merged.dir\\values-sl\\values-sl.xml",
            "map": [
                {
                    "source": "C:\\Users\\rache\\.gradle\\caches\\transforms-1\\files-1.1\\play-services-basement-11.8.0.aar\\4156095f54a5b056d692bcb2b851cc07\\res\\values-sl\\values.xml",
                    "from": {
                        "startLines": "4",
                        "startColumns": "0",
                        "startOffsets": "283",
                        "endColumns": "198",
                        "endOffsets": "481"
                    },
                    "to": {
                        "startLines": "29",
                        "startColumns": "4",
                        "startOffsets": "3235",
                        "endColumns": "198",
                        "endOffsets": "3429"
                    }
                },
                {
                    "source": "C:\\Users\\rache\\.gradle\\caches\\transforms-1\\files-1.1\\play-services-base-11.8.0.aar\\f2632959cf334c052a45ac2e6c89af48\\res\\values-sl\\values.xml",
                    "from": {
                        "startLines": "4,5,6,7,8,9,10,11,12,13,14,15,16,17,18,19,20",
                        "startColumns": "0,0,0,0,0,0,0,0,0,0,0,0,0,0,0,0,0",
                        "startOffsets": "281,385,582,709,814,1020,1148,1288,1417,1634,1739,1937,2065,2276,2454,2550,2638",
                        "endColumns": "103,196,126,104,205,127,139,128,216,104,197,127,210,177,95,87,108",
                        "endOffsets": "384,581,708,813,1019,1147,1287,1416,1633,1738,1936,2064,2275,2453,2549,2637,2746"
                    },
                    "to": {
                        "startLines": "21,22,23,24,25,26,27,28,30,31,32,33,34,35,36,37,38",
                        "startColumns": "4,4,4,4,4,4,4,4,4,4,4,4,4,4,4,4,4",
                        "startOffsets": "2075,2183,2380,2511,2620,2826,2958,3102,3434,3651,3760,3958,4090,4301,4483,4583,4675",
                        "endColumns": "107,196,130,108,205,131,143,132,216,108,197,131,210,181,99,91,112",
                        "endOffsets": "2178,2375,2506,2615,2821,2953,3097,3230,3646,3755,3953,4085,4296,4478,4578,4670,4783"
                    }
                },
                {
                    "source": "C:\\Users\\rache\\.gradle\\caches\\transforms-1\\files-1.1\\appcompat-v7-26.1.0.aar\\090f1e383135fa7a576715b6cc6d265b\\res\\values-sl\\values-sl.xml",
                    "from": {
                        "startLines": "2,3,4,5,6,7,8,9,10,11,12,13,14,15,16,17,18,19,20,21,22",
                        "startColumns": "4,4,4,4,4,4,4,4,4,4,4,4,4,4,4,4,4,4,4,4,4",
                        "startOffsets": "55,162,270,393,500,608,695,798,917,1002,1086,1170,1278,1387,1487,1600,1707,1811,1928,2025,2108",
                        "endColumns": "106,107,122,106,107,86,102,118,84,83,83,107,108,99,112,106,103,116,96,82,100",
                        "endOffsets": "157,265,388,495,603,690,793,912,997,1081,1165,1273,1382,1482,1595,1702,1806,1923,2020,2103,2204"
                    },
                    "to": {
                        "startLines": "2,3,4,5,6,7,8,9,10,11,12,13,14,15,16,17,18,19,20,39,40",
                        "startColumns": "4,4,4,4,4,4,4,4,4,4,4,4,4,4,4,4,4,4,4,4,4",
                        "startOffsets": "105,212,320,443,550,658,745,848,967,1052,1136,1220,1328,1437,1537,1650,1757,1861,1978,4788,4871",
                        "endColumns": "106,107,122,106,107,86,102,118,84,83,83,107,108,99,112,106,103,116,96,82,100",
                        "endOffsets": "207,315,438,545,653,740,843,962,1047,1131,1215,1323,1432,1532,1645,1752,1856,1973,2070,4866,4967"
                    }
                }
            ]
        }
    ]
}