{
    "logs": [
        {
            "outputFile": "C:\\Users\\Daniel\\AndroidStudioProjects\\SoftwareSpecifications\\app\\build\\intermediates\\incremental\\mergeDebugResources\\merged.dir\\values-gl\\values-gl.xml",
            "map": [
                {
                    "source": "C:\\Users\\Daniel\\.gradle\\caches\\transforms-1\\files-1.1\\play-services-basement-11.8.0.aar\\b0e8a5874481ea38051cd2d8a9724518\\res\\values-gl\\values.xml",
                    "from": {
                        "startLines": "4",
                        "startColumns": "0",
                        "startOffsets": "283",
                        "endColumns": "192",
                        "endOffsets": "475"
                    },
                    "to": {
                        "startLines": "29",
                        "startColumns": "4",
                        "startOffsets": "3267",
                        "endColumns": "192",
                        "endOffsets": "3455"
                    }
                },
                {
                    "source": "C:\\Users\\Daniel\\.gradle\\caches\\transforms-1\\files-1.1\\appcompat-v7-26.1.0.aar\\1f600b1218903c988bc8afd8c35bad62\\res\\values-gl\\values-gl.xml",
                    "from": {
                        "startLines": "2,3,4,5,6,7,8,9,10,11,12,13,14,15,16,17,18,19,20,21,22",
                        "startColumns": "4,4,4,4,4,4,4,4,4,4,4,4,4,4,4,4,4,4,4,4,4",
                        "startOffsets": "55,167,275,398,510,618,703,805,931,1015,1096,1178,1285,1394,1493,1601,1705,1812,1934,2034,2116",
                        "endColumns": "111,107,122,111,107,84,101,125,83,80,81,106,108,98,107,103,106,121,99,81,100",
                        "endOffsets": "162,270,393,505,613,698,800,926,1010,1091,1173,1280,1389,1488,1596,1700,1807,1929,2029,2111,2212"
                    },
                    "to": {
                        "startLines": "2,3,4,5,6,7,8,9,10,11,12,13,14,15,16,17,18,19,20,39,40",
                        "startColumns": "4,4,4,4,4,4,4,4,4,4,4,4,4,4,4,4,4,4,4,4,4",
                        "startOffsets": "105,217,325,448,560,668,753,855,981,1065,1146,1228,1335,1444,1543,1651,1755,1862,1984,4854,4936",
                        "endColumns": "111,107,122,111,107,84,101,125,83,80,81,106,108,98,107,103,106,121,99,81,100",
                        "endOffsets": "212,320,443,555,663,748,850,976,1060,1141,1223,1330,1439,1538,1646,1750,1857,1979,2079,4931,5032"
                    }
                },
                {
                    "source": "C:\\Users\\Daniel\\.gradle\\caches\\transforms-1\\files-1.1\\play-services-base-11.8.0.aar\\aee9d84feeba86acb0e68eb689ed1b20\\res\\values-gl\\values.xml",
                    "from": {
                        "startLines": "4,5,6,7,8,9,10,11,12,13,14,15,16,17,18,19,20",
                        "startColumns": "0,0,0,0,0,0,0,0,0,0,0,0,0,0,0,0,0",
                        "startOffsets": "281,385,580,707,813,1031,1161,1306,1440,1670,1777,1977,2110,2334,2512,2605,2700",
                        "endColumns": "103,194,126,105,217,129,144,133,229,106,199,132,223,177,92,94,109",
                        "endOffsets": "384,579,706,812,1030,1160,1305,1439,1669,1776,1976,2109,2333,2511,2604,2699,2809"
                    },
                    "to": {
                        "startLines": "21,22,23,24,25,26,27,28,30,31,32,33,34,35,36,37,38",
                        "startColumns": "4,4,4,4,4,4,4,4,4,4,4,4,4,4,4,4,4",
                        "startOffsets": "2084,2192,2387,2518,2628,2846,2980,3129,3460,3690,3801,4001,4138,4362,4544,4641,4740",
                        "endColumns": "107,194,130,109,217,133,148,137,229,110,199,136,223,181,96,98,113",
                        "endOffsets": "2187,2382,2513,2623,2841,2975,3124,3262,3685,3796,3996,4133,4357,4539,4636,4735,4849"
                    }
                }
            ]
        },
        {
            "outputFile": "C:\\Users\\rache\\AndroidStudioProjects\\SoftwareSpecifications\\app\\build\\intermediates\\incremental\\mergeDebugResources\\merged.dir\\values-gl\\values-gl.xml",
            "map": [
                {
                    "source": "C:\\Users\\rache\\.gradle\\caches\\transforms-1\\files-1.1\\appcompat-v7-26.1.0.aar\\090f1e383135fa7a576715b6cc6d265b\\res\\values-gl\\values-gl.xml",
                    "from": {
                        "startLines": "2,3,4,5,6,7,8,9,10,11,12,13,14,15,16,17,18,19,20,21,22",
                        "startColumns": "4,4,4,4,4,4,4,4,4,4,4,4,4,4,4,4,4,4,4,4,4",
                        "startOffsets": "55,167,275,398,510,618,703,805,931,1015,1096,1178,1285,1394,1493,1601,1705,1812,1934,2034,2116",
                        "endColumns": "111,107,122,111,107,84,101,125,83,80,81,106,108,98,107,103,106,121,99,81,100",
                        "endOffsets": "162,270,393,505,613,698,800,926,1010,1091,1173,1280,1389,1488,1596,1700,1807,1929,2029,2111,2212"
                    },
                    "to": {
                        "startLines": "2,3,4,5,6,7,8,9,10,11,12,13,14,15,16,17,18,19,20,39,40",
                        "startColumns": "4,4,4,4,4,4,4,4,4,4,4,4,4,4,4,4,4,4,4,4,4",
                        "startOffsets": "105,217,325,448,560,668,753,855,981,1065,1146,1228,1335,1444,1543,1651,1755,1862,1984,4854,4936",
                        "endColumns": "111,107,122,111,107,84,101,125,83,80,81,106,108,98,107,103,106,121,99,81,100",
                        "endOffsets": "212,320,443,555,663,748,850,976,1060,1141,1223,1330,1439,1538,1646,1750,1857,1979,2079,4931,5032"
                    }
                },
                {
                    "source": "C:\\Users\\rache\\.gradle\\caches\\transforms-1\\files-1.1\\play-services-basement-11.8.0.aar\\4156095f54a5b056d692bcb2b851cc07\\res\\values-gl\\values.xml",
                    "from": {
                        "startLines": "4",
                        "startColumns": "0",
                        "startOffsets": "283",
                        "endColumns": "192",
                        "endOffsets": "475"
                    },
                    "to": {
                        "startLines": "29",
                        "startColumns": "4",
                        "startOffsets": "3267",
                        "endColumns": "192",
                        "endOffsets": "3455"
                    }
                },
                {
                    "source": "C:\\Users\\rache\\.gradle\\caches\\transforms-1\\files-1.1\\play-services-base-11.8.0.aar\\f2632959cf334c052a45ac2e6c89af48\\res\\values-gl\\values.xml",
                    "from": {
                        "startLines": "4,5,6,7,8,9,10,11,12,13,14,15,16,17,18,19,20",
                        "startColumns": "0,0,0,0,0,0,0,0,0,0,0,0,0,0,0,0,0",
                        "startOffsets": "281,385,580,707,813,1031,1161,1306,1440,1670,1777,1977,2110,2334,2512,2605,2700",
                        "endColumns": "103,194,126,105,217,129,144,133,229,106,199,132,223,177,92,94,109",
                        "endOffsets": "384,579,706,812,1030,1160,1305,1439,1669,1776,1976,2109,2333,2511,2604,2699,2809"
                    },
                    "to": {
                        "startLines": "21,22,23,24,25,26,27,28,30,31,32,33,34,35,36,37,38",
                        "startColumns": "4,4,4,4,4,4,4,4,4,4,4,4,4,4,4,4,4",
                        "startOffsets": "2084,2192,2387,2518,2628,2846,2980,3129,3460,3690,3801,4001,4138,4362,4544,4641,4740",
                        "endColumns": "107,194,130,109,217,133,148,137,229,110,199,136,223,181,96,98,113",
                        "endOffsets": "2187,2382,2513,2623,2841,2975,3124,3262,3685,3796,3996,4133,4357,4539,4636,4735,4849"
                    }
                }
            ]
        }
    ]
}