{
    "logs": [
        {
            "outputFile": "C:\\Users\\Daniel\\AndroidStudioProjects\\SoftwareSpecifications\\app\\build\\intermediates\\incremental\\mergeDebugResources\\merged.dir\\values-fa\\values-fa.xml",
            "map": [
                {
                    "source": "C:\\Users\\Daniel\\.gradle\\caches\\transforms-1\\files-1.1\\play-services-base-11.8.0.aar\\aee9d84feeba86acb0e68eb689ed1b20\\res\\values-fa\\values.xml",
                    "from": {
                        "startLines": "4,5,6,7,8,9,10,11,12,13,14,15,16,17,18,19,20",
                        "startColumns": "0,0,0,0,0,0,0,0,0,0,0,0,0,0,0,0,0",
                        "startOffsets": "281,387,578,707,808,1007,1133,1274,1401,1613,1721,1924,2055,2269,2453,2545,2639",
                        "endColumns": "105,190,128,100,198,125,140,126,211,107,202,130,213,183,91,93,109",
                        "endOffsets": "386,577,706,807,1006,1132,1273,1400,1612,1720,1923,2054,2268,2452,2544,2638,2748"
                    },
                    "to": {
                        "startLines": "21,22,23,24,25,26,27,28,30,31,32,33,34,35,36,37,38",
                        "startColumns": "4,4,4,4,4,4,4,4,4,4,4,4,4,4,4,4,4",
                        "startOffsets": "2067,2177,2368,2501,2606,2805,2935,3080,3425,3637,3749,3952,4087,4301,4489,4585,4683",
                        "endColumns": "109,190,132,104,198,129,144,130,211,111,202,134,213,187,95,97,113",
                        "endOffsets": "2172,2363,2496,2601,2800,2930,3075,3206,3632,3744,3947,4082,4296,4484,4580,4678,4792"
                    }
                },
                {
                    "source": "C:\\Users\\Daniel\\.gradle\\caches\\transforms-1\\files-1.1\\play-services-basement-11.8.0.aar\\b0e8a5874481ea38051cd2d8a9724518\\res\\values-fa\\values.xml",
                    "from": {
                        "startLines": "4",
                        "startColumns": "0",
                        "startOffsets": "283",
                        "endColumns": "213",
                        "endOffsets": "496"
                    },
                    "to": {
                        "startLines": "29",
                        "startColumns": "4",
                        "startOffsets": "3211",
                        "endColumns": "213",
                        "endOffsets": "3420"
                    }
                },
                {
                    "source": "C:\\Users\\Daniel\\.gradle\\caches\\transforms-1\\files-1.1\\appcompat-v7-26.1.0.aar\\1f600b1218903c988bc8afd8c35bad62\\res\\values-fa\\values-fa.xml",
                    "from": {
                        "startLines": "2,3,4,5,6,7,8,9,10,11,12,13,14,15,16,17,18,19,20,21,22",
                        "startColumns": "4,4,4,4,4,4,4,4,4,4,4,4,4,4,4,4,4,4,4,4,4",
                        "startOffsets": "55,165,275,401,504,615,699,802,917,996,1074,1155,1267,1370,1468,1578,1682,1791,1916,2017,2098",
                        "endColumns": "109,109,125,102,110,83,102,114,78,77,80,111,102,97,109,103,108,124,100,80,100",
                        "endOffsets": "160,270,396,499,610,694,797,912,991,1069,1150,1262,1365,1463,1573,1677,1786,1911,2012,2093,2194"
                    },
                    "to": {
                        "startLines": "2,3,4,5,6,7,8,9,10,11,12,13,14,15,16,17,18,19,20,39,40",
                        "startColumns": "4,4,4,4,4,4,4,4,4,4,4,4,4,4,4,4,4,4,4,4,4",
                        "startOffsets": "105,215,325,451,554,665,749,852,967,1046,1124,1205,1317,1420,1518,1628,1732,1841,1966,4797,4878",
                        "endColumns": "109,109,125,102,110,83,102,114,78,77,80,111,102,97,109,103,108,124,100,80,100",
                        "endOffsets": "210,320,446,549,660,744,847,962,1041,1119,1200,1312,1415,1513,1623,1727,1836,1961,2062,4873,4974"
                    }
                }
            ]
        },
        {
            "outputFile": "C:\\Users\\rache\\AndroidStudioProjects\\SoftwareSpecifications\\app\\build\\intermediates\\incremental\\mergeDebugResources\\merged.dir\\values-fa\\values-fa.xml",
            "map": [
                {
                    "source": "C:\\Users\\rache\\.gradle\\caches\\transforms-1\\files-1.1\\play-services-base-11.8.0.aar\\f2632959cf334c052a45ac2e6c89af48\\res\\values-fa\\values.xml",
                    "from": {
                        "startLines": "4,5,6,7,8,9,10,11,12,13,14,15,16,17,18,19,20",
                        "startColumns": "0,0,0,0,0,0,0,0,0,0,0,0,0,0,0,0,0",
                        "startOffsets": "281,387,578,707,808,1007,1133,1274,1401,1613,1721,1924,2055,2269,2453,2545,2639",
                        "endColumns": "105,190,128,100,198,125,140,126,211,107,202,130,213,183,91,93,109",
                        "endOffsets": "386,577,706,807,1006,1132,1273,1400,1612,1720,1923,2054,2268,2452,2544,2638,2748"
                    },
                    "to": {
                        "startLines": "21,22,23,24,25,26,27,28,30,31,32,33,34,35,36,37,38",
                        "startColumns": "4,4,4,4,4,4,4,4,4,4,4,4,4,4,4,4,4",
                        "startOffsets": "2067,2177,2368,2501,2606,2805,2935,3080,3425,3637,3749,3952,4087,4301,4489,4585,4683",
                        "endColumns": "109,190,132,104,198,129,144,130,211,111,202,134,213,187,95,97,113",
                        "endOffsets": "2172,2363,2496,2601,2800,2930,3075,3206,3632,3744,3947,4082,4296,4484,4580,4678,4792"
                    }
                },
                {
                    "source": "C:\\Users\\rache\\.gradle\\caches\\transforms-1\\files-1.1\\play-services-basement-11.8.0.aar\\4156095f54a5b056d692bcb2b851cc07\\res\\values-fa\\values.xml",
                    "from": {
                        "startLines": "4",
                        "startColumns": "0",
                        "startOffsets": "283",
                        "endColumns": "213",
                        "endOffsets": "496"
                    },
                    "to": {
                        "startLines": "29",
                        "startColumns": "4",
                        "startOffsets": "3211",
                        "endColumns": "213",
                        "endOffsets": "3420"
                    }
                },
                {
                    "source": "C:\\Users\\rache\\.gradle\\caches\\transforms-1\\files-1.1\\appcompat-v7-26.1.0.aar\\090f1e383135fa7a576715b6cc6d265b\\res\\values-fa\\values-fa.xml",
                    "from": {
                        "startLines": "2,3,4,5,6,7,8,9,10,11,12,13,14,15,16,17,18,19,20,21,22",
                        "startColumns": "4,4,4,4,4,4,4,4,4,4,4,4,4,4,4,4,4,4,4,4,4",
                        "startOffsets": "55,165,275,401,504,615,699,802,917,996,1074,1155,1267,1370,1468,1578,1682,1791,1916,2017,2098",
                        "endColumns": "109,109,125,102,110,83,102,114,78,77,80,111,102,97,109,103,108,124,100,80,100",
                        "endOffsets": "160,270,396,499,610,694,797,912,991,1069,1150,1262,1365,1463,1573,1677,1786,1911,2012,2093,2194"
                    },
                    "to": {
                        "startLines": "2,3,4,5,6,7,8,9,10,11,12,13,14,15,16,17,18,19,20,39,40",
                        "startColumns": "4,4,4,4,4,4,4,4,4,4,4,4,4,4,4,4,4,4,4,4,4",
                        "startOffsets": "105,215,325,451,554,665,749,852,967,1046,1124,1205,1317,1420,1518,1628,1732,1841,1966,4797,4878",
                        "endColumns": "109,109,125,102,110,83,102,114,78,77,80,111,102,97,109,103,108,124,100,80,100",
                        "endOffsets": "210,320,446,549,660,744,847,962,1041,1119,1200,1312,1415,1513,1623,1727,1836,1961,2062,4873,4974"
                    }
                }
            ]
        }
    ]
}