{
    "logs": [
        {
            "outputFile": "C:\\Users\\rache\\AndroidStudioProjects\\SoftwareSpecifications\\app\\build\\intermediates\\incremental\\mergeDebugResources\\merged.dir\\values-tl\\values-tl.xml",
            "map": [
                {
                    "source": "C:\\Users\\rache\\.gradle\\caches\\transforms-1\\files-1.1\\play-services-base-11.8.0.aar\\f2632959cf334c052a45ac2e6c89af48\\res\\values-tl\\values.xml",
                    "from": {
                        "startLines": "4,5,6,7,8,9,10,11,12,13,14,15,16,17,18,19,20",
                        "startColumns": "0,0,0,0,0,0,0,0,0,0,0,0,0,0,0,0,0",
                        "startOffsets": "281,386,594,730,837,1054,1188,1336,1474,1712,1817,2026,2162,2383,2588,2682,2774",
                        "endColumns": "104,207,135,106,216,133,147,137,237,104,208,135,220,204,93,91,105",
                        "endOffsets": "385,593,729,836,1053,1187,1335,1473,1711,1816,2025,2161,2382,2587,2681,2773,2879"
                    },
                    "to": {
                        "startLines": "21,22,23,24,25,26,27,28,30,31,32,33,34,35,36,37,38",
                        "startColumns": "4,4,4,4,4,4,4,4,4,4,4,4,4,4,4,4,4",
                        "startOffsets": "2117,2226,2434,2574,2685,2902,3040,3192,3539,3777,3886,4095,4235,4456,4665,4763,4859",
                        "endColumns": "108,207,139,110,216,137,151,141,237,108,208,139,220,208,97,95,109",
                        "endOffsets": "2221,2429,2569,2680,2897,3035,3187,3329,3772,3881,4090,4230,4451,4660,4758,4854,4964"
                    }
                },
                {
                    "source": "C:\\Users\\rache\\.gradle\\caches\\transforms-1\\files-1.1\\play-services-basement-11.8.0.aar\\4156095f54a5b056d692bcb2b851cc07\\res\\values-tl\\values.xml",
                    "from": {
                        "startLines": "4",
                        "startColumns": "0",
                        "startOffsets": "283",
                        "endColumns": "204",
                        "endOffsets": "487"
                    },
                    "to": {
                        "startLines": "29",
                        "startColumns": "4",
                        "startOffsets": "3334",
                        "endColumns": "204",
                        "endOffsets": "3534"
                    }
                },
                {
                    "source": "C:\\Users\\rache\\.gradle\\caches\\transforms-1\\files-1.1\\appcompat-v7-26.1.0.aar\\090f1e383135fa7a576715b6cc6d265b\\res\\values-tl\\values-tl.xml",
                    "from": {
                        "startLines": "2,3,4,5,6,7,8,9,10,11,12,13,14,15,16,17,18,19,20,21,22",
                        "startColumns": "4,4,4,4,4,4,4,4,4,4,4,4,4,4,4,4,4,4,4,4,4",
                        "startOffsets": "55,174,282,405,513,630,718,824,945,1024,1102,1186,1295,1406,1507,1617,1734,1842,1965,2067,2151",
                        "endColumns": "118,107,122,107,116,87,105,120,78,77,83,108,110,100,109,116,107,122,101,83,100",
                        "endOffsets": "169,277,400,508,625,713,819,940,1019,1097,1181,1290,1401,1502,1612,1729,1837,1960,2062,2146,2247"
                    },
                    "to": {
                        "startLines": "2,3,4,5,6,7,8,9,10,11,12,13,14,15,16,17,18,19,20,39,40",
                        "startColumns": "4,4,4,4,4,4,4,4,4,4,4,4,4,4,4,4,4,4,4,4,4",
                        "startOffsets": "105,224,332,455,563,680,768,874,995,1074,1152,1236,1345,1456,1557,1667,1784,1892,2015,4969,5053",
                        "endColumns": "118,107,122,107,116,87,105,120,78,77,83,108,110,100,109,116,107,122,101,83,100",
                        "endOffsets": "219,327,450,558,675,763,869,990,1069,1147,1231,1340,1451,1552,1662,1779,1887,2010,2112,5048,5149"
                    }
                }
            ]
        },
        {
            "outputFile": "C:\\Users\\Daniel\\AndroidStudioProjects\\SoftwareSpecifications\\app\\build\\intermediates\\incremental\\mergeDebugResources\\merged.dir\\values-tl\\values-tl.xml",
            "map": [
                {
                    "source": "C:\\Users\\Daniel\\.gradle\\caches\\transforms-1\\files-1.1\\play-services-basement-11.8.0.aar\\b0e8a5874481ea38051cd2d8a9724518\\res\\values-tl\\values.xml",
                    "from": {
                        "startLines": "4",
                        "startColumns": "0",
                        "startOffsets": "283",
                        "endColumns": "204",
                        "endOffsets": "487"
                    },
                    "to": {
                        "startLines": "29",
                        "startColumns": "4",
                        "startOffsets": "3334",
                        "endColumns": "204",
                        "endOffsets": "3534"
                    }
                },
                {
                    "source": "C:\\Users\\Daniel\\.gradle\\caches\\transforms-1\\files-1.1\\play-services-base-11.8.0.aar\\aee9d84feeba86acb0e68eb689ed1b20\\res\\values-tl\\values.xml",
                    "from": {
                        "startLines": "4,5,6,7,8,9,10,11,12,13,14,15,16,17,18,19,20",
                        "startColumns": "0,0,0,0,0,0,0,0,0,0,0,0,0,0,0,0,0",
                        "startOffsets": "281,386,594,730,837,1054,1188,1336,1474,1712,1817,2026,2162,2383,2588,2682,2774",
                        "endColumns": "104,207,135,106,216,133,147,137,237,104,208,135,220,204,93,91,105",
                        "endOffsets": "385,593,729,836,1053,1187,1335,1473,1711,1816,2025,2161,2382,2587,2681,2773,2879"
                    },
                    "to": {
                        "startLines": "21,22,23,24,25,26,27,28,30,31,32,33,34,35,36,37,38",
                        "startColumns": "4,4,4,4,4,4,4,4,4,4,4,4,4,4,4,4,4",
                        "startOffsets": "2117,2226,2434,2574,2685,2902,3040,3192,3539,3777,3886,4095,4235,4456,4665,4763,4859",
                        "endColumns": "108,207,139,110,216,137,151,141,237,108,208,139,220,208,97,95,109",
                        "endOffsets": "2221,2429,2569,2680,2897,3035,3187,3329,3772,3881,4090,4230,4451,4660,4758,4854,4964"
                    }
                },
                {
                    "source": "C:\\Users\\Daniel\\.gradle\\caches\\transforms-1\\files-1.1\\appcompat-v7-26.1.0.aar\\1f600b1218903c988bc8afd8c35bad62\\res\\values-tl\\values-tl.xml",
                    "from": {
                        "startLines": "2,3,4,5,6,7,8,9,10,11,12,13,14,15,16,17,18,19,20,21,22",
                        "startColumns": "4,4,4,4,4,4,4,4,4,4,4,4,4,4,4,4,4,4,4,4,4",
                        "startOffsets": "55,174,282,405,513,630,718,824,945,1024,1102,1186,1295,1406,1507,1617,1734,1842,1965,2067,2151",
                        "endColumns": "118,107,122,107,116,87,105,120,78,77,83,108,110,100,109,116,107,122,101,83,100",
                        "endOffsets": "169,277,400,508,625,713,819,940,1019,1097,1181,1290,1401,1502,1612,1729,1837,1960,2062,2146,2247"
                    },
                    "to": {
                        "startLines": "2,3,4,5,6,7,8,9,10,11,12,13,14,15,16,17,18,19,20,39,40",
                        "startColumns": "4,4,4,4,4,4,4,4,4,4,4,4,4,4,4,4,4,4,4,4,4",
                        "startOffsets": "105,224,332,455,563,680,768,874,995,1074,1152,1236,1345,1456,1557,1667,1784,1892,2015,4969,5053",
                        "endColumns": "118,107,122,107,116,87,105,120,78,77,83,108,110,100,109,116,107,122,101,83,100",
                        "endOffsets": "219,327,450,558,675,763,869,990,1069,1147,1231,1340,1451,1552,1662,1779,1887,2010,2112,5048,5149"
                    }
                }
            ]
        }
    ]
}