{
    "logs": [
        {
            "outputFile": "C:\\Users\\rache\\AndroidStudioProjects\\SoftwareSpecifications\\app\\build\\intermediates\\incremental\\mergeDebugResources\\merged.dir\\values-kk\\values-kk.xml",
            "map": [
                {
                    "source": "C:\\Users\\rache\\.gradle\\caches\\transforms-1\\files-1.1\\play-services-basement-11.8.0.aar\\4156095f54a5b056d692bcb2b851cc07\\res\\values-kk\\values.xml",
                    "from": {
                        "startLines": "4",
                        "startColumns": "0",
                        "startOffsets": "283",
                        "endColumns": "222",
                        "endOffsets": "505"
                    },
                    "to": {
                        "startLines": "29",
                        "startColumns": "4",
                        "startOffsets": "3193",
                        "endColumns": "222",
                        "endOffsets": "3411"
                    }
                },
                {
                    "source": "C:\\Users\\rache\\.gradle\\caches\\transforms-1\\files-1.1\\appcompat-v7-26.1.0.aar\\090f1e383135fa7a576715b6cc6d265b\\res\\values-kk\\values-kk.xml",
                    "from": {
                        "startLines": "2,3,4,5,6,7,8,9,10,11,12,13,14,15,16,17,18,19,20,21,22",
                        "startColumns": "4,4,4,4,4,4,4,4,4,4,4,4,4,4,4,4,4,4,4,4,4",
                        "startOffsets": "55,167,275,398,501,611,696,802,921,1002,1082,1163,1266,1371,1469,1576,1685,1785,1900,1999,2080",
                        "endColumns": "111,107,122,102,109,84,105,118,80,79,80,102,104,97,106,108,99,114,98,80,100",
                        "endOffsets": "162,270,393,496,606,691,797,916,997,1077,1158,1261,1366,1464,1571,1680,1780,1895,1994,2075,2176"
                    },
                    "to": {
                        "startLines": "2,3,4,5,6,7,8,9,10,11,12,13,14,15,16,17,18,19,20,39,40",
                        "startColumns": "4,4,4,4,4,4,4,4,4,4,4,4,4,4,4,4,4,4,4,4,4",
                        "startOffsets": "105,217,325,448,551,661,746,852,971,1052,1132,1213,1316,1421,1519,1626,1735,1835,1950,4755,4836",
                        "endColumns": "111,107,122,102,109,84,105,118,80,79,80,102,104,97,106,108,99,114,98,80,100",
                        "endOffsets": "212,320,443,546,656,741,847,966,1047,1127,1208,1311,1416,1514,1621,1730,1830,1945,2044,4831,4932"
                    }
                },
                {
                    "source": "C:\\Users\\rache\\.gradle\\caches\\transforms-1\\files-1.1\\play-services-base-11.8.0.aar\\f2632959cf334c052a45ac2e6c89af48\\res\\values-kk\\values.xml",
                    "from": {
                        "startLines": "4,5,6,7,8,9,10,11,12,13,14,15,16,17,18,19,20",
                        "startColumns": "0,0,0,0,0,0,0,0,0,0,0,0,0,0,0,0,0",
                        "startOffsets": "281,382,567,691,795,994,1118,1267,1401,1625,1729,1917,2044,2256,2439,2528,2613",
                        "endColumns": "100,184,123,103,198,123,148,133,223,103,187,126,211,182,88,84,102",
                        "endOffsets": "381,566,690,794,993,1117,1266,1400,1624,1728,1916,2043,2255,2438,2527,2612,2715"
                    },
                    "to": {
                        "startLines": "21,22,23,24,25,26,27,28,30,31,32,33,34,35,36,37,38",
                        "startColumns": "4,4,4,4,4,4,4,4,4,4,4,4,4,4,4,4,4",
                        "startOffsets": "2049,2154,2339,2467,2575,2774,2902,3055,3416,3640,3748,3936,4067,4279,4466,4559,4648",
                        "endColumns": "104,184,127,107,198,127,152,137,223,107,187,130,211,186,92,88,106",
                        "endOffsets": "2149,2334,2462,2570,2769,2897,3050,3188,3635,3743,3931,4062,4274,4461,4554,4643,4750"
                    }
                }
            ]
        },
        {
            "outputFile": "C:\\Users\\Daniel\\AndroidStudioProjects\\SoftwareSpecifications\\app\\build\\intermediates\\incremental\\mergeDebugResources\\merged.dir\\values-kk\\values-kk.xml",
            "map": [
                {
                    "source": "C:\\Users\\Daniel\\.gradle\\caches\\transforms-1\\files-1.1\\appcompat-v7-26.1.0.aar\\1f600b1218903c988bc8afd8c35bad62\\res\\values-kk\\values-kk.xml",
                    "from": {
                        "startLines": "2,3,4,5,6,7,8,9,10,11,12,13,14,15,16,17,18,19,20,21,22",
                        "startColumns": "4,4,4,4,4,4,4,4,4,4,4,4,4,4,4,4,4,4,4,4,4",
                        "startOffsets": "55,167,275,398,501,611,696,802,921,1002,1082,1163,1266,1371,1469,1576,1685,1785,1900,1999,2080",
                        "endColumns": "111,107,122,102,109,84,105,118,80,79,80,102,104,97,106,108,99,114,98,80,100",
                        "endOffsets": "162,270,393,496,606,691,797,916,997,1077,1158,1261,1366,1464,1571,1680,1780,1895,1994,2075,2176"
                    },
                    "to": {
                        "startLines": "2,3,4,5,6,7,8,9,10,11,12,13,14,15,16,17,18,19,20,39,40",
                        "startColumns": "4,4,4,4,4,4,4,4,4,4,4,4,4,4,4,4,4,4,4,4,4",
                        "startOffsets": "105,217,325,448,551,661,746,852,971,1052,1132,1213,1316,1421,1519,1626,1735,1835,1950,4755,4836",
                        "endColumns": "111,107,122,102,109,84,105,118,80,79,80,102,104,97,106,108,99,114,98,80,100",
                        "endOffsets": "212,320,443,546,656,741,847,966,1047,1127,1208,1311,1416,1514,1621,1730,1830,1945,2044,4831,4932"
                    }
                },
                {
                    "source": "C:\\Users\\Daniel\\.gradle\\caches\\transforms-1\\files-1.1\\play-services-basement-11.8.0.aar\\b0e8a5874481ea38051cd2d8a9724518\\res\\values-kk\\values.xml",
                    "from": {
                        "startLines": "4",
                        "startColumns": "0",
                        "startOffsets": "283",
                        "endColumns": "222",
                        "endOffsets": "505"
                    },
                    "to": {
                        "startLines": "29",
                        "startColumns": "4",
                        "startOffsets": "3193",
                        "endColumns": "222",
                        "endOffsets": "3411"
                    }
                },
                {
                    "source": "C:\\Users\\Daniel\\.gradle\\caches\\transforms-1\\files-1.1\\play-services-base-11.8.0.aar\\aee9d84feeba86acb0e68eb689ed1b20\\res\\values-kk\\values.xml",
                    "from": {
                        "startLines": "4,5,6,7,8,9,10,11,12,13,14,15,16,17,18,19,20",
                        "startColumns": "0,0,0,0,0,0,0,0,0,0,0,0,0,0,0,0,0",
                        "startOffsets": "281,382,567,691,795,994,1118,1267,1401,1625,1729,1917,2044,2256,2439,2528,2613",
                        "endColumns": "100,184,123,103,198,123,148,133,223,103,187,126,211,182,88,84,102",
                        "endOffsets": "381,566,690,794,993,1117,1266,1400,1624,1728,1916,2043,2255,2438,2527,2612,2715"
                    },
                    "to": {
                        "startLines": "21,22,23,24,25,26,27,28,30,31,32,33,34,35,36,37,38",
                        "startColumns": "4,4,4,4,4,4,4,4,4,4,4,4,4,4,4,4,4",
                        "startOffsets": "2049,2154,2339,2467,2575,2774,2902,3055,3416,3640,3748,3936,4067,4279,4466,4559,4648",
                        "endColumns": "104,184,127,107,198,127,152,137,223,107,187,130,211,186,92,88,106",
                        "endOffsets": "2149,2334,2462,2570,2769,2897,3050,3188,3635,3743,3931,4062,4274,4461,4554,4643,4750"
                    }
                }
            ]
        }
    ]
}