{
    "logs": [
        {
            "outputFile": "C:\\Users\\rache\\AndroidStudioProjects\\SoftwareSpecifications\\app\\build\\intermediates\\incremental\\mergeDebugResources\\merged.dir\\values-lt\\values-lt.xml",
            "map": [
                {
                    "source": "C:\\Users\\rache\\.gradle\\caches\\transforms-1\\files-1.1\\appcompat-v7-26.1.0.aar\\090f1e383135fa7a576715b6cc6d265b\\res\\values-lt\\values-lt.xml",
                    "from": {
                        "startLines": "2,3,4,5,6,7,8,9,10,11,12,13,14,15,16,17,18,19,20,21,22",
                        "startColumns": "4,4,4,4,4,4,4,4,4,4,4,4,4,4,4,4,4,4,4,4,4",
                        "startOffsets": "55,171,279,402,503,616,703,812,933,1015,1096,1181,1290,1399,1499,1609,1713,1826,1956,2057,2140",
                        "endColumns": "115,107,122,100,112,86,108,120,81,80,84,108,108,99,109,103,112,129,100,82,100",
                        "endOffsets": "166,274,397,498,611,698,807,928,1010,1091,1176,1285,1394,1494,1604,1708,1821,1951,2052,2135,2236"
                    },
                    "to": {
                        "startLines": "2,3,4,5,6,7,8,9,10,11,12,13,14,15,16,17,18,19,20,39,40",
                        "startColumns": "4,4,4,4,4,4,4,4,4,4,4,4,4,4,4,4,4,4,4,4,4",
                        "startOffsets": "105,221,329,452,553,666,753,862,983,1065,1146,1231,1340,1449,1549,1659,1763,1876,2006,4862,4945",
                        "endColumns": "115,107,122,100,112,86,108,120,81,80,84,108,108,99,109,103,112,129,100,82,100",
                        "endOffsets": "216,324,447,548,661,748,857,978,1060,1141,1226,1335,1444,1544,1654,1758,1871,2001,2102,4940,5041"
                    }
                },
                {
                    "source": "C:\\Users\\rache\\.gradle\\caches\\transforms-1\\files-1.1\\play-services-base-11.8.0.aar\\f2632959cf334c052a45ac2e6c89af48\\res\\values-lt\\values.xml",
                    "from": {
                        "startLines": "4,5,6,7,8,9,10,11,12,13,14,15,16,17,18,19,20",
                        "startColumns": "0,0,0,0,0,0,0,0,0,0,0,0,0,0,0,0,0",
                        "startOffsets": "281,386,570,700,805,1017,1145,1290,1421,1646,1753,1949,2081,2293,2469,2563,2655",
                        "endColumns": "104,183,129,104,211,127,144,130,224,106,195,131,211,175,93,91,114",
                        "endOffsets": "385,569,699,804,1016,1144,1289,1420,1645,1752,1948,2080,2292,2468,2562,2654,2769"
                    },
                    "to": {
                        "startLines": "21,22,23,24,25,26,27,28,30,31,32,33,34,35,36,37,38",
                        "startColumns": "4,4,4,4,4,4,4,4,4,4,4,4,4,4,4,4,4",
                        "startOffsets": "2107,2216,2400,2534,2643,2855,2987,3136,3489,3714,3825,4021,4157,4369,4549,4647,4743",
                        "endColumns": "108,183,133,108,211,131,148,134,224,110,195,135,211,179,97,95,118",
                        "endOffsets": "2211,2395,2529,2638,2850,2982,3131,3266,3709,3820,4016,4152,4364,4544,4642,4738,4857"
                    }
                },
                {
                    "source": "C:\\Users\\rache\\.gradle\\caches\\transforms-1\\files-1.1\\play-services-basement-11.8.0.aar\\4156095f54a5b056d692bcb2b851cc07\\res\\values-lt\\values.xml",
                    "from": {
                        "startLines": "4",
                        "startColumns": "0",
                        "startOffsets": "283",
                        "endColumns": "217",
                        "endOffsets": "500"
                    },
                    "to": {
                        "startLines": "29",
                        "startColumns": "4",
                        "startOffsets": "3271",
                        "endColumns": "217",
                        "endOffsets": "3484"
                    }
                }
            ]
        },
        {
            "outputFile": "C:\\Users\\Daniel\\AndroidStudioProjects\\SoftwareSpecifications\\app\\build\\intermediates\\incremental\\mergeDebugResources\\merged.dir\\values-lt\\values-lt.xml",
            "map": [
                {
                    "source": "C:\\Users\\Daniel\\.gradle\\caches\\transforms-1\\files-1.1\\play-services-basement-11.8.0.aar\\b0e8a5874481ea38051cd2d8a9724518\\res\\values-lt\\values.xml",
                    "from": {
                        "startLines": "4",
                        "startColumns": "0",
                        "startOffsets": "283",
                        "endColumns": "217",
                        "endOffsets": "500"
                    },
                    "to": {
                        "startLines": "29",
                        "startColumns": "4",
                        "startOffsets": "3271",
                        "endColumns": "217",
                        "endOffsets": "3484"
                    }
                },
                {
                    "source": "C:\\Users\\Daniel\\.gradle\\caches\\transforms-1\\files-1.1\\appcompat-v7-26.1.0.aar\\1f600b1218903c988bc8afd8c35bad62\\res\\values-lt\\values-lt.xml",
                    "from": {
                        "startLines": "2,3,4,5,6,7,8,9,10,11,12,13,14,15,16,17,18,19,20,21,22",
                        "startColumns": "4,4,4,4,4,4,4,4,4,4,4,4,4,4,4,4,4,4,4,4,4",
                        "startOffsets": "55,171,279,402,503,616,703,812,933,1015,1096,1181,1290,1399,1499,1609,1713,1826,1956,2057,2140",
                        "endColumns": "115,107,122,100,112,86,108,120,81,80,84,108,108,99,109,103,112,129,100,82,100",
                        "endOffsets": "166,274,397,498,611,698,807,928,1010,1091,1176,1285,1394,1494,1604,1708,1821,1951,2052,2135,2236"
                    },
                    "to": {
                        "startLines": "2,3,4,5,6,7,8,9,10,11,12,13,14,15,16,17,18,19,20,39,40",
                        "startColumns": "4,4,4,4,4,4,4,4,4,4,4,4,4,4,4,4,4,4,4,4,4",
                        "startOffsets": "105,221,329,452,553,666,753,862,983,1065,1146,1231,1340,1449,1549,1659,1763,1876,2006,4862,4945",
                        "endColumns": "115,107,122,100,112,86,108,120,81,80,84,108,108,99,109,103,112,129,100,82,100",
                        "endOffsets": "216,324,447,548,661,748,857,978,1060,1141,1226,1335,1444,1544,1654,1758,1871,2001,2102,4940,5041"
                    }
                },
                {
                    "source": "C:\\Users\\Daniel\\.gradle\\caches\\transforms-1\\files-1.1\\play-services-base-11.8.0.aar\\aee9d84feeba86acb0e68eb689ed1b20\\res\\values-lt\\values.xml",
                    "from": {
                        "startLines": "4,5,6,7,8,9,10,11,12,13,14,15,16,17,18,19,20",
                        "startColumns": "0,0,0,0,0,0,0,0,0,0,0,0,0,0,0,0,0",
                        "startOffsets": "281,386,570,700,805,1017,1145,1290,1421,1646,1753,1949,2081,2293,2469,2563,2655",
                        "endColumns": "104,183,129,104,211,127,144,130,224,106,195,131,211,175,93,91,114",
                        "endOffsets": "385,569,699,804,1016,1144,1289,1420,1645,1752,1948,2080,2292,2468,2562,2654,2769"
                    },
                    "to": {
                        "startLines": "21,22,23,24,25,26,27,28,30,31,32,33,34,35,36,37,38",
                        "startColumns": "4,4,4,4,4,4,4,4,4,4,4,4,4,4,4,4,4",
                        "startOffsets": "2107,2216,2400,2534,2643,2855,2987,3136,3489,3714,3825,4021,4157,4369,4549,4647,4743",
                        "endColumns": "108,183,133,108,211,131,148,134,224,110,195,135,211,179,97,95,118",
                        "endOffsets": "2211,2395,2529,2638,2850,2982,3131,3266,3709,3820,4016,4152,4364,4544,4642,4738,4857"
                    }
                }
            ]
        }
    ]
}