{
    "logs": [
        {
            "outputFile": "C:\\Users\\rache\\AndroidStudioProjects\\SoftwareSpecifications\\app\\build\\intermediates\\incremental\\mergeDebugResources\\merged.dir\\values-sw600dp-v13\\values-sw600dp-v13.xml",
            "map": [
                {
                    "source": "C:\\Users\\rache\\.gradle\\caches\\transforms-1\\files-1.1\\appcompat-v7-26.1.0.aar\\090f1e383135fa7a576715b6cc6d265b\\res\\values-sw600dp-v13\\values-sw600dp-v13.xml",
                    "from": {
                        "startLines": "2,3,4,5,6,7,8,9",
                        "startColumns": "4,4,4,4,4,4,4,4",
                        "startOffsets": "55,124,193,263,337,413,472,543",
                        "endColumns": "68,68,69,73,75,58,70,67",
                        "endOffsets": "119,188,258,332,408,467,538,606"
                    }
                },
                {
                    "source": "C:\\Users\\rache\\.gradle\\caches\\transforms-1\\files-1.1\\design-26.1.0.aar\\a48168874ae94fc71a0d5a975814867e\\res\\values-sw600dp-v13\\values-sw600dp-v13.xml",
                    "from": {
                        "startLines": "2,3,4,5,6,7,8,9,10,11",
                        "startColumns": "4,4,4,4,4,4,4,4,4,4",
                        "startOffsets": "55,115,185,256,328,386,444,550,614,677",
                        "endLines": "2,3,4,5,6,7,8,9,10,14",
                        "endColumns": "59,69,70,71,57,57,105,63,62,12",
                        "endOffsets": "110,180,251,323,381,439,545,609,672,854"
                    },
                    "to": {
                        "startLines": "10,11,12,13,14,15,16,17,18,19",
                        "startColumns": "4,4,4,4,4,4,4,4,4,4",
                        "startOffsets": "611,671,741,812,884,942,1000,1106,1170,1233",
                        "endLines": "10,11,12,13,14,15,16,17,18,22",
                        "endColumns": "59,69,70,71,57,57,105,63,62,12",
                        "endOffsets": "666,736,807,879,937,995,1101,1165,1228,1410"
                    }
                }
            ]
        },
        {
            "outputFile": "C:\\Users\\Daniel\\AndroidStudioProjects\\SoftwareSpecifications\\app\\build\\intermediates\\incremental\\mergeDebugResources\\merged.dir\\values-sw600dp-v13\\values-sw600dp-v13.xml",
            "map": [
                {
                    "source": "C:\\Users\\Daniel\\.gradle\\caches\\transforms-1\\files-1.1\\appcompat-v7-26.1.0.aar\\1f600b1218903c988bc8afd8c35bad62\\res\\values-sw600dp-v13\\values-sw600dp-v13.xml",
                    "from": {
                        "startLines": "2,3,4,5,6,7,8,9",
                        "startColumns": "4,4,4,4,4,4,4,4",
                        "startOffsets": "55,124,193,263,337,413,472,543",
                        "endColumns": "68,68,69,73,75,58,70,67",
                        "endOffsets": "119,188,258,332,408,467,538,606"
                    }
                },
                {
                    "source": "C:\\Users\\Daniel\\.gradle\\caches\\transforms-1\\files-1.1\\design-26.1.0.aar\\5cfd52f7d8df7fc4d01c958abc00c488\\res\\values-sw600dp-v13\\values-sw600dp-v13.xml",
                    "from": {
                        "startLines": "2,3,4,5,6,7,8,9,10,11",
                        "startColumns": "4,4,4,4,4,4,4,4,4,4",
                        "startOffsets": "55,115,185,256,328,386,444,550,614,677",
                        "endLines": "2,3,4,5,6,7,8,9,10,14",
                        "endColumns": "59,69,70,71,57,57,105,63,62,12",
                        "endOffsets": "110,180,251,323,381,439,545,609,672,854"
                    },
                    "to": {
                        "startLines": "10,11,12,13,14,15,16,17,18,19",
                        "startColumns": "4,4,4,4,4,4,4,4,4,4",
                        "startOffsets": "611,671,741,812,884,942,1000,1106,1170,1233",
                        "endLines": "10,11,12,13,14,15,16,17,18,22",
                        "endColumns": "59,69,70,71,57,57,105,63,62,12",
                        "endOffsets": "666,736,807,879,937,995,1101,1165,1228,1410"
                    }
                }
            ]
        }
    ]
}