{
    "logs": [
        {
            "outputFile": "C:\\Users\\Daniel\\AndroidStudioProjects\\SoftwareSpecifications\\app\\build\\intermediates\\incremental\\mergeDebugResources\\merged.dir\\values-pa\\values-pa.xml",
            "map": [
                {
                    "source": "C:\\Users\\Daniel\\.gradle\\caches\\transforms-1\\files-1.1\\play-services-basement-11.8.0.aar\\b0e8a5874481ea38051cd2d8a9724518\\res\\values-pa\\values.xml",
                    "from": {
                        "startLines": "4",
                        "startColumns": "0",
                        "startOffsets": "283",
                        "endColumns": "209",
                        "endOffsets": "492"
                    },
                    "to": {
                        "startLines": "29",
                        "startColumns": "4",
                        "startOffsets": "3192",
                        "endColumns": "209",
                        "endOffsets": "3397"
                    }
                },
                {
                    "source": "C:\\Users\\Daniel\\.gradle\\caches\\transforms-1\\files-1.1\\play-services-base-11.8.0.aar\\aee9d84feeba86acb0e68eb689ed1b20\\res\\values-pa\\values.xml",
                    "from": {
                        "startLines": "4,5,6,7,8,9,10,11,12,13,14,15,16,17,18,19,20",
                        "startColumns": "0,0,0,0,0,0,0,0,0,0,0,0,0,0,0,0,0",
                        "startOffsets": "281,386,591,719,826,1032,1159,1298,1427,1648,1755,1959,2089,2301,2488,2580,2672",
                        "endColumns": "104,204,127,106,205,126,138,128,220,106,203,129,211,186,91,91,106",
                        "endOffsets": "385,590,718,825,1031,1158,1297,1426,1647,1754,1958,2088,2300,2487,2579,2671,2778"
                    },
                    "to": {
                        "startLines": "21,22,23,24,25,26,27,28,30,31,32,33,34,35,36,37,38",
                        "startColumns": "4,4,4,4,4,4,4,4,4,4,4,4,4,4,4,4,4",
                        "startOffsets": "2022,2131,2336,2468,2579,2785,2916,3059,3402,3623,3734,3938,4072,4284,4475,4571,4667",
                        "endColumns": "108,204,131,110,205,130,142,132,220,110,203,133,211,190,95,95,110",
                        "endOffsets": "2126,2331,2463,2574,2780,2911,3054,3187,3618,3729,3933,4067,4279,4470,4566,4662,4773"
                    }
                },
                {
                    "source": "C:\\Users\\Daniel\\.gradle\\caches\\transforms-1\\files-1.1\\appcompat-v7-26.1.0.aar\\1f600b1218903c988bc8afd8c35bad62\\res\\values-pa\\values-pa.xml",
                    "from": {
                        "startLines": "2,3,4,5,6,7,8,9,10,11,12,13,14,15,16,17,18,19,20,21,22",
                        "startColumns": "4,4,4,4,4,4,4,4,4,4,4,4,4,4,4,4,4,4,4,4,4",
                        "startOffsets": "55,161,269,392,497,602,688,788,901,978,1054,1133,1234,1335,1432,1541,1640,1750,1872,1972,2051",
                        "endColumns": "105,107,122,104,104,85,99,112,76,75,78,100,100,96,108,98,109,121,99,78,100",
                        "endOffsets": "156,264,387,492,597,683,783,896,973,1049,1128,1229,1330,1427,1536,1635,1745,1867,1967,2046,2147"
                    },
                    "to": {
                        "startLines": "2,3,4,5,6,7,8,9,10,11,12,13,14,15,16,17,18,19,20,39,40",
                        "startColumns": "4,4,4,4,4,4,4,4,4,4,4,4,4,4,4,4,4,4,4,4,4",
                        "startOffsets": "105,211,319,442,547,652,738,838,951,1028,1104,1183,1284,1385,1482,1591,1690,1800,1922,4778,4857",
                        "endColumns": "105,107,122,104,104,85,99,112,76,75,78,100,100,96,108,98,109,121,99,78,100",
                        "endOffsets": "206,314,437,542,647,733,833,946,1023,1099,1178,1279,1380,1477,1586,1685,1795,1917,2017,4852,4953"
                    }
                }
            ]
        },
        {
            "outputFile": "C:\\Users\\rache\\AndroidStudioProjects\\SoftwareSpecifications\\app\\build\\intermediates\\incremental\\mergeDebugResources\\merged.dir\\values-pa\\values-pa.xml",
            "map": [
                {
                    "source": "C:\\Users\\rache\\.gradle\\caches\\transforms-1\\files-1.1\\appcompat-v7-26.1.0.aar\\090f1e383135fa7a576715b6cc6d265b\\res\\values-pa\\values-pa.xml",
                    "from": {
                        "startLines": "2,3,4,5,6,7,8,9,10,11,12,13,14,15,16,17,18,19,20,21,22",
                        "startColumns": "4,4,4,4,4,4,4,4,4,4,4,4,4,4,4,4,4,4,4,4,4",
                        "startOffsets": "55,161,269,392,497,602,688,788,901,978,1054,1133,1234,1335,1432,1541,1640,1750,1872,1972,2051",
                        "endColumns": "105,107,122,104,104,85,99,112,76,75,78,100,100,96,108,98,109,121,99,78,100",
                        "endOffsets": "156,264,387,492,597,683,783,896,973,1049,1128,1229,1330,1427,1536,1635,1745,1867,1967,2046,2147"
                    },
                    "to": {
                        "startLines": "2,3,4,5,6,7,8,9,10,11,12,13,14,15,16,17,18,19,20,39,40",
                        "startColumns": "4,4,4,4,4,4,4,4,4,4,4,4,4,4,4,4,4,4,4,4,4",
                        "startOffsets": "105,211,319,442,547,652,738,838,951,1028,1104,1183,1284,1385,1482,1591,1690,1800,1922,4778,4857",
                        "endColumns": "105,107,122,104,104,85,99,112,76,75,78,100,100,96,108,98,109,121,99,78,100",
                        "endOffsets": "206,314,437,542,647,733,833,946,1023,1099,1178,1279,1380,1477,1586,1685,1795,1917,2017,4852,4953"
                    }
                },
                {
                    "source": "C:\\Users\\rache\\.gradle\\caches\\transforms-1\\files-1.1\\play-services-basement-11.8.0.aar\\4156095f54a5b056d692bcb2b851cc07\\res\\values-pa\\values.xml",
                    "from": {
                        "startLines": "4",
                        "startColumns": "0",
                        "startOffsets": "283",
                        "endColumns": "209",
                        "endOffsets": "492"
                    },
                    "to": {
                        "startLines": "29",
                        "startColumns": "4",
                        "startOffsets": "3192",
                        "endColumns": "209",
                        "endOffsets": "3397"
                    }
                },
                {
                    "source": "C:\\Users\\rache\\.gradle\\caches\\transforms-1\\files-1.1\\play-services-base-11.8.0.aar\\f2632959cf334c052a45ac2e6c89af48\\res\\values-pa\\values.xml",
                    "from": {
                        "startLines": "4,5,6,7,8,9,10,11,12,13,14,15,16,17,18,19,20",
                        "startColumns": "0,0,0,0,0,0,0,0,0,0,0,0,0,0,0,0,0",
                        "startOffsets": "281,386,591,719,826,1032,1159,1298,1427,1648,1755,1959,2089,2301,2488,2580,2672",
                        "endColumns": "104,204,127,106,205,126,138,128,220,106,203,129,211,186,91,91,106",
                        "endOffsets": "385,590,718,825,1031,1158,1297,1426,1647,1754,1958,2088,2300,2487,2579,2671,2778"
                    },
                    "to": {
                        "startLines": "21,22,23,24,25,26,27,28,30,31,32,33,34,35,36,37,38",
                        "startColumns": "4,4,4,4,4,4,4,4,4,4,4,4,4,4,4,4,4",
                        "startOffsets": "2022,2131,2336,2468,2579,2785,2916,3059,3402,3623,3734,3938,4072,4284,4475,4571,4667",
                        "endColumns": "108,204,131,110,205,130,142,132,220,110,203,133,211,190,95,95,110",
                        "endOffsets": "2126,2331,2463,2574,2780,2911,3054,3187,3618,3729,3933,4067,4279,4470,4566,4662,4773"
                    }
                }
            ]
        }
    ]
}