{
    "logs": [
        {
            "outputFile": "C:\\Users\\rache\\AndroidStudioProjects\\SoftwareSpecifications\\app\\build\\intermediates\\incremental\\mergeDebugResources\\merged.dir\\values-fr\\values-fr.xml",
            "map": [
                {
                    "source": "C:\\Users\\rache\\.gradle\\caches\\transforms-1\\files-1.1\\play-services-base-11.8.0.aar\\f2632959cf334c052a45ac2e6c89af48\\res\\values-fr\\values.xml",
                    "from": {
                        "startLines": "4,5,6,7,8,9,10,11,12,13,14,15,16,17,18,19,20",
                        "startColumns": "0,0,0,0,0,0,0,0,0,0,0,0,0,0,0,0,0",
                        "startOffsets": "281,385,597,725,832,1062,1193,1340,1478,1715,1825,2041,2175,2394,2599,2698,2791",
                        "endColumns": "103,211,127,106,229,130,146,137,236,109,215,133,218,204,98,92,108",
                        "endOffsets": "384,596,724,831,1061,1192,1339,1477,1714,1824,2040,2174,2393,2598,2697,2790,2899"
                    },
                    "to": {
                        "startLines": "21,22,23,24,25,26,27,28,30,31,32,33,34,35,36,37,38",
                        "startColumns": "4,4,4,4,4,4,4,4,4,4,4,4,4,4,4,4,4",
                        "startOffsets": "2111,2219,2431,2563,2674,2904,3039,3190,3556,3793,3907,4123,4261,4480,4689,4792,4889",
                        "endColumns": "107,211,131,110,229,134,150,141,236,113,215,137,218,208,102,96,112",
                        "endOffsets": "2214,2426,2558,2669,2899,3034,3185,3327,3788,3902,4118,4256,4475,4684,4787,4884,4997"
                    }
                },
                {
                    "source": "C:\\Users\\rache\\.gradle\\caches\\transforms-1\\files-1.1\\play-services-basement-11.8.0.aar\\4156095f54a5b056d692bcb2b851cc07\\res\\values-fr\\values.xml",
                    "from": {
                        "startLines": "4",
                        "startColumns": "0",
                        "startOffsets": "283",
                        "endColumns": "223",
                        "endOffsets": "506"
                    },
                    "to": {
                        "startLines": "29",
                        "startColumns": "4",
                        "startOffsets": "3332",
                        "endColumns": "223",
                        "endOffsets": "3551"
                    }
                },
                {
                    "source": "C:\\Users\\rache\\.gradle\\caches\\transforms-1\\files-1.1\\appcompat-v7-26.1.0.aar\\090f1e383135fa7a576715b6cc6d265b\\res\\values-fr\\values-fr.xml",
                    "from": {
                        "startLines": "2,3,4,5,6,7,8,9,10,11,12,13,14,15,16,17,18,19,20,21,22",
                        "startColumns": "4,4,4,4,4,4,4,4,4,4,4,4,4,4,4,4,4,4,4,4,4",
                        "startOffsets": "55,166,274,397,512,623,705,811,941,1024,1104,1190,1300,1412,1515,1626,1733,1840,1962,2061,2147",
                        "endColumns": "110,107,122,114,110,81,105,129,82,79,85,109,111,102,110,106,106,121,98,85,100",
                        "endOffsets": "161,269,392,507,618,700,806,936,1019,1099,1185,1295,1407,1510,1621,1728,1835,1957,2056,2142,2243"
                    },
                    "to": {
                        "startLines": "2,3,4,5,6,7,8,9,10,11,12,13,14,15,16,17,18,19,20,39,40",
                        "startColumns": "4,4,4,4,4,4,4,4,4,4,4,4,4,4,4,4,4,4,4,4,4",
                        "startOffsets": "105,216,324,447,562,673,755,861,991,1074,1154,1240,1350,1462,1565,1676,1783,1890,2012,5002,5088",
                        "endColumns": "110,107,122,114,110,81,105,129,82,79,85,109,111,102,110,106,106,121,98,85,100",
                        "endOffsets": "211,319,442,557,668,750,856,986,1069,1149,1235,1345,1457,1560,1671,1778,1885,2007,2106,5083,5184"
                    }
                }
            ]
        },
        {
            "outputFile": "C:\\Users\\Daniel\\AndroidStudioProjects\\SoftwareSpecifications\\app\\build\\intermediates\\incremental\\mergeDebugResources\\merged.dir\\values-fr\\values-fr.xml",
            "map": [
                {
                    "source": "C:\\Users\\Daniel\\.gradle\\caches\\transforms-1\\files-1.1\\appcompat-v7-26.1.0.aar\\1f600b1218903c988bc8afd8c35bad62\\res\\values-fr\\values-fr.xml",
                    "from": {
                        "startLines": "2,3,4,5,6,7,8,9,10,11,12,13,14,15,16,17,18,19,20,21,22",
                        "startColumns": "4,4,4,4,4,4,4,4,4,4,4,4,4,4,4,4,4,4,4,4,4",
                        "startOffsets": "55,166,274,397,512,623,705,811,941,1024,1104,1190,1300,1412,1515,1626,1733,1840,1962,2061,2147",
                        "endColumns": "110,107,122,114,110,81,105,129,82,79,85,109,111,102,110,106,106,121,98,85,100",
                        "endOffsets": "161,269,392,507,618,700,806,936,1019,1099,1185,1295,1407,1510,1621,1728,1835,1957,2056,2142,2243"
                    },
                    "to": {
                        "startLines": "2,3,4,5,6,7,8,9,10,11,12,13,14,15,16,17,18,19,20,39,40",
                        "startColumns": "4,4,4,4,4,4,4,4,4,4,4,4,4,4,4,4,4,4,4,4,4",
                        "startOffsets": "105,216,324,447,562,673,755,861,991,1074,1154,1240,1350,1462,1565,1676,1783,1890,2012,5002,5088",
                        "endColumns": "110,107,122,114,110,81,105,129,82,79,85,109,111,102,110,106,106,121,98,85,100",
                        "endOffsets": "211,319,442,557,668,750,856,986,1069,1149,1235,1345,1457,1560,1671,1778,1885,2007,2106,5083,5184"
                    }
                },
                {
                    "source": "C:\\Users\\Daniel\\.gradle\\caches\\transforms-1\\files-1.1\\play-services-basement-11.8.0.aar\\b0e8a5874481ea38051cd2d8a9724518\\res\\values-fr\\values.xml",
                    "from": {
                        "startLines": "4",
                        "startColumns": "0",
                        "startOffsets": "283",
                        "endColumns": "223",
                        "endOffsets": "506"
                    },
                    "to": {
                        "startLines": "29",
                        "startColumns": "4",
                        "startOffsets": "3332",
                        "endColumns": "223",
                        "endOffsets": "3551"
                    }
                },
                {
                    "source": "C:\\Users\\Daniel\\.gradle\\caches\\transforms-1\\files-1.1\\play-services-base-11.8.0.aar\\aee9d84feeba86acb0e68eb689ed1b20\\res\\values-fr\\values.xml",
                    "from": {
                        "startLines": "4,5,6,7,8,9,10,11,12,13,14,15,16,17,18,19,20",
                        "startColumns": "0,0,0,0,0,0,0,0,0,0,0,0,0,0,0,0,0",
                        "startOffsets": "281,385,597,725,832,1062,1193,1340,1478,1715,1825,2041,2175,2394,2599,2698,2791",
                        "endColumns": "103,211,127,106,229,130,146,137,236,109,215,133,218,204,98,92,108",
                        "endOffsets": "384,596,724,831,1061,1192,1339,1477,1714,1824,2040,2174,2393,2598,2697,2790,2899"
                    },
                    "to": {
                        "startLines": "21,22,23,24,25,26,27,28,30,31,32,33,34,35,36,37,38",
                        "startColumns": "4,4,4,4,4,4,4,4,4,4,4,4,4,4,4,4,4",
                        "startOffsets": "2111,2219,2431,2563,2674,2904,3039,3190,3556,3793,3907,4123,4261,4480,4689,4792,4889",
                        "endColumns": "107,211,131,110,229,134,150,141,236,113,215,137,218,208,102,96,112",
                        "endOffsets": "2214,2426,2558,2669,2899,3034,3185,3327,3788,3902,4118,4256,4475,4684,4787,4884,4997"
                    }
                }
            ]
        }
    ]
}